method,trajectory_id,seed,final_best_fitness,nominal_fitness,optimized_fitness,improvement_ratio,absolute_DH_error_mean,theta_error,d_error,a_error,alpha_error,runtime_total,runtime_per_measurement,mean_Dx,min_Dx,mean_Dv,min_Dv,max_Dv,final_w,final_c1,final_c2,final_vmax_scale
PSO,smooth_sine,0,2.657653331756592,0.015039737336337566,0.0053153070621192455,2.8295142990932174,0.004621374420821667,0.00599247869104147,0.0027712162118405104,0.006015591323375702,0.0037062119226902723,6.415048837661743,0.012822672367095948,0.0009384946159596439,3.975779691245407e-05,0.0008992204750451492,4.416932642925531e-05,0.019156210124492645,nan,nan,nan,nan
PSO,smooth_sine,1,2.6415343284606934,0.020959820598363876,0.005283068865537643,3.967357066853387,0.006898203864693642,0.0042864736169576645,0.00392576027661562,0.005626102443784475,0.013754479587078094,6.35601019859314,0.012704754829406738,0.0007490672980195086,2.7281259463052265e-05,0.0007346319558244432,3.0249655537772924e-05,0.017880026251077652,nan,nan,nan,nan
PSO,smooth_sine,2,2.6595871448516846,0.012076321989297867,0.005319173913449049,2.2703378730979225,0.005939040333032608,0.005064941942691803,0.002307638991624117,0.0027164823841303587,0.013667099177837372,6.295003890991211,0.012582893371582032,0.0013546167347900336,6.115599535405636e-05,0.0013378223924839403,6.436253170249984e-05,0.018473433330655098,nan,nan,nan,nan
PSO,smooth_sine,3,2.5809645652770996,0.017525101080536842,0.005161929409950972,3.39506794625138,0.006132781505584717,0.010510411113500595,0.00735248439013958,0.0018036251422017813,0.00486460467800498,6.303854465484619,0.012600358486175536,0.0009612166557779346,7.5240568548906595e-06,0.0009781667380815635,7.772464414301794e-06,0.019278453662991524,nan,nan,nan,nan
PSO,smooth_sine,4,2.8561885356903076,0.02411685697734356,0.005712377373129129,4.221859902111617,0.006470316555351019,0.008997051976621151,0.002441180869936943,0.004933174699544907,0.00950985960662365,6.296191453933716,0.012585076332092285,0.0008552336336302688,2.6990433980245143e-05,0.0008809922270404058,2.6397188776172698e-05,0.0183476023375988,nan,nan,nan,nan
PSO,smooth_sine,5,2.6474008560180664,0.024160508066415787,0.0052948021329939365,4.563061557269992,0.007346719037741423,0.007362091448158026,0.005962503608316183,0.0026909250300377607,0.013371355831623077,6.307434320449829,0.012607614517211914,0.0009185288866618066,2.2612299289903603e-05,0.0009453290140314494,2.2686001102556475e-05,0.02036946266889572,nan,nan,nan,nan
PSO,smooth_sine,6,2.774473190307617,0.011148199439048767,0.005548946559429169,2.0090659226308363,0.007803832646459341,0.003364630974829197,0.007952358573675156,0.004734690301120281,0.01516365073621273,6.308957099914551,0.012610585212707519,0.0008975563338259235,2.5277669919887558e-05,0.0009097096090306877,3.612650471040979e-05,0.017893247306346893,nan,nan,nan,nan
PSO,smooth_sine,7,2.7796144485473633,0.01267763040959835,0.005559229291975498,2.2804654645020577,0.007430452853441238,0.009988505393266678,0.0024469951167702675,0.0030212104320526123,0.014265099540352821,6.3129847049713135,0.012618672370910645,0.0013152803560165921,5.542841972783208e-05,0.0013372751490038355,5.950977356405929e-05,0.018294785171747208,nan,nan,nan,nan
PSO,smooth_sine,8,2.9126081466674805,0.01499839499592781,0.005825216881930828,2.574735893946053,0.009323908016085625,0.004487848840653896,0.005333202891051769,0.0076355841010808945,0.01983899623155594,6.298404932022095,0.012589560985565186,0.0009831950015824987,6.346151349134743e-05,0.0009760809406725457,6.499276787508279e-05,0.017398297786712646,nan,nan,nan,nan
PSO,smooth_sine,9,2.961496353149414,0.008242773823440075,0.005922993179410696,1.391656815019359,0.009947247803211212,0.009003187529742718,0.00681406632065773,0.012661010026931763,0.011310729198157787,6.304270029067993,0.0126012544631958,0.0012401410674749058,5.553744631470181e-05,0.0012894235426560044,5.297862662700936e-05,0.01893145777285099,nan,nan,nan,nan
PSO,smooth_sine,10,2.592526912689209,0.01671908050775528,0.005185054149478674,3.224475584201234,0.005955538712441921,0.009948724880814552,0.006114675663411617,0.0010685676243156195,0.006690186448395252,6.297858715057373,0.012588344573974609,0.000933536006725626,1.8116104911314324e-05,0.0009106389976215723,1.833260466810316e-05,0.017999988049268723,nan,nan,nan,nan
PSO,smooth_sine,11,2.5373759269714355,0.012740551494061947,0.005074752029031515,2.510576166318298,0.005777997430413961,0.008886485360562801,0.0026983830612152815,0.0025608683936297894,0.008966252207756042,6.295329570770264,0.012583250522613526,0.0010487774900313526,1.8026465113507584e-05,0.001085759361944656,1.8718637875281274e-05,0.018087707459926605,nan,nan,nan,nan
PSO,smooth_sine,12,2.574474334716797,0.019283711910247803,0.005148949101567268,3.7451743122452132,0.008022445254027843,0.01080860011279583,0.007287921383976936,0.0061850338242948055,0.00780822616070509,6.283851385116577,0.012560227394104003,0.0008600565778648161,7.216824087663554e-06,0.0008620035589650797,7.232082225527847e-06,0.01749366521835327,nan,nan,nan,nan
PSO,smooth_sine,13,2.543827533721924,0.011258515529334545,0.005087655503302813,2.2129083861959056,0.006208380218595266,0.009164485149085522,0.0033848644234240055,0.0011393057648092508,0.011144867166876793,6.328037261962891,0.012648424148559571,0.0009612402498765732,3.443667810643092e-05,0.0009814031268600956,3.686867421492934e-05,0.018198993057012558,nan,nan,nan,nan
PSO,smooth_sine,14,2.6738858222961426,0.013951691798865795,0.005347772501409054,2.608879079128692,0.0060608102940022945,0.0055050975643098354,0.0019913953728973866,0.004460175987333059,0.01228657178580761,6.417984962463379,0.012828160285949707,0.000922695550195931,5.404310650192201e-05,0.0009241333845653571,5.334012530511245e-05,0.017651904374361038,nan,nan,nan,nan
PSO,smooth_sine,15,2.681244373321533,0.010152979753911495,0.00536248879507184,1.8933335139538465,0.006388719659298658,0.007077804766595364,0.006648816168308258,0.002677313983440399,0.009150943718850613,6.327346324920654,0.012647115230560302,0.00091444735475161,1.767137655406259e-05,0.0009258668154667248,1.841905941546429e-05,0.01838708110153675,nan,nan,nan,nan
PSO,smooth_sine,16,3.0916061401367188,0.015258131548762321,0.006183212623000145,2.467670526484168,0.010272066108882427,0.001682931906543672,0.005179024301469326,0.013188598677515984,0.021037708967924118,6.2926952838897705,0.01257764196395874,0.0014398141843790654,9.112293628277257e-05,0.0014598684392432915,9.774335194379091e-05,0.017770618200302124,nan,nan,nan,nan
PSO,smooth_sine,17,3.0441417694091797,0.02239331603050232,0.006088283844292164,3.6780998723468374,0.010360163636505604,0.010214241221547127,0.007478130981326103,0.017132069915533066,0.006616211496293545,6.28400993347168,0.012560274124145508,0.0013542957519304764,1.2543314369395375e-05,0.0013934105773412738,1.3508752090274356e-05,0.017936814576387405,nan,nan,nan,nan
PSO,smooth_sine,18,2.6418237686157227,0.010779408738017082,0.005283647682517767,2.040145253000759,0.00542850699275732,0.007105575874447823,0.0044509354047477245,0.0036158612929284573,0.006541653536260128,6.281696796417236,0.012555842399597167,0.0009966018443839856,1.0567636309133377e-05,0.001008599297933688,1.0649874639057089e-05,0.017518233507871628,nan,nan,nan,nan
PSO,smooth_sine,19,2.618070125579834,0.014590555801987648,0.005236140452325344,2.786509631442001,0.005493279080837965,0.011342925950884819,0.005631954874843359,0.002130020409822464,0.0028682153206318617,6.2768144607543945,0.012545963764190675,0.0009125505915944813,2.3360564227914438e-05,0.0009351266550504079,2.973548362206202e-05,0.018735568970441818,nan,nan,nan,nan
PSO,multi_frequency,0,2.6417157649993896,0.015084384009242058,0.005283431615680456,2.8550353456783277,0.004735518246889114,0.007556414231657982,0.006201617419719696,0.001064784126356244,0.0041192579083144665,6.275135517120361,0.012542745590209962,0.0009716909453738481,3.860675496980548e-05,0.0009913801067887107,3.859796925098635e-05,0.019156210124492645,nan,nan,nan,nan
PSO,multi_frequency,1,2.7144150733947754,0.020923959091305733,0.005428830627351999,3.854229488369899,0.007897092029452324,0.003294222056865692,0.008215660229325294,0.004028228111565113,0.01605025678873062,6.290347337722778,0.012573137760162353,0.00063068623457184,5.624788627756061e-06,0.0006366279716874488,5.913265340495855e-06,0.017710823565721512,nan,nan,nan,nan
PSO,multi_frequency,2,2.6339924335479736,0.011951453983783722,0.005267985165119171,2.2686954517103994,0.004997225943952799,0.0023707454092800617,0.0047792354598641396,0.0059709674678742886,0.006867955904453993,6.296083688735962,0.012584292888641357,0.0008702185561116494,2.814941581164021e-05,0.0008662840238619538,2.7979065635008737e-05,0.017449866980314255,nan,nan,nan,nan
PSO,multi_frequency,3,2.6088907718658447,0.01765170320868492,0.0052177817560732365,3.3829899435980093,0.008523705415427685,0.013960560783743858,0.00621552299708128,0.003933488391339779,0.009985248558223248,6.292196750640869,0.012576924800872804,0.0010179888799320906,2.0245190171408467e-05,0.0010196604232907702,2.1322550310287625e-05,0.018388986587524414,nan,nan,nan,nan
PSO,multi_frequency,4,2.7980709075927734,0.02482086606323719,0.005596142262220383,4.435352944974814,0.008005224168300629,0.010792260989546776,0.003965201787650585,0.004565681796520948,0.012697755359113216,6.287294626235962,0.012567273616790772,0.001077326376820929,8.781585165706929e-06,0.0010800083216454368,1.5350247849710286e-05,0.018413962796330452,nan,nan,nan,nan
PSO,multi_frequency,5,2.693589687347412,0.02460472099483013,0.0053871795535087585,4.567273236475787,0.006933734752237797,0.005794202908873558,0.004480522125959396,0.0025708815082907677,0.01488933153450489,6.2802956104278564,0.01255323076248169,0.0009893424675043207,1.167004847957287e-05,0.0009758996793836559,1.0489177839190233e-05,0.019931253045797348,nan,nan,nan,nan
PSO,multi_frequency,6,2.754441261291504,0.011178993619978428,0.00550888292491436,2.0292668717682387,0.009536540135741234,0.005926291458308697,0.00771497143432498,0.007619570940732956,0.01688532531261444,6.274236679077148,0.012541031360626221,0.0008398002314723271,1.2380557564029004e-05,0.0008591632477546227,1.0951725926133804e-05,0.017893247306346893,nan,nan,nan,nan
PSO,multi_frequency,7,2.8029379844665527,0.012554533779621124,0.005605876445770264,2.2395309459761195,0.005225711967796087,0.002852414269000292,0.0023839743807911873,0.002309209667146206,0.013357250019907951,6.2771875858306885,0.012546906471252442,0.001051409660731224,1.0030779776570853e-05,0.0010222757761443064,1.1267276931903325e-05,0.018184829503297806,nan,nan,nan,nan
PSO,multi_frequency,8,2.604187250137329,0.014980282634496689,0.005208374932408333,2.8761912936190757,0.007211035117506981,0.009990334510803223,0.005708281882107258,0.0020384392701089382,0.011107086203992367,6.291598320007324,0.012575632572174072,0.0008017848205809059,4.880689175479347e-06,0.0008138836702175468,5.241467533778632e-06,0.01892855018377304,nan,nan,nan,nan
PSO,multi_frequency,9,2.5605993270874023,0.00820223055779934,0.005121198948472738,1.6016231043407203,0.008644919842481613,0.011773331090807915,0.0066246148198843,0.004722085781395435,0.011459646746516228,6.292050361633301,0.012576597690582276,0.000950467566448242,4.985251507605426e-06,0.0009686511878097008,5.392523689806694e-06,0.01893145777285099,nan,nan,nan,nan
PSO,multi_frequency,10,2.6262550354003906,0.016599440947175026,0.00525251030921936,3.16028717126727,0.006380160804837942,0.005398200824856758,0.005702990107238293,0.004416276700794697,0.010003175586462021,6.277102470397949,0.012546894073486328,0.0007703750808257609,1.8549053493188694e-05,0.0007883828195503156,2.0638148271245882e-05,0.017912324517965317,nan,nan,nan,nan
PSO,multi_frequency,11,2.710012435913086,0.013071049004793167,0.00542002497240901,2.41162154627187,0.007694130297750235,0.01724041998386383,0.004069227259606123,0.004514534026384354,0.004952338058501482,6.3222575187683105,0.012636666297912597,0.0008813301556081569,1.7247670257347636e-05,0.00089049893591,1.627823439775966e-05,0.017254170030355453,nan,nan,nan,nan
PSO,multi_frequency,12,3.7156386375427246,0.018945185467600822,0.00743127753958106,2.5493847278201454,0.015276938676834106,0.02676873281598091,0.007558328099548817,0.004924486391246319,0.021856209263205528,6.300311088562012,0.012592858791351318,0.0013330588560944306,3.2237046980299056e-05,0.0013536535903447657,3.49942893080879e-05,0.01557623315602541,nan,nan,nan,nan
PSO,multi_frequency,13,2.5116524696350098,0.01104850322008133,0.005023305304348469,2.199448878911878,0.004223685711622238,0.0035607244353741407,0.005089353770017624,0.005316656082868576,0.0029280073940753937,6.299816608428955,0.01259203863143921,0.0007575450861801073,8.702658305992372e-06,0.0007814707850571722,8.80643528944347e-06,0.01839248649775982,nan,nan,nan,nan
PSO,multi_frequency,14,2.640369415283203,0.013483589515089989,0.005280739162117243,2.5533526843776015,0.006041951477527618,0.004273296799510717,0.004259907640516758,0.0040556397289037704,0.011578962206840515,6.29795241355896,0.012588124752044677,0.0006401400122857012,9.106471225095447e-06,0.0006546243333970779,9.937641152646393e-06,0.018894240260124207,nan,nan,nan,nan
PSO,multi_frequency,15,2.6024935245513916,0.010137712582945824,0.005204987246543169,1.94769210811778,0.004883379675447941,0.0032064146362245083,0.005658992566168308,0.0030571571551263332,0.007610953412950039,6.307020664215088,0.012606324195861817,0.0007724039960983646,9.528177542961203e-06,0.0007912280882315827,8.953738870332018e-06,0.017945460975170135,nan,nan,nan,nan
PSO,multi_frequency,16,2.5562386512756348,0.01593276485800743,0.005112477578222752,3.116446891791774,0.010374610312283039,0.010968461632728577,0.00610477477312088,0.007529399823397398,0.016895804554224014,6.307533025741577,0.012607467651367188,0.0009679037328489357,1.3955239410279319e-05,0.0009912992153280357,1.495755077485228e-05,0.017647482454776764,nan,nan,nan,nan
PSO,multi_frequency,17,2.6423730850219727,0.022828133776783943,0.005284746643155813,4.319626903277999,0.006221417337656021,0.009100240655243397,0.0032282411120831966,0.001017209840938449,0.011539979837834835,6.308542728424072,0.012609393119812011,0.0007757778467632307,1.765067281667143e-05,0.0007974009841265797,1.6904505173442885e-05,0.018080227077007294,nan,nan,nan,nan
PSO,multi_frequency,18,2.917356252670288,0.011078739538788795,0.0058347126469016075,1.8987635225998507,0.013605508022010326,0.011106009595096111,0.008360287174582481,0.00984596274793148,0.025109773501753807,6.307957649230957,0.012608283519744874,0.0009374174055712502,8.555745807825588e-06,0.0009227244817095198,9.599775694368873e-06,0.017442870885133743,nan,nan,nan,nan
PSO,multi_frequency,19,2.670597553253174,0.014754727482795715,0.005341195501387119,2.76243913538905,0.006087528541684151,0.003840917721390724,0.00682763010263443,0.005742243491113186,0.007939323782920837,6.31467080116272,0.012621612548828124,0.0013612059785067685,5.305905142449774e-05,0.00133785038414062,6.570561527041718e-05,0.018735568970441818,nan,nan,nan,nan
PSO,slow_sine,0,2.6650888919830322,0.015345421619713306,0.005330177955329418,2.8789698483462587,0.0089474618434906,0.016292355954647064,0.006284346338361502,0.007800024002790451,0.0054131196811795235,6.336277961730957,0.012664824008941651,0.0005826326828591846,1.2589949619723484e-05,0.0005785021978310397,1.3738616871705744e-05,0.019156210124492645,nan,nan,nan,nan
PSO,slow_sine,1,2.553372383117676,0.022914791479706764,0.005106744822114706,4.4871620333317805,0.0073785725980997086,0.00756463035941124,0.0055882250890135765,0.007722771726548672,0.008638665080070496,6.292971611022949,0.012578409194946289,0.0007024631958993268,1.706505827314686e-05,0.0007019242729897087,1.6616912034805864e-05,0.01857485994696617,nan,nan,nan,nan
PSO,slow_sine,2,2.7023749351501465,0.012781606987118721,0.0054047503508627415,2.3648838812838853,0.00699472613632679,0.008243954740464687,0.005133596248924732,0.004690471570938826,0.009910881519317627,6.2845330238342285,0.012561451435089112,0.0006951138081658428,6.001433575875126e-06,0.0006843524626017825,7.5690845733333845e-06,0.019348692148923874,nan,nan,nan,nan
PSO,slow_sine,3,2.740687370300293,0.016669724136590958,0.00548137491568923,3.0411574455302337,0.009113403037190437,0.01076134480535984,0.0063707903027534485,0.009037211537361145,0.010284263640642166,6.293363094329834,0.012579171180725098,0.0010163709942378773,1.3505432434612885e-05,0.0010076048334922234,1.6214900824707e-05,0.019069887697696686,nan,nan,nan,nan
PSO,slow_sine,4,2.741900682449341,0.027573073282837868,0.005483801476657391,5.028094725931768,0.007150865159928799,0.0072237043641507626,0.0019850870594382286,0.010354417376220226,0.00904025137424469,6.326282501220703,0.012644866466522216,0.0011357044908305398,1.062967385223601e-05,0.0010972744851864263,1.0819519957294688e-05,0.018327049911022186,nan,nan,nan,nan
PSO,slow_sine,5,2.6556625366210938,0.02233785204589367,0.005311325192451477,4.20570219982774,0.0074333008378744125,0.009938159957528114,0.005331970285624266,0.0036626800429075956,0.010800395160913467,6.412509202957153,0.012817250728607179,0.0008914650415110373,5.895035428693518e-06,0.0009033414940151488,5.478926595969824e-06,0.020365925505757332,nan,nan,nan,nan
PSO,slow_sine,6,2.6133618354797363,0.010013172402977943,0.005226724315434694,1.9157644059030827,0.00788930058479309,0.006516021676361561,0.005403885152190924,0.007332536391913891,0.012304759584367275,6.309828281402588,0.012611724853515626,0.000920761617613607,5.250144749879837e-05,0.0009011405406432459,4.8814385081641376e-05,0.017655860632658005,nan,nan,nan,nan
PSO,slow_sine,7,2.7701191902160645,0.0134307025000453,0.005540238693356514,2.424210082527763,0.01374401431530714,0.011833546683192253,0.005339772906154394,0.018157636746764183,0.019645102322101593,6.323421478271484,0.012639084339141845,0.0009052243000234739,1.4316863598651253e-05,0.0008553215077379718,1.616833105799742e-05,0.018404744565486908,nan,nan,nan,nan
PSO,slow_sine,8,2.562520980834961,0.012190083041787148,0.005125042051076889,2.3785332725661696,0.007213843520730734,0.005339357070624828,0.0029849796555936337,0.007869100198149681,0.012661936692893505,6.292017221450806,0.012576432704925537,0.0005683400053145306,1.9348939531482756e-05,0.0005510420299142425,2.241923357360065e-05,0.017398297786712646,nan,nan,nan,nan
PSO,slow_sine,9,2.5587244033813477,0.008823462761938572,0.005117448978126049,1.7241916430732296,0.004942730069160461,0.0038135673385113478,0.00286637875251472,0.006784692406654358,0.0063062808476388454,6.277585744857788,0.012547666549682618,0.0006400010075610225,3.3870601328089833e-06,0.0006477006624249953,2.658177891134983e-06,0.018680505454540253,nan,nan,nan,nan
PSO,slow_sine,10,2.5412344932556152,0.015985364094376564,0.005082469899207354,3.1451960191381736,0.007738075219094753,0.013379516080021858,0.005833812057971954,0.0017287295777350664,0.010010244324803352,6.276045799255371,0.012544506549835206,0.0006113437051990332,1.0089850547956303e-05,0.0006073475164368574,1.1125400305900257e-05,0.01871183142066002,nan,nan,nan,nan
PSO,slow_sine,11,2.5915331840515137,0.014225959777832031,0.0051830667071044445,2.7446993414791416,0.007569839712232351,0.007998200133442879,0.006523981690406799,0.0053963675163686275,0.010360810905694962,6.275222301483154,0.012542763233184814,0.0006055395240940924,5.55016868020175e-06,0.0005813502854733087,6.329800271487329e-06,0.017544381320476532,nan,nan,nan,nan
PSO,slow_sine,12,2.628512382507324,0.015596545301377773,0.005257024895399809,2.966800730775619,0.008113190531730652,0.012384094297885895,0.00517463032156229,0.004379395395517349,0.010514642111957073,6.286245584487915,0.012564910888671874,0.0010403855564829429,1.945435542438645e-05,0.0010380719755361497,2.106789906974882e-05,0.019746053963899612,nan,nan,nan,nan
PSO,slow_sine,13,2.5892977714538574,0.00993469450622797,0.005178595893085003,1.918414703779803,0.007141049951314926,0.005366844590753317,0.006281412206590176,0.007148816250264645,0.00976712629199028,6.304707288742065,0.012601686000823975,0.0006334536452719476,3.141660999972373e-05,0.000633900352200726,3.644751268438995e-05,0.017633697018027306,nan,nan,nan,nan
PSO,slow_sine,14,2.632056713104248,0.014019730500876904,0.005264113657176495,2.663265159893346,0.006793849170207977,0.005996081046760082,0.006413401570171118,0.0054855505004525185,0.009280364029109478,6.299658536911011,0.012591467380523682,0.0007594622091499332,4.782354608323658e-06,0.0007596046439031852,5.645279088639654e-06,0.016398070380091667,nan,nan,nan,nan
PSO,slow_sine,15,2.658238172531128,0.010914337821304798,0.005316476803272963,2.0529268207444535,0.009219540283083916,0.0053904009982943535,0.006786137819290161,0.01032303087413311,0.014378591440618038,6.315051078796387,0.012622324943542481,0.0009009795601548831,1.23379259093781e-05,0.0008654807346207235,1.225351843459066e-05,0.019153906032443047,nan,nan,nan,nan
PSO,slow_sine,16,2.5575509071350098,0.017141886055469513,0.005115102045238018,3.351230513852214,0.010959738865494728,0.011381393298506737,0.009672507643699646,0.009249886497855186,0.013535167090594769,6.30239200592041,0.012597022533416748,0.001063666205565096,3.001292861881666e-05,0.0010371832216362236,3.4851320378948e-05,0.017770618200302124,nan,nan,nan,nan
PSO,slow_sine,17,2.523678779602051,0.02423805370926857,0.005047357641160488,4.80212725795586,0.006053640507161617,0.0069043911062181,0.006556087639182806,0.0018315555062144995,0.008922526612877846,6.299894094467163,0.012591785430908203,0.0010076824149724416,9.909508662531152e-06,0.0009696441053481976,1.0776716408145148e-05,0.017964346334338188,nan,nan,nan,nan
PSO,slow_sine,18,2.6612050533294678,0.013724785298109055,0.005322410259395838,2.5786785740314193,0.008009249344468117,0.004645942244678736,0.0062682973220944405,0.004300785716623068,0.01682197116315365,6.315781593322754,0.012623621463775634,0.0009668802674110339,1.1253840057179332e-05,0.0009661531954872772,1.2070440789102577e-05,0.017368027940392494,nan,nan,nan,nan
PSO,slow_sine,19,2.60897159576416,0.016367118805646896,0.005217943340539932,3.136699219879473,0.005818414501845837,0.005312660709023476,0.0053466735407710075,0.005619301926344633,0.006995021365582943,6.355259895324707,0.012702276229858398,0.0009338775235970388,3.101357287960127e-05,0.0008918813660624437,3.086108699790202e-05,0.019175201654434204,nan,nan,nan,nan
PSO,aggressive_sine,0,2.6423959732055664,0.015385807491838932,0.005284792277961969,2.911336280140858,0.005353525280952454,0.010237598791718483,0.003664458869025111,0.0014187097549438477,0.006093332078307867,6.308029651641846,0.012607941627502442,0.0008007092126013049,3.1540364489046624e-06,0.0007996424926677719,3.929419108317234e-06,0.019328594207763672,nan,nan,nan,nan
PSO,aggressive_sine,1,7.175559997558594,0.02204652689397335,0.014351120218634605,1.536223413789429,0.014658501371741295,0.018886789679527283,0.012752003036439419,0.013568761758506298,0.013426445424556732,6.350510358810425,0.012692962646484375,0.0016376782183942851,4.333308606874198e-05,0.00166575879684533,4.497740155784413e-05,0.016646280884742737,nan,nan,nan,nan
PSO,aggressive_sine,2,2.634079694747925,0.013654648326337337,0.0052681597881019115,2.5919199256590946,0.00597971398383379,0.010159242898225784,0.006612697150558233,0.0036545931361615658,0.0034923225175589323,6.316637754440308,0.01262519359588623,0.0009334567986914408,6.145309271232691e-06,0.0009632461414494174,5.075311491964385e-06,0.018002044409513474,nan,nan,nan,nan
PSO,aggressive_sine,3,2.5933384895324707,0.016014711931347847,0.005186677444726229,3.0876629792414554,0.00567443436011672,0.006258772220462561,0.0035704164765775204,0.0036179039161652327,0.009250643663108349,6.277177095413208,0.012546433448791503,0.0009109715062364558,5.348829745344119e-06,0.0009321630308599197,5.633855835185386e-06,0.01863992214202881,nan,nan,nan,nan
PSO,aggressive_sine,4,2.6267709732055664,0.022721795365214348,0.005253542214632034,4.3250428828629515,0.0034902673214673996,0.005242104642093182,0.0027002000715583563,0.0006880119908601046,0.0053307535126805305,6.309727668762207,0.012611437320709228,0.0007754172193759586,2.235065767308697e-05,0.0007733798335022585,2.545958705013618e-05,0.016249507665634155,nan,nan,nan,nan
PSO,aggressive_sine,5,2.5723986625671387,0.02273814007639885,0.005144797265529633,4.419637723870168,0.003482758766040206,0.0006541381007991731,0.004359769634902477,0.000834978127386421,0.008082149550318718,6.404871940612793,0.012801235675811767,0.0007732368399723782,7.82553615863435e-06,0.0007848767219064029,9.348426829092205e-06,0.019619159400463104,nan,nan,nan,nan
PSO,aggressive_sine,6,3.098919630050659,0.010748608037829399,0.006197839509695768,1.7342507854574978,0.009561276063323021,0.006793742999434471,0.006903990637511015,0.002115793526172638,0.02243157848715782,6.391383171081543,0.012774303436279296,0.00106295171767415,4.191561311017722e-05,0.0010834840217212331,4.46687190560624e-05,0.018360018730163574,nan,nan,nan,nan
PSO,aggressive_sine,7,2.849392890930176,0.013134665787220001,0.005698786117136478,2.3048181695613272,0.004890976939350367,0.00236002029851079,0.003345175413414836,0.009497858583927155,0.004360853228718042,6.30203652381897,0.01259611177444458,0.0007298788985583087,1.0101251973537728e-05,0.0007499119567186426,9.682251402409747e-06,0.018854044377803802,nan,nan,nan,nan
PSO,aggressive_sine,8,2.532963752746582,0.01475795079022646,0.0050659277476370335,2.9131783012717074,0.00504051148891449,0.0035137131344527006,0.0060219052247703075,0.005498248618096113,0.005128180142492056,6.32692551612854,0.012645740509033204,0.0008978639840386677,6.223875061550643e-06,0.0009205741244564706,5.334075012797257e-06,0.01818651705980301,nan,nan,nan,nan
PSO,aggressive_sine,9,4.5652079582214355,0.008800804615020752,0.009130416437983513,0.9638995849530433,0.009947357699275017,0.008939361199736595,0.009667893871665001,0.013749840669333935,0.0074323369190096855,6.335521936416626,0.012662620544433593,0.00112550389678363,4.330916635808535e-05,0.0011531797850650037,5.0024809752358124e-05,0.017965175211429596,nan,nan,nan,nan
PSO,aggressive_sine,10,2.8570597171783447,0.01650572381913662,0.005714119877666235,2.888585499168404,0.009968029335141182,0.011857427656650543,0.006348933558911085,0.010401733219623566,0.011264024302363396,6.3266754150390625,0.01264537239074707,0.00109627228048048,2.315862184332218e-05,0.0011168188692499824,1.9799612346105278e-05,0.017300982028245926,nan,nan,nan,nan
PSO,aggressive_sine,11,8.640859603881836,0.01224487368017435,0.01728172041475773,0.7085448315503263,0.01723376289010048,0.020666882395744324,0.011603716760873795,0.018966838717460632,0.017697609961032867,6.320690393447876,0.012633405208587646,0.0010001607571932254,6.990351539570838e-05,0.0009522396020562156,7.642566924914718e-05,0.015620824880897999,nan,nan,nan,nan
PSO,aggressive_sine,12,2.7738237380981445,0.01994498446583748,0.005547647830098867,3.5952145984511836,0.007255068980157375,0.01064702682197094,0.0030126753263175488,0.010559385642409325,0.004801188595592976,6.318514347076416,0.012628860473632812,0.0008229890961934871,1.6467625755467452e-05,0.000831557062282809,1.5616024029441178e-05,0.018753141164779663,nan,nan,nan,nan
PSO,aggressive_sine,13,2.7260653972625732,0.01176640298217535,0.005452130921185017,2.158129207142724,0.006690946873277426,0.0028542904183268547,0.003388662589713931,0.0032494766637682915,0.017271358519792557,6.359850883483887,0.012711394309997558,0.0007045236050253152,3.377428129169857e-06,0.0007312154251572793,4.340496161603369e-06,0.018698271363973618,nan,nan,nan,nan
PSO,aggressive_sine,14,3.9195079803466797,0.014098839834332466,0.007839016616344452,1.7985470020482162,0.009781625121831894,0.017096607014536858,0.001977371983230114,0.003700487082824111,0.016352033242583275,6.330361604690552,0.012652495384216308,0.001275496519121225,3.3456875826232135e-05,0.0013021161990822293,3.751728218048811e-05,0.01834286004304886,nan,nan,nan,nan
PSO,aggressive_sine,15,2.9101738929748535,0.011016798205673695,0.005820347927510738,1.892807499290749,0.006376774050295353,0.002501589013263583,0.004144714213907719,0.010612393729388714,0.008248398080468178,6.319957733154297,0.012632165431976318,0.001019237854237872,2.1340947569115087e-05,0.0010343908307360835,2.3628046619705856e-05,0.01805759407579899,nan,nan,nan,nan
PSO,aggressive_sine,16,2.6446852684020996,0.0161407683044672,0.005289370659738779,3.051547970976254,0.008467303588986397,0.008401275612413883,0.0019215438514947891,0.009029828943312168,0.014516562223434448,6.307089805603027,0.01260634422302246,0.0007840004634948855,7.5830148489330895e-06,0.0007872065362917055,8.07285414339276e-06,0.018554244190454483,nan,nan,nan,nan
PSO,aggressive_sine,17,2.552147388458252,0.022993169724941254,0.00510429497808218,4.50467103168485,0.004924813285470009,0.0031041500624269247,0.0056435056030750275,0.0006910347146913409,0.010260563343763351,6.335931301116943,0.012663529872894288,0.0009450071737337566,2.1317067876225337e-05,0.0009939003956700616,2.3488661099690944e-05,0.018477845937013626,nan,nan,nan,nan
PSO,aggressive_sine,18,2.587574005126953,0.011726200580596924,0.005175148136913776,2.2658676177702417,0.0039072465151548386,0.007375714834779501,0.004040829371660948,0.001919934875331819,0.0022925077937543392,6.34486198425293,0.012681453227996827,0.0008654434436797601,1.2248829079908319e-05,0.0008710474230891123,1.1592831469897646e-05,0.017565306276082993,nan,nan,nan,nan
PSO,aggressive_sine,19,2.6935386657714844,0.014580590650439262,0.005387077108025551,2.7065865882479043,0.006604555994272232,0.007657475303858519,0.003067917888984084,0.0104920519515872,0.005200779996812344,6.407398223876953,0.012806422233581543,0.0008071172440817463,1.4036676475370768e-05,0.0008280827675858746,1.55741745402338e-05,0.018051154911518097,nan,nan,nan,nan
PSO,random_smooth,0,2.5706982612609863,0.009040974080562592,0.005141397472470999,1.7584662786667267,0.002293013036251068,0.0032753590494394302,0.0013593423645943403,0.0004955405602231622,0.004041810519993305,6.405167818069458,0.012803071975708008,0.0006670573168627015,5.201132807997055e-06,0.0006870250224625124,4.502177944232244e-06,0.020018473267555237,nan,nan,nan,nan
PSO,random_smooth,1,2.689213514328003,0.015223011374473572,0.00537842744961381,2.830383326183314,0.003907460253685713,0.0041331141255795956,0.001987078692764044,0.0022088102996349335,0.007300837896764278,6.3196775913238525,0.012632078170776367,0.0009653714308406052,2.9860742870368995e-05,0.000967910445589223,3.2380376069340855e-05,0.017642240971326828,nan,nan,nan,nan
PSO,random_smooth,2,2.5765221118927,0.018666371703147888,0.00515304459258914,3.6223966953425872,0.003299970179796219,0.0030050822533667088,0.005528434179723263,0.0012651487486436963,0.0034012156538665295,6.308138132095337,0.012609062671661377,0.0011716814129191335,2.7260673959972337e-05,0.0012120270723899012,2.586078699096106e-05,0.018495939671993256,nan,nan,nan,nan
PSO,random_smooth,3,2.593015193939209,0.007197811268270016,0.005186030641198158,1.3879230120798254,0.004382087849080563,0.0015318682417273521,0.006572512909770012,0.0026761069893836975,0.006747862324118614,6.307959318161011,0.0126086163520813,0.000881270306445731,1.0395326171419583e-05,0.0008960653058624303,1.0654915968189016e-05,0.01717962883412838,nan,nan,nan,nan
PSO,random_smooth,4,2.6468634605407715,0.008941370993852615,0.00529372738674283,1.6890501419178932,0.006545345298945904,0.008916940540075302,0.007826631888747215,0.0003704564878717065,0.009067350998520851,6.308731317520142,0.01261003065109253,0.0007610572955019961,4.7364951569761615e-06,0.0007770427250348803,5.019382115278859e-06,0.018388863652944565,nan,nan,nan,nan
PSO,random_smooth,5,2.5819802284240723,0.010938677005469799,0.005163960624486208,2.1182727369378713,0.00280775036662817,0.0010907400865107775,0.005920970346778631,0.0010825388599187136,0.003136752173304558,6.299907207489014,0.012592435836791992,0.0011117203646943382,9.187127943732776e-06,0.0011299448205085354,1.036359572026413e-05,0.01535748690366745,nan,nan,nan,nan
PSO,random_smooth,6,2.5888705253601074,0.019628193229436874,0.005177740938961506,3.7908797409577777,0.002919721882790327,0.00550184678286314,0.002034627366811037,0.0009190232376568019,0.0032233907841145992,6.306707143783569,0.012606116771697998,0.0009188213449899194,5.02532839163905e-06,0.0009497186807548132,5.425724793894915e-06,0.018901117146015167,nan,nan,nan,nan
PSO,random_smooth,7,2.633392572402954,0.008221260271966457,0.005266785621643066,1.5609635292886082,0.003959739580750465,0.009059364907443523,0.002403617836534977,0.0018111846875399351,0.0025647911243140697,6.300759315490723,0.012594143390655517,0.0012809711976995459,4.501463990891352e-05,0.001307979798229644,4.6746798034291714e-05,0.018273085355758667,nan,nan,nan,nan
PSO,random_smooth,8,2.5762665271759033,0.012847407720983028,0.005152532830834389,2.493415984484382,0.003912967164069414,0.006107707973569632,0.005256887059658766,0.000845335132908076,0.003441937966272235,6.30164647102356,0.01259600305557251,0.0007755584043028648,1.180776052933652e-05,0.0007850929822652688,1.1699159585987218e-05,0.018396884202957153,nan,nan,nan,nan
PSO,random_smooth,9,2.6295533180236816,0.011095722205936909,0.005259106867015362,2.1098111307698018,0.003284027799963951,0.004167722072452307,0.0012781268451362848,0.0006551793194375932,0.007035083137452602,6.30022931098938,0.012593026161193848,0.0008770164542325801,9.453448001295328e-06,0.0008883340592339664,1.0782599929370917e-05,0.017092503607273102,nan,nan,nan,nan
PSO,random_smooth,10,2.6297144889831543,0.007735643535852432,0.005259430035948753,1.470814039349987,0.003740886924788356,0.005562059581279755,0.007742421701550484,0.0004706993349827826,0.0011883669067174196,6.328623294830322,0.012649725437164307,0.0007192928829981611,5.663865522365086e-06,0.0007144190496645024,5.733555553888436e-06,0.01632058620452881,nan,nan,nan,nan
PSO,random_smooth,11,2.778874158859253,0.00952437985688448,0.00555774848908186,1.713711924099305,0.0037224970292299986,0.0017991787753999233,0.0024189092218875885,0.007393404841423035,0.003278495743870735,6.3070900440216064,0.01260671615600586,0.0010558657774625317,6.332349585136399e-06,0.0010939317667161958,7.108048976078862e-06,0.018492523580789566,nan,nan,nan,nan
PSO,random_smooth,12,2.5470471382141113,0.014134278520941734,0.005094094667583704,2.7746399396315273,0.00432497588917613,0.002937175100669265,0.006886829622089863,0.0005011118482798338,0.0069747865200042725,6.340614557266235,0.012673426628112792,0.0012871174196134234,1.4708190974488389e-05,0.001296595786675607,1.2758850061800331e-05,0.01894262060523033,nan,nan,nan,nan
PSO,random_smooth,13,2.6075873374938965,0.01487443782389164,0.005215174984186888,2.8521454925276597,0.004317237064242363,0.007984334602952003,0.004229699727147818,0.000818094122223556,0.0042368206195533276,6.330712795257568,0.012653817176818847,0.0009356748388105188,8.739603799767792e-06,0.0009346879703887681,9.171286365017295e-06,0.018863491714000702,nan,nan,nan,nan
PSO,random_smooth,14,2.6500582695007324,0.022129042074084282,0.00530011672526598,4.1751990043150915,0.005218494683504105,0.00900457426905632,0.007459904532879591,0.001113418024033308,0.0032960809767246246,6.399432897567749,0.012791209697723389,0.0012593318534141872,2.820121153490618e-05,0.0012842574102440267,3.3424916182411835e-05,0.017899759113788605,nan,nan,nan,nan
PSO,random_smooth,15,2.5473575592041016,0.020930428057909012,0.005094715394079685,4.108262471782274,0.003357779234647751,0.0028155501931905746,0.005095509346574545,0.0016014421125873923,0.00391861516982317,6.305494785308838,0.012603319644927979,0.0010118893481641863,9.176230378216133e-06,0.0010388488250340742,1.0122625099029392e-05,0.018881667405366898,nan,nan,nan,nan
PSO,random_smooth,16,2.7362804412841797,0.010898185893893242,0.005472561344504356,1.9914232491587134,0.00477557210251689,0.0029578395187854767,0.003850023029372096,0.0013130217557772994,0.010981403291225433,6.307515859603882,0.012607563495635986,0.0008857999991952965,2.2554999304702505e-05,0.0009074737956601893,2.3594820959260687e-05,0.018587850034236908,nan,nan,nan,nan
PSO,random_smooth,17,2.593376636505127,0.014411384239792824,0.005186753813177347,2.7784978348460636,0.004205894656479359,0.006604424677789211,0.005975793581455946,0.0012268921127542853,0.0030164681375026703,6.312763214111328,0.012618106365203857,0.001107553442756398,6.008503078192007e-06,0.001098621736747009,7.246922905324027e-06,0.017371954396367073,nan,nan,nan,nan
PSO,random_smooth,18,2.6484813690185547,0.00832311250269413,0.0052969628013670444,1.5712990282933637,0.0024784160777926445,0.004833990707993507,0.0014073518104851246,0.0007518891943618655,0.0029204320162534714,6.3330488204956055,0.012658585548400879,0.000766611337795166,1.5873901020313497e-06,0.0007883120493778733,1.6091931911432766e-06,0.018451090902090073,nan,nan,nan,nan
PSO,random_smooth,19,2.583402395248413,0.024314062669873238,0.005166804883629084,4.705821724933305,0.0032138447277247906,0.0027625467628240585,0.004320735577493906,0.0014132983051240444,0.004358797799795866,6.351946115493774,0.01269615936279297,0.0009475010217160161,9.164377843262628e-06,0.0009684345835616114,8.575854735681787e-06,0.01799001917243004,nan,nan,nan,nan
APSO,smooth_sine,0,2.6588597297668457,0.015039737336337566,0.005317719653248787,2.828230579464498,0.005071932449936867,0.010008428245782852,0.003545864950865507,0.004197562579065561,0.0025358747225254774,6.897006273269653,0.013786767959594727,0.0023639262629672887,0.0005169865326024592,0.003230838924925774,0.000654947361908853,0.01824008859694004,nan,nan,nan,nan
APSO,smooth_sine,1,2.4800333976745605,0.020959820598363876,0.004960067104548216,4.225713111652143,0.004764406010508537,0.0034447896759957075,0.0032811216078698635,0.0026374529115855694,0.009694261476397514,6.854928493499756,0.013702455997467042,0.0019904279269860126,0.00030130345840007067,0.0026013302549836225,0.00040437508141621947,0.018041443079710007,nan,nan,nan,nan
APSO,smooth_sine,2,2.5864765644073486,0.012076321989297867,0.005172953475266695,2.3345120049963843,0.004052115138620138,0.0037185184191912413,0.004069458693265915,0.00340132019482553,0.005019163712859154,6.853088140487671,0.013698729038238525,0.002602881452755537,0.0003305971040390432,0.0034583231890457683,0.0004542282549664378,0.018289461731910706,nan,nan,nan,nan
APSO,smooth_sine,3,2.577289581298828,0.017525101080536842,0.005154579412192106,3.399909028287505,0.00654775183647871,0.009492863900959492,0.006569898687303066,0.002075072843581438,0.008053171448409557,6.860651254653931,0.013713778018951416,0.0023080604516202584,0.00027213915018364787,0.0030615680643706583,0.00035708784707821906,0.019032716751098633,nan,nan,nan,nan
APSO,smooth_sine,4,2.79404878616333,0.02411685697734356,0.005588097497820854,4.315754509785883,0.005736527498811483,0.010666923597455025,0.002722185803577304,0.003584155347198248,0.005972845014184713,6.851494789123535,0.013695427894592285,0.002496934652037453,0.00048317547771148384,0.003328089547669515,0.0006525606731884181,0.018641259521245956,nan,nan,nan,nan
APSO,smooth_sine,5,2.561850070953369,0.024160508066415787,0.0051237004809081554,4.715441145797311,0.004275382496416569,0.0031653577461838722,0.004666260443627834,0.00430421344935894,0.004965697880834341,6.853109121322632,0.013698672771453858,0.00232073422052199,0.00037983356742188334,0.0032118938862113282,0.0004322559689171612,0.019416965544223785,nan,nan,nan,nan
APSO,smooth_sine,6,2.596367835998535,0.011148199439048767,0.005192735698074102,2.1468836634961885,0.005011135246604681,0.004234956577420235,0.0030571462120860815,0.004690212197601795,0.008062226697802544,6.852540493011475,0.013697449684143066,0.00238494129339233,0.0002743029617704451,0.003188960537360981,0.0003891665837727487,0.01730593666434288,nan,nan,nan,nan
APSO,smooth_sine,7,2.6674587726593018,0.01267763040959835,0.005334917921572924,2.3763496638502235,0.004976571537554264,0.004804481752216816,0.001363776158541441,0.001766603672876954,0.011971424333751202,6.857376337051392,0.013706882476806641,0.0025167643043445425,0.0007047020480968058,0.003402364826994017,0.000918824109248817,0.0176662839949131,nan,nan,nan,nan
APSO,smooth_sine,8,2.547250747680664,0.01499839499592781,0.005094501655548811,2.9440357487354847,0.0059355199337005615,0.00567243155092001,0.0031133866868913174,0.0069259656593203545,0.008030297234654427,6.858231782913208,0.013708741664886474,0.0021916485818335787,0.0002662867773324251,0.0029465302388882266,0.0003170306154061109,0.016816696152091026,nan,nan,nan,nan
APSO,smooth_sine,9,3.921116828918457,0.008242773823440075,0.007842234335839748,1.0510746644957831,0.007733908947557211,0.012686642818152905,0.008813097141683102,0.0028087273240089417,0.006627167575061321,6.858352184295654,0.013708809375762939,0.0032541744774673134,0.0010188360465690494,0.004335408138809726,0.0014724174980074167,0.018491458147764206,nan,nan,nan,nan
APSO,smooth_sine,10,2.552443504333496,0.01671908050775528,0.005104887764900923,3.2751122605885086,0.004531567916274071,0.008658399805426598,0.003371455240994692,0.002160495612770319,0.003935920540243387,6.862638235092163,0.013717547416687011,0.0021193414549925365,0.0003455485566519201,0.002912442043016199,0.0004785385390277952,0.0171810295432806,nan,nan,nan,nan
APSO,smooth_sine,11,2.5452141761779785,0.012740551494061947,0.005090428050607443,2.502844823146378,0.007351966109126806,0.009641438722610474,0.004479923751205206,0.00402414333075285,0.011262357234954834,6.867706537246704,0.013727836608886719,0.002285513371694833,0.00044297834392637014,0.003049808595725335,0.0005749724223278463,0.018567554652690887,nan,nan,nan,nan
APSO,smooth_sine,12,2.5535411834716797,0.019283711910247803,0.005107081960886717,3.7758767252875005,0.005864748265594244,0.010873126797378063,0.0036851344630122185,0.00366714084520936,0.005233590956777334,6.855313301086426,0.01370281410217285,0.00188137692520977,0.00016296564717777073,0.0025598373255808836,0.00027264986420050263,0.0177808478474617,nan,nan,nan,nan
APSO,smooth_sine,13,2.5236079692840576,0.011258515529334545,0.005047215614467859,2.2306389085225478,0.00520103657618165,0.007928692735731602,0.004242811352014542,0.0017959258984774351,0.006836717016994953,6.85766339302063,0.013707427501678467,0.0026643311529885977,0.000296183570753783,0.0035790383279090746,0.0003915159322787076,0.018441107124090195,nan,nan,nan,nan
APSO,smooth_sine,14,2.6104040145874023,0.013951691798865795,0.0052208080887794495,2.672324199935781,0.007897678762674332,0.0017177326371893287,0.006592361256480217,0.00465158699080348,0.018629031255841255,6.860205173492432,0.013712471961975097,0.0022247621081536635,0.00023964914726093411,0.003003049523383379,0.0003086707729380578,0.018158694729208946,nan,nan,nan,nan
APSO,smooth_sine,15,2.6117396354675293,0.010152979753911495,0.005223479587584734,1.9437196190147448,0.004070191644132137,0.006184464320540428,0.0042896997183561325,0.0025511388666927814,0.003255463670939207,6.859042167663574,0.013710436344146728,0.002183842898264993,0.00039049171027727425,0.0029698981678579002,0.0004845997900702059,0.019009429961442947,nan,nan,nan,nan
APSO,smooth_sine,16,2.7726151943206787,0.015258131548762321,0.005545230582356453,2.751577472235313,0.007447145879268646,0.0014565996825695038,0.002927684225142002,0.0029634498059749603,0.022440850734710693,6.887200117111206,0.0137664532661438,0.0030075076301116495,0.0007464454974979162,0.004090309503953904,0.0010538621572777629,0.018634852021932602,nan,nan,nan,nan
APSO,smooth_sine,17,2.508699417114258,0.02239331603050232,0.005017398856580257,4.46313252555829,0.004642627201974392,0.0037769568152725697,0.005253919865936041,0.0025182818062603474,0.00702135032042861,6.876585006713867,0.01374524974822998,0.0022589665726642123,0.00036256061866879463,0.0030729837177088486,0.00048152595991268754,0.018640927970409393,nan,nan,nan,nan
APSO,smooth_sine,18,2.6032989025115967,0.010779408738017082,0.0052065979689359665,2.0703362929748135,0.007438251283019781,0.007601974066346884,0.005095938220620155,0.003938649781048298,0.013116441667079926,6.870933532714844,0.01373377513885498,0.0021377577077539172,0.0002392949681961909,0.002922403440717608,0.00032630853820592165,0.017353205010294914,nan,nan,nan,nan
APSO,smooth_sine,19,2.5761098861694336,0.014590555801987648,0.005152219906449318,2.831896942854447,0.00416706595569849,0.009587094187736511,0.002993545960634947,0.0022810068912804127,0.0018066167831420898,6.856304883956909,0.013704880714416504,0.0023387402724823914,0.0002675119903869927,0.0031177093742997385,0.00034478699672035873,0.01909208670258522,nan,nan,nan,nan
APSO,multi_frequency,0,2.6389076709747314,0.015084384009242058,0.005277815740555525,2.858073254306966,0.006004354916512966,0.013111955486238003,0.006083363201469183,0.001882457174360752,0.002939644269645214,6.861894607543945,0.01371587324142456,0.0028571463466854764,0.000811075558885932,0.003699533713934943,0.0012249844148755074,0.01824008859694004,nan,nan,nan,nan
APSO,multi_frequency,1,2.500598192214966,0.020923959091305733,0.005001197103410959,4.183790132373506,0.005127656273543835,0.00362570583820343,0.0072481632232666016,0.004030915442854166,0.005605839192867279,6.859594821929932,0.013711278915405273,0.0019255428301519714,0.00040410016663372517,0.002613645731122233,0.0006321845576167107,0.017340928316116333,nan,nan,nan,nan
APSO,multi_frequency,2,2.597397804260254,0.011951453983783722,0.005194795783609152,2.3006590598794037,0.005458360072225332,0.0064168027602136135,0.0037316724192351103,0.004423736594617367,0.007261229678988457,6.865010738372803,0.013722005367279053,0.0021959305496537128,0.000288857874693349,0.002880696725915186,0.0003960260655730963,0.017328865826129913,nan,nan,nan,nan
APSO,multi_frequency,3,2.539557695388794,0.01765170320868492,0.005079115740954876,3.475349668910359,0.006187993101775646,0.009472308680415154,0.007085398770868778,0.003289581276476383,0.00490468367934227,6.879657983779907,0.013750897884368897,0.001911962857830804,0.0003173438599333167,0.0025599500945885667,0.00036964964237995446,0.0177777037024498,nan,nan,nan,nan
APSO,multi_frequency,4,2.6008498668670654,0.02482086606323719,0.005201700143516064,4.771683368595647,0.004628565162420273,0.005040043964982033,0.002292589982971549,0.004822400398552418,0.006359226536005735,6.953697681427002,0.01389937162399292,0.002495890664169565,0.0006440315046347678,0.0034159445236437024,0.0007430611876770854,0.019000913947820663,nan,nan,nan,nan
APSO,multi_frequency,5,2.549344539642334,0.02460472099483013,0.005098688881844282,4.825695696484659,0.00615580752491951,0.005177019163966179,0.004648004658520222,0.0025744065642356873,0.012223801575601101,7.1052000522613525,0.014202037334442138,0.002247788978170138,0.00017306796507909894,0.0029285424975620117,0.00023591711942572147,0.019366655498743057,nan,nan,nan,nan
APSO,multi_frequency,6,2.594233751296997,0.011178993619978428,0.005188468378037214,2.154584514246845,0.006098370999097824,0.004617433063685894,0.0083263935521245,0.0029944046400487423,0.008455252274870872,6.939337253570557,0.013870600700378419,0.002529787611658685,0.0003646955592557788,0.003433188000577502,0.0005417836364358664,0.01730593666434288,nan,nan,nan,nan
APSO,multi_frequency,7,2.6163735389709473,0.012554533779621124,0.005232747178524733,2.3992242222488995,0.004905170761048794,0.007931556552648544,0.0026049676816910505,0.0023207170888781548,0.006763440556824207,6.84886908531189,0.013689725875854493,0.0023755721767898647,0.00026905734557658434,0.0031560062980861402,0.00035025732358917594,0.018686393275856972,nan,nan,nan,nan
APSO,multi_frequency,8,2.4825501441955566,0.014980282634496689,0.0049651009030640125,3.0171154477952724,0.0025192038156092167,0.004919396713376045,0.0025406726635992527,0.0018077663844451308,0.0008089789189398289,6.845491886138916,0.01368293046951294,0.0022649134882492946,0.00023095571668818593,0.002919989810907282,0.00029467331478372216,0.01871599070727825,nan,nan,nan,nan
APSO,multi_frequency,9,2.5263559818267822,0.00820223055779934,0.0050527118146419525,1.6233323527438441,0.006635978817939758,0.011199730448424816,0.006583563983440399,0.002632371848449111,0.006128249689936638,6.8639817237854,0.01372003173828125,0.0024262622245238164,0.00035319841117598116,0.003131786025734618,0.0004030175623483956,0.018491458147764206,nan,nan,nan,nan
APSO,multi_frequency,10,2.5593037605285645,0.016599440947175026,0.005118607543408871,3.242960279021547,0.004872671794146299,0.007498777937144041,0.006398837082087994,0.002927004126831889,0.002666069194674492,6.863983392715454,0.013719993591308594,0.0022915031177573836,0.000364399777026847,0.00311310630091466,0.0005031677428632975,0.017462387681007385,nan,nan,nan,nan
APSO,multi_frequency,11,2.5352210998535156,0.013071049004793167,0.005070442333817482,2.5778912655441077,0.006170851178467274,0.012281445786356926,0.0032502380199730396,0.004984878934919834,0.004166842438280582,6.8549089431762695,0.013702044010162354,0.0019200609596329741,0.00022773936507292092,0.002533020426670555,0.0003102348418906331,0.018055235967040062,nan,nan,nan,nan
APSO,multi_frequency,12,2.5966901779174805,0.018945185467600822,0.005193380638957024,3.6479485685080744,0.009211002849042416,0.01065043918788433,0.004230808466672897,0.009526721201837063,0.012436041608452797,6.848105430603027,0.01368847942352295,0.0025773603310459293,0.0002811094745993614,0.0034548554816050455,0.00039534876123070717,0.015872042626142502,nan,nan,nan,nan
APSO,multi_frequency,13,2.5132009983062744,0.01104850322008133,0.005026401951909065,2.198093850390342,0.003788387170061469,0.004638033453375101,0.0034839208237826824,0.0007946269470266998,0.006236967630684376,6.852437973022461,0.013697172164916992,0.002565976094134385,0.00022547638218384236,0.0034714673170587046,0.00034538068575784564,0.018850041553378105,nan,nan,nan,nan
APSO,multi_frequency,14,2.589888572692871,0.013483589515089989,0.005179777275770903,2.603121485196144,0.004060800187289715,0.0024547255598008633,0.004700610414147377,0.0015469612553715706,0.0075409021228551865,6.853558540344238,0.013699322700500489,0.0025481360250501892,0.00020651370869018137,0.0034579638691153375,0.00031763201695866883,0.019125893712043762,nan,nan,nan,nan
APSO,multi_frequency,15,2.6087098121643066,0.010137712582945824,0.005217419937252998,1.9430509149860358,0.0044130366295576096,0.004259632434695959,0.00476220203563571,0.0026709772646427155,0.0059593357145786285,6.854020595550537,0.013700084686279297,0.0020657113677239975,0.00027512176893651485,0.0028411741363001054,0.00037846199120394886,0.018701907247304916,nan,nan,nan,nan
APSO,multi_frequency,16,2.473330497741699,0.01593276485800743,0.004946661181747913,3.220912909256007,0.002581643173471093,0.001607030164450407,0.001987778814509511,0.0020939293317496777,0.004637834616005421,6.823191404342651,0.013638144969940185,0.0026772379919304513,0.00015755053027532995,0.003412847910146229,0.00022469914983958006,0.017647482454776764,nan,nan,nan,nan
APSO,multi_frequency,17,2.4783928394317627,0.022828133776783943,0.004956785589456558,4.605430952135802,0.0027341917157173157,0.002118786796927452,0.002754969522356987,0.0016369963996112347,0.004426013678312302,6.942998170852661,0.013877477645874024,0.002543464084970765,0.0002508199540898204,0.003448478265944868,0.00030957546550780535,0.018640927970409393,nan,nan,nan,nan
APSO,multi_frequency,18,2.6886146068573,0.011078739538788795,0.005377229768782854,2.060306145574376,0.00712196808308363,0.010581307113170624,0.003050961997359991,0.002486603567376733,0.012368997558951378,7.024202823638916,0.01404008150100708,0.00199400012663682,0.00021854009537491947,0.0026084382826229557,0.0002703003119677305,0.017311930656433105,nan,nan,nan,nan
APSO,multi_frequency,19,2.727466106414795,0.014754727482795715,0.00545493233948946,2.7048415203948517,0.005609974265098572,0.010797759518027306,0.004736732225865126,0.00206391466781497,0.004841489717364311,6.97526478767395,0.013942314147949218,0.0024588435724028387,0.00034472643164917827,0.003175645477895159,0.0004738563147839159,0.01909208670258522,nan,nan,nan,nan
APSO,slow_sine,0,2.657884120941162,0.015345421619713306,0.0053157685324549675,2.8867738551863487,0.009008515626192093,0.013345698826014996,0.005482861772179604,0.007457716390490532,0.009747788310050964,7.017077684402466,0.014025971412658692,0.0019893202403676695,0.00026239504222758114,0.002706574280804489,0.00036533904494717717,0.01824008859694004,nan,nan,nan,nan
APSO,slow_sine,1,2.526789665222168,0.022914791479706764,0.005053579341620207,4.534368599100722,0.007767301984131336,0.005259095691144466,0.006842838134616613,0.008702022954821587,0.010265250690281391,6.989527702331543,0.01397076940536499,0.0017223803900764324,0.0002980460412800312,0.0022986602907767517,0.0003955974825657904,0.01850634068250656,nan,nan,nan,nan
APSO,slow_sine,2,2.6011881828308105,0.012781606987118721,0.005202376749366522,2.4568783851871356,0.006468615494668484,0.003650080179795623,0.004148032981902361,0.007550839334726334,0.010525509715080261,7.214585781097412,0.014420617580413818,0.001869515019399114,0.00032748293597251177,0.0024434999916702507,0.00045386963756754994,0.018598642200231552,nan,nan,nan,nan
APSO,slow_sine,3,2.5908684730529785,0.016669724136590958,0.005181737244129181,3.217014555394037,0.007426310330629349,0.013437624089419842,0.004521536640822887,0.0020615074317902327,0.009684571996331215,7.167892932891846,0.014326831817626954,0.0021619702075375245,0.0006537603912875056,0.0030006616779137403,0.0010095250327140093,0.018395300954580307,nan,nan,nan,nan
APSO,slow_sine,4,2.606210708618164,0.027573073282837868,0.00521242106333375,5.289878340182045,0.007246523629873991,0.0036734826862812042,0.006354288198053837,0.006530336104333401,0.012427988462150097,7.229758977890015,0.014451020240783692,0.002091540641838219,0.00030620090547017753,0.0028219915661495177,0.0004432785208337009,0.017420776188373566,nan,nan,nan,nan
APSO,slow_sine,5,2.629220962524414,0.02233785204589367,0.005258442368358374,4.2479978824731885,0.008695404976606369,0.00837143138051033,0.008042387664318085,0.0031557863112539053,0.015212014317512512,6.9756622314453125,0.013943053722381592,0.002076076816068962,0.0003351941122673452,0.0026740646294900216,0.0004456783353816718,0.01941908337175846,nan,nan,nan,nan
APSO,slow_sine,6,2.6074891090393066,0.010013172402977943,0.005214978475123644,1.9200793350811554,0.007919128984212875,0.006197880022227764,0.007585869636386633,0.005224957596510649,0.012667807750403881,6.97040319442749,0.013932245254516602,0.0018284317404963077,0.0003938137961085886,0.0024579200032399965,0.00048637890722602606,0.01730593666434288,nan,nan,nan,nan
APSO,slow_sine,7,2.7683968544006348,0.0134307025000453,0.005536794196814299,2.425718208520901,0.008549499325454235,0.009548414498567581,0.0040915305726230145,0.010506866499781609,0.010051187127828598,6.966320514678955,0.013924384593963623,0.0020589030011091383,0.00024249419220723212,0.002727438201208133,0.0003177874314133078,0.018173418939113617,nan,nan,nan,nan
APSO,slow_sine,8,2.5444040298461914,0.012190083041787148,0.0050888084806501865,2.3954690156131884,0.008048679679632187,0.009823719039559364,0.0027853245846927166,0.008961111307144165,0.010624563321471214,7.324434518814087,0.014640180587768555,0.0015730037214350887,0.0001467348774895072,0.0021651297794887795,0.0002156793198082596,0.016816696152091026,nan,nan,nan,nan
APSO,slow_sine,9,2.51283860206604,0.008823462761938572,0.005025677382946014,1.7556763177596417,0.003491524374112487,0.004118097014725208,0.0022778911516070366,0.0028570028953254223,0.0047131069004535675,7.162178993225098,0.01431574010848999,0.0015575589891988783,0.0003947961376979947,0.002138549221167341,0.0006378325051628053,0.018973108381032944,nan,nan,nan,nan
APSO,slow_sine,10,2.543837308883667,0.015985364094376564,0.0050876750610768795,3.1419781928826707,0.00414406368508935,0.0065760258585214615,0.002902513137087226,0.002063165418803692,0.005034550093114376,6.97504448890686,0.013941783905029297,0.0018257242138963192,0.00017365653184242547,0.0024618043413967825,0.0002568179043009877,0.018004974350333214,nan,nan,nan,nan
APSO,slow_sine,11,2.5752646923065186,0.014225959777832031,0.005150529555976391,2.7620382764962508,0.010376094840466976,0.013062174431979656,0.005600482225418091,0.008902580477297306,0.013939142227172852,6.890400171279907,0.01377268648147583,0.0013374427829054183,0.0002128061605617404,0.0017992436000728049,0.00027390586910769343,0.01862931251525879,nan,nan,nan,nan
APSO,slow_sine,12,2.5737714767456055,0.015596545301377773,0.005147543270140886,3.0299007668081055,0.00790204107761383,0.00835447572171688,0.007005119230598211,0.006309856660664082,0.009938711300492287,6.838370084762573,0.013668899536132812,0.0026814198768581265,0.0003341698902659118,0.0035647003155900164,0.000494272680953145,0.018990030512213707,nan,nan,nan,nan
APSO,slow_sine,13,2.5451102256774902,0.00993469450622797,0.005090220831334591,1.9517217101999915,0.005836565047502518,0.007309760432690382,0.006683833431452513,0.0035331237595528364,0.005819541867822409,6.834094047546387,0.013660454273223877,0.0016139259455609136,0.00025127961998805404,0.0021877029622904957,0.00037045194767415524,0.016845038160681725,nan,nan,nan,nan
APSO,slow_sine,14,2.619384288787842,0.014019730500876904,0.005238768644630909,2.6761499604005983,0.0074997409246861935,0.00983546581119299,0.006380687467753887,0.0031694609206169844,0.010613348335027695,6.836691617965698,0.013665602207183838,0.0018175102187495214,0.0001874666486401111,0.002452689910691697,0.0002591482480056584,0.01714741252362728,nan,nan,nan,nan
APSO,slow_sine,15,2.631150722503662,0.010914337821304798,0.00526230176910758,2.074061560927117,0.007277449127286673,0.008438335731625557,0.00929396040737629,0.003976980224251747,0.007400518283247948,6.841487407684326,0.01367514419555664,0.001760406770184636,0.00028283236315473914,0.0024014592467574403,0.00039474244113080204,0.0192050039768219,nan,nan,nan,nan
APSO,slow_sine,16,2.6339356899261475,0.017141886055469513,0.005267871543765068,3.254044050439737,0.013715366832911968,0.01182585209608078,0.008390896022319794,0.009514578618109226,0.02513013780117035,6.840264797210693,0.013672585487365723,0.001969407082116231,0.0004984940169379115,0.0026634199968772008,0.0007252128561958671,0.018634852021932602,nan,nan,nan,nan
APSO,slow_sine,17,2.535676956176758,0.02423805370926857,0.0050713540986180305,4.779404718726614,0.005891786888241768,0.0037076445296406746,0.003557739779353142,0.00282037490978837,0.013481387868523598,6.847625494003296,0.013687232017517089,0.0019506906126160175,0.00025515136076137424,0.0026719157969113437,0.0003723538538906723,0.018640927970409393,nan,nan,nan,nan
APSO,slow_sine,18,2.6119558811187744,0.013724785298109055,0.005223912186920643,2.627300154943732,0.007009511813521385,0.004510474391281605,0.006953888572752476,0.006348556838929653,0.010225129313766956,6.848918437957764,0.013690035343170166,0.001643111571960617,0.0002445159188937396,0.0021303866483736783,0.0003430881770327687,0.017089568078517914,nan,nan,nan,nan
APSO,slow_sine,19,2.6267573833465576,0.016367118805646896,0.0052535152062773705,3.1154604418180796,0.006336898542940617,0.006245437078177929,0.01144186407327652,0.00388975627720356,0.0037705358117818832,6.850119113922119,0.013692552089691163,0.0026303376838564874,0.0009671542793512344,0.00360129948486574,0.0011852505849674344,0.0191396065056324,nan,nan,nan,nan
APSO,aggressive_sine,0,2.6098527908325195,0.015385807491838932,0.005219705868512392,2.9476387902722694,0.0032523125410079956,0.0023471335880458355,0.0069363596849143505,0.0021536850836127996,0.0015720713417977095,6.859556198120117,0.013711291790008545,0.001899771559785586,0.0002963276347145438,0.0025965466563706288,0.00037829013308510184,0.018355946987867355,nan,nan,nan,nan
APSO,aggressive_sine,1,7.9701409339904785,0.02204652689397335,0.015940282493829727,1.3830700241672171,0.01826160028576851,0.01515504252165556,0.016154438257217407,0.018409527838230133,0.02332739531993866,6.900876760482788,0.01379379653930664,0.0020612027598137504,0.0001750791707308963,0.002595613125176169,0.00027524246252141893,0.01669621281325817,nan,nan,nan,nan
APSO,aggressive_sine,2,2.571458101272583,0.013654648326337337,0.005142916925251484,2.6550396447770033,0.0036062838044017553,0.0019020404433831573,0.005845689680427313,0.0006010105716995895,0.006076393648982048,6.891729116439819,0.01377527904510498,0.0023142933475319297,0.00023532065097242594,0.003048079842096195,0.0003586663515307009,0.017798421904444695,nan,nan,nan,nan
APSO,aggressive_sine,3,2.5848684310913086,0.016014711931347847,0.0051697371527552605,3.0977806913863413,0.00413479283452034,0.0035711978562176228,0.0019972925074398518,0.004869980737566948,0.006100700702518225,6.903344631195068,0.013798788547515869,0.0020004287987248973,0.0005104421870782971,0.0027191176590742544,0.0007268699118867517,0.01772495172917843,nan,nan,nan,nan
APSO,aggressive_sine,4,2.609147548675537,0.022721795365214348,0.005218295380473137,4.354256267331917,0.0034725246950984,0.0021198145113885403,0.0037557771429419518,0.0032610080670565367,0.004753499291837215,6.889569044113159,0.013770954608917236,0.002121891041111667,0.0001445220405003056,0.0028232679909677245,0.00021590317192021757,0.016518283635377884,nan,nan,nan,nan
APSO,aggressive_sine,5,2.547396183013916,0.02273814007639885,0.005094793159514666,4.463015350080455,0.0023646384943276644,0.0014318738831207156,0.0032729001250118017,0.0010365177877247334,0.0037172622978687286,6.892332315444946,0.013776465892791748,0.002058451721712481,0.00023207420599646866,0.0027460959677351638,0.0003514123382046819,0.01903892122209072,nan,nan,nan,nan
APSO,aggressive_sine,6,2.738136053085327,0.010748608037829399,0.0054762717336416245,1.9627601698065782,0.006582584232091904,0.0018390442710369825,0.007542388513684273,0.0011000385275110602,0.01584886573255062,6.890920400619507,0.013773905754089355,0.002132890312781092,0.00027820392278954387,0.002823317321774084,0.0003841337747871876,0.018088949844241142,nan,nan,nan,nan
APSO,aggressive_sine,7,2.6111574172973633,0.013134665787220001,0.005222314968705177,2.5151040996052014,0.002966179046779871,0.002879404928535223,0.004598281346261501,0.002891356823965907,0.0014956730883568525,6.889996767044067,0.013772060871124267,0.0015544741290330422,0.00016215970390476286,0.0021146965624182484,0.00021292456949595362,0.018893683329224586,nan,nan,nan,nan
APSO,aggressive_sine,8,2.4940929412841797,0.01475795079022646,0.004988186061382294,2.9585806560986283,0.0029483013786375523,0.006741852965205908,0.002950504422187805,0.001226911786943674,0.0008739360491745174,6.888440847396851,0.013769120693206786,0.0017254169399151579,0.00015147370868362486,0.002265173387591494,0.0002213525294791907,0.01747719570994377,nan,nan,nan,nan
APSO,aggressive_sine,9,2.494140625,0.008800804615020752,0.004988281521946192,1.7642958955506371,0.00240264437161386,0.0016490791458636522,0.006217006593942642,0.0003975623694714159,0.0013469289988279343,6.894846439361572,0.013781799793243408,0.0023313559212489055,0.0006445111939683557,0.0030611556087387724,0.000803265837021172,0.018731437623500824,nan,nan,nan,nan
APSO,aggressive_sine,10,2.717125177383423,0.01650572381913662,0.005434250924736261,3.0373503262434807,0.007314552552998066,0.0117919547483325,0.00737335067242384,0.0005368908168748021,0.009556013159453869,6.926042318344116,0.013843686580657958,0.0027579213997349144,0.00031670951284468174,0.0035809655971359463,0.0004021059430669993,0.01719612255692482,nan,nan,nan,nan
APSO,aggressive_sine,11,10.892989158630371,0.01224487368017435,0.021785980090498924,0.562052917945815,0.01923997513949871,0.023622285574674606,0.014045454561710358,0.02039904147386551,0.01889312081038952,6.917076826095581,0.013825440883636474,0.001624988757603569,9.832113573793322e-05,0.001927909570853808,0.00011685054778354242,0.015132550150156021,nan,nan,nan,nan
APSO,aggressive_sine,12,2.74428653717041,0.01994498446583748,0.005488573107868433,3.6339106856833694,0.006571185775101185,0.010874418541789055,0.0036140340380370617,0.0004651972558349371,0.011331094428896904,6.846174478530884,0.013684206008911133,0.0025308111610240305,0.00037874645204283297,0.003291589424142148,0.0004760156443808228,0.01780223473906517,nan,nan,nan,nan
APSO,aggressive_sine,13,2.4896628856658936,0.01176640298217535,0.004979326389729977,2.3630511561652074,0.0032577011734247208,0.0043798633851110935,0.003736041020601988,0.0011259447783231735,0.003788956208154559,6.862626075744629,0.01371704912185669,0.0018056132055819035,0.0001969416334759444,0.002427011076058261,0.0002756454632617533,0.019373174756765366,nan,nan,nan,nan
APSO,aggressive_sine,14,2.612351894378662,0.014098839834332466,0.005224703811109066,2.698495521287676,0.00603555329144001,0.013072079047560692,0.003335222601890564,0.0010074609890580177,0.006727450527250767,6.939399719238281,0.013870450973510742,0.001870992179820314,0.00024972768733277917,0.002461247902701143,0.00034488365054130554,0.01795797236263752,nan,nan,nan,nan
APSO,aggressive_sine,15,2.595237970352173,0.011016798205673695,0.0051904767751693726,2.122502167503524,0.004286258947104216,0.0009434474632143974,0.007460993714630604,0.0014968736795708537,0.007243720814585686,6.956502437591553,0.013904597282409668,0.0024227913379261737,0.00023718499869573861,0.0031425300852395595,0.0002997021656483412,0.017600350081920624,nan,nan,nan,nan
APSO,aggressive_sine,16,2.5719871520996094,0.0161407683044672,0.00514397444203496,3.1378010303802952,0.005796482320874929,0.005012474022805691,0.0035705387126654387,0.009168603457510471,0.005434311926364899,6.960428953170776,0.01391254997253418,0.0021584052326274103,0.00027365831192582846,0.0028559736448689364,0.00037771317875012755,0.018460316583514214,nan,nan,nan,nan
APSO,aggressive_sine,17,2.4622230529785156,0.022993169724941254,0.00492444634437561,4.669188801539606,0.002327954163774848,0.0019718720577657223,0.0052034128457307816,0.0007908306433819234,0.0013457012828439474,6.949024438858032,0.013889405250549316,0.0019347043873742223,0.00018782560073304921,0.00260726210802095,0.00026418903144076467,0.01865622214972973,nan,nan,nan,nan
APSO,aggressive_sine,18,2.580683946609497,0.011726200580596924,0.005161368288099766,2.2719170433222655,0.00269090267829597,0.0008120505954138935,0.002847663825377822,0.0025206818245351315,0.0045832134783267975,7.000323057174683,0.013992196083068847,0.0025901003064820543,0.0005660415044985712,0.003415130376187153,0.0009635814349167049,0.01804334670305252,nan,nan,nan,nan
APSO,aggressive_sine,19,2.5844788551330566,0.014580590650439262,0.005168958101421595,2.820798769181207,0.004525250755250454,0.0067352778278291225,0.004950295202434063,0.0044519733637571335,0.0019634580239653587,6.90966796875,0.01381099796295166,0.0026775065686088055,0.00033299316419288516,0.003513768111902755,0.00047429752885363996,0.017586378380656242,nan,nan,nan,nan
APSO,random_smooth,0,2.561300039291382,0.009040974080562592,0.005122600123286247,1.7649189597025643,0.0018126736395061016,0.0004959505167789757,0.0022783088497817516,0.0009997900342568755,0.0034766453318297863,6.9454474449157715,0.013882660865783691,0.0021319689616095274,9.571375994710252e-05,0.0027187713570834605,0.00012062110181432217,0.01877429522573948,nan,nan,nan,nan
APSO,random_smooth,1,2.625934362411499,0.015223011374473572,0.005251869093626738,2.8985892647147358,0.0024691224098205566,0.0028344939928501844,0.0039391848258674145,0.0013376509305089712,0.0017651603557169437,6.874952554702759,0.013742073059082031,0.0019286902466672472,0.000339510734193027,0.0025091253381338903,0.0004486411635298282,0.017529506236314774,nan,nan,nan,nan
APSO,random_smooth,2,2.585602283477783,0.018666371703147888,0.0051712049171328545,3.609675501603861,0.00435800664126873,0.007379066199064255,0.0050548408180475235,0.0017523610731586814,0.0032457588240504265,6.891497611999512,0.013775184631347656,0.0032253901838790624,0.0009264673572033644,0.004230457652593032,0.001369592733681202,0.0177120603621006,nan,nan,nan,nan
APSO,random_smooth,3,2.527822494506836,0.007197811268270016,0.005055646412074566,1.4237173017241174,0.0033443893771618605,0.0016692799981683493,0.006476506590843201,0.0004657176905311644,0.004766053520143032,6.883347034454346,0.013758677005767822,0.002700794956390746,0.0005947580793872476,0.003562757733371109,0.0008137325057759881,0.01707787998020649,nan,nan,nan,nan
APSO,random_smooth,4,2.6007049083709717,0.008941370993852615,0.005201410036534071,1.71902828868509,0.006539343856275082,0.0108626838773489,0.007292026188224554,0.0008389087161049247,0.007163757458329201,6.866960048675537,0.013726214408874511,0.0021811747082159856,0.00025972200091928244,0.0028494879930862226,0.00036660971818491817,0.017508292570710182,nan,nan,nan,nan
APSO,random_smooth,5,4.556975841522217,0.010938677005469799,0.009113951586186886,1.2002123230551793,0.01449400931596756,0.01761688105762005,0.013121533207595348,0.007522595580667257,0.01971503160893917,6.881567478179932,0.013755335330963134,0.002370782647759188,0.00019243638962507248,0.0029915989755885677,0.0002802891540341079,0.015806540846824646,nan,nan,nan,nan
APSO,random_smooth,6,2.55450439453125,0.019628193229436874,0.005109008867293596,3.841878873041485,0.002220186172053218,0.003701199311763048,0.002820737659931183,0.0007904343074187636,0.0015683730598539114,6.847964525222778,0.013688099384307862,0.002794300855882466,0.0006870373035781085,0.0036864329075440763,0.001001009251922369,0.018830381333827972,nan,nan,nan,nan
APSO,random_smooth,7,2.643648624420166,0.008221260271966457,0.005287297535687685,1.5549078175524258,0.003893321380019188,0.005067163147032261,0.004717237316071987,0.0010227392194792628,0.004766145721077919,6.847257375717163,0.0136866455078125,0.0028369839388411493,0.0005773109151050448,0.003703500543907285,0.0007444539805874228,0.01794106513261795,nan,nan,nan,nan
APSO,random_smooth,8,3.031008243560791,0.012847407720983028,0.006062016822397709,2.1193289456926143,0.0046846866607666016,0.005134773440659046,0.002189007354900241,0.009311888366937637,0.002103077247738838,6.849516868591309,0.013691187381744385,0.0029782394553418273,0.0004750528314616531,0.003873031347175129,0.00066786864772439,0.01881444826722145,nan,nan,nan,nan
APSO,random_smooth,9,2.7643656730651855,0.011095722205936909,0.005528731737285852,2.006919983313205,0.005472732242196798,0.0050702281296253204,0.0038481976371258497,0.0007046553655527532,0.01226784847676754,6.846120357513428,0.01368456506729126,0.0025577363697520923,0.00019961227371823043,0.0033968067080772015,0.00023551085905637592,0.017570462077856064,nan,nan,nan,nan
APSO,random_smooth,10,2.6827850341796875,0.007735643535852432,0.005365570541471243,1.4417187279642611,0.003984524868428707,0.0034392408560961485,0.00421051774173975,0.0006467290222644806,0.0076416111551225185,6.8492043018341064,0.013690759181976318,0.0018527487196959556,0.0001784304913599044,0.002448838886746671,0.00025758345145732164,0.016271714121103287,nan,nan,nan,nan
APSO,random_smooth,11,3.003021240234375,0.00952437985688448,0.006006042938679457,1.5857994946300862,0.006771098356693983,0.0034531806595623493,0.006823801901191473,0.011499524116516113,0.005307886749505997,6.857646703720093,0.013707451820373535,0.0025867363195982763,0.000330456648953259,0.0034275677599245684,0.0003718595835380256,0.01765606179833412,nan,nan,nan,nan
APSO,random_smooth,12,2.521851062774658,0.014134278520941734,0.005043701734393835,2.802362087464006,0.002309819683432579,0.0018258563941344619,0.0023563539143651724,0.0005447633448056877,0.004512305837124586,6.863806962966919,0.013719828128814697,0.0026375606200890614,0.00036191035178489983,0.0034457433322560974,0.0004729799984488636,0.01840011402964592,nan,nan,nan,nan
APSO,random_smooth,13,2.55281138420105,0.01487443782389164,0.005105622578412294,2.913344571685354,0.002583327703177929,0.00263284333050251,0.003565186634659767,0.0016703298315405846,0.0024649514816701412,6.860091686248779,0.013712101459503174,0.0022516001175215935,0.0001896290632430464,0.002866351005982142,0.00025907912640832365,0.01893918402493,nan,nan,nan,nan
APSO,random_smooth,14,3.1875195503234863,0.022129042074084282,0.006375039462000132,3.4712007989894738,0.0060844095423817635,0.0034605497494339943,0.007181426510214806,0.011909084394574165,0.0017865769332274795,6.86186671257019,0.01371590232849121,0.0025796458707540294,0.0003329981118440628,0.0034084373250370843,0.00044189958134666085,0.018209563568234444,nan,nan,nan,nan
APSO,random_smooth,15,2.562533378601074,0.020930428057909012,0.005125067196786404,4.083932415760933,0.003444235771894455,0.007097708061337471,0.0021641866769641638,0.0012150144902989268,0.0033000349067151546,6.861449241638184,0.013714860439300538,0.002488846870424459,0.00023037019127514213,0.003191807923023589,0.0003728748415596783,0.018690090626478195,nan,nan,nan,nan
APSO,random_smooth,16,2.618896961212158,0.010898185893893242,0.005237794015556574,2.0806824135361093,0.0031934338621795177,0.006578305270522833,0.0016228873282670975,0.0011028202716261148,0.0034697221126407385,6.908854961395264,0.013809423923492431,0.002505189238663297,0.0002488124300725758,0.0033390809313743374,0.0003141644992865622,0.0191460270434618,nan,nan,nan,nan
APSO,random_smooth,17,2.5782432556152344,0.014411384239792824,0.005156486760824919,2.794806795448329,0.0044082943350076675,0.009220583364367485,0.003691563382744789,0.0014196375850588083,0.0033013946376740932,6.8830578327178955,0.013758242130279541,0.002746628433233127,0.0005342924850992858,0.00365214178734459,0.000844152644276619,0.017205234616994858,nan,nan,nan,nan
APSO,random_smooth,18,2.6382617950439453,0.00832311250269413,0.005276523996144533,1.5773855115177506,0.0027526398189365864,0.003736597951501608,0.0026739626191556454,0.00047181147965602577,0.00412818742915988,6.895372152328491,0.013782780170440673,0.002575295144447591,0.00040658190846443176,0.003411506575369276,0.0005472222110256553,0.01836664043366909,nan,nan,nan,nan
APSO,random_smooth,19,2.644167423248291,0.024314062669873238,0.005288335029035807,4.597678198596712,0.004791133105754852,0.004765748977661133,0.004025470465421677,0.001204144675284624,0.009169168770313263,6.875853776931763,0.013743696689605713,0.002268070761137642,0.00018838154210243374,0.0029608799216104672,0.000223672017455101,0.01874265819787979,nan,nan,nan,nan
GA,smooth_sine,0,0.00614232337102294,0.015039737336337566,0.01606694422662258,0.9360670656600055,0.009790041483938694,0.013632634654641151,0.006544593721628189,0.004656281787902117,0.014326656237244606,9.142936706542969,0.018278456687927245,0.006450847508572042,0.004819789901375771,0.00931290394216776,0.007038772106170654,0.09179726988077164,nan,nan,nan,nan
GA,smooth_sine,1,0.0034028925001621246,0.020959820598363876,0.011877279728651047,1.7646987422383773,0.005432543810456991,0.0064227222464978695,0.0038530752062797546,0.003979134373366833,0.007475242018699646,8.993180274963379,0.017979127407073976,0.0063839408213272695,0.004736868664622307,0.009222679759934545,0.00707382382825017,0.09127531945705414,nan,nan,nan,nan
GA,smooth_sine,2,0.003739507868885994,0.012076321989297867,0.018908124417066574,0.6386842884531537,0.006317732390016317,0.005375353153795004,0.006249378900974989,0.004151904955506325,0.009494294412434101,9.183173894882202,0.01835878562927246,0.006360016010142863,0.00493608508259058,0.009215210941433906,0.007209232542663813,0.08808769285678864,nan,nan,nan,nan
GA,smooth_sine,3,0.002547857817262411,0.017525101080536842,0.01957746595144272,0.8951669804459739,0.007707085460424423,0.010998046956956387,0.0047951024025678635,0.005624545272439718,0.009410645812749863,9.191270112991333,0.01837496566772461,0.006407094700448215,0.004752949811518192,0.009266171264462173,0.0071603343822062016,0.09290091693401337,nan,nan,nan,nan
GA,smooth_sine,4,0.0073409597389400005,0.02411685697734356,0.01853681355714798,1.301024952481321,0.007359872572124004,0.00974380411207676,0.005121230147778988,0.0037475465796887875,0.010826910845935345,9.169379472732544,0.018331009864807127,0.006390419050492346,0.004774169996380806,0.009239682364650071,0.007219491060823202,0.08674164861440659,nan,nan,nan,nan
GA,smooth_sine,5,0.005152217112481594,0.024160508066415787,0.015652336180210114,1.543572013036808,0.007462143898010254,0.008873182348906994,0.004885846748948097,0.005938808433711529,0.010150739923119545,9.1697256565094,0.018331738471984865,0.006375787585787475,0.0047193001955747604,0.009214325954578818,0.006816495675593615,0.09337746351957321,nan,nan,nan,nan
GA,smooth_sine,6,0.005569436587393284,0.011148199439048767,0.013731318525969982,0.811881205578636,0.011292509734630585,0.008751779794692993,0.007760887034237385,0.00843842327594757,0.020218949764966965,9.173744678497314,0.0183396954536438,0.0063948419108986855,0.004801012109965086,0.009248813515715302,0.006864892318844795,0.08525748550891876,nan,nan,nan,nan
GA,smooth_sine,7,0.002300292020663619,0.01267763040959835,0.014743938110768795,0.8598537456107986,0.009054170921444893,0.00946508627384901,0.004323281813412905,0.006694220006465912,0.015734095126390457,9.150027990341187,0.018292309284210204,0.00639004428256303,0.004874921403825283,0.00924204921927303,0.007212728261947632,0.09336721897125244,nan,nan,nan,nan
GA,smooth_sine,8,0.004659061320126057,0.01499839499592781,0.013604257255792618,1.1024780488873493,0.008052442222833633,0.010956671088933945,0.004587945993989706,0.0057226247154176235,0.010942528024315834,9.144585132598877,0.018281440258026124,0.006423800949938595,0.0048677665181458,0.009296715090423822,0.007114605512470007,0.09013085067272186,nan,nan,nan,nan
GA,smooth_sine,9,0.004028914030641317,0.008242773823440075,0.03242862969636917,0.2541819959898881,0.008966013789176941,0.009335873648524284,0.005689118057489395,0.007057446055114269,0.01378161646425724,9.162316799163818,0.018316953659057618,0.006398295280337334,0.004743550904095173,0.00925224639289081,0.0072909193113446236,0.08696980774402618,nan,nan,nan,nan
GA,smooth_sine,10,0.0022228925954550505,0.01671908050775528,0.010282807052135468,1.6259257246573704,0.0058676074258983135,0.010864946991205215,0.005576249212026596,0.0024551330134272575,0.004574100952595472,9.178061723709106,0.018348342418670654,0.006416545634530485,0.004841423127800226,0.009277152020670474,0.007096859626471996,0.09257079660892487,nan,nan,nan,nan
GA,smooth_sine,11,0.002420909935608506,0.012740551494061947,0.015765462070703506,0.8081305474539398,0.006750050000846386,0.005805554799735546,0.00804460421204567,0.004962676204741001,0.008187366649508476,9.295026063919067,0.01858195972442627,0.006421736381575466,0.004625930450856686,0.009282152424566448,0.007147559896111488,0.08665642887353897,nan,nan,nan,nan
GA,smooth_sine,12,0.006093199364840984,0.019283711910247803,0.013572643510997295,1.420777897439293,0.007199987769126892,0.011634912341833115,0.004624192602932453,0.0029559924732893705,0.009584854356944561,9.181864261627197,0.01835593843460083,0.006415357169508934,0.0048423162661492825,0.009276728012599052,0.007146104238927364,0.09347371757030487,nan,nan,nan,nan
GA,smooth_sine,13,0.0026153256185352802,0.011258515529334545,0.01044617872685194,1.0777640153135126,0.004912468604743481,0.006828059908002615,0.0043707857839763165,0.0044473325833678246,0.004003697074949741,9.108237504959106,0.018208746910095216,0.006407396025583148,0.00478009507060051,0.009267754793167115,0.006983108818531036,0.08793433010578156,nan,nan,nan,nan
GA,smooth_sine,14,0.0024000455159693956,0.013951691798865795,0.010640857741236687,1.3111435316721303,0.006491984240710735,0.0055723367258906364,0.002957390621304512,0.0031289122998714447,0.014309294521808624,9.09326720237732,0.01817896032333374,0.006357669520936906,0.004571221303194761,0.009206285034678876,0.007190484553575516,0.08988688886165619,nan,nan,nan,nan
GA,smooth_sine,15,0.0031125694513320923,0.010152979753911495,0.012625500559806824,0.804164532393545,0.007869688794016838,0.010566706769168377,0.008140001446008682,0.00395060982555151,0.008821438997983932,9.103047132492065,0.01819857692718506,0.006433955092355609,0.004704881459474564,0.009296209723874927,0.007322789169847965,0.09094302356243134,nan,nan,nan,nan
GA,smooth_sine,16,0.004727575462311506,0.015258131548762321,0.01678219810128212,0.9091855224612464,0.00780434301123023,0.012841220945119858,0.003964872565120459,0.003815131029114127,0.010596146807074547,9.095755100250244,0.018183717250823975,0.006378043226338923,0.004504490178078413,0.009230910176225007,0.006759244948625565,0.08435562252998352,nan,nan,nan,nan
GA,smooth_sine,17,0.004024278838187456,0.02239331603050232,0.018995529040694237,1.1788729854551028,0.008831636980175972,0.011361585929989815,0.001798801589757204,0.004355340264737606,0.017810821533203125,9.097301244735718,0.01818720769882202,0.006434055550396442,0.004951980896294117,0.009302308560162783,0.0072361137717962265,0.08702240139245987,nan,nan,nan,nan
GA,smooth_sine,18,0.006098432466387749,0.010779408738017082,0.013446798548102379,0.8016338386759189,0.010210542008280754,0.015376318246126175,0.00789729692041874,0.007439617998898029,0.010128933936357498,9.084951162338257,0.01816227960586548,0.006334993758052587,0.004642057232558727,0.009151359704136849,0.007048279047012329,0.08758404105901718,nan,nan,nan,nan
GA,smooth_sine,19,0.003665571566671133,0.014590555801987648,0.01544533297419548,0.9446578993385311,0.009296270087361336,0.01318118255585432,0.008094623684883118,0.008501585572957993,0.0074076903983950615,9.09772777557373,0.01818736791610718,0.0063427947837859395,0.004647238180041313,0.00917238008826971,0.007277686148881912,0.08868296444416046,nan,nan,nan,nan
GA,multi_frequency,0,0.0034175245091319084,0.015084384009242058,0.01238664984703064,1.2177936888123244,0.0087210051715374,0.0156205203384161,0.00491313636302948,0.007170326076447964,0.0071800402365624905,9.154657363891602,0.01830127477645874,0.006413339002616703,0.004752648528665304,0.009270262475311757,0.006721600890159607,0.09072801470756531,nan,nan,nan,nan
GA,multi_frequency,1,0.0025917566381394863,0.020923959091305733,0.011101134121418,1.8848487787329804,0.005051064770668745,0.00562298996374011,0.0038298293948173523,0.0030389109160751104,0.007712528109550476,9.15793514251709,0.01830777311325073,0.0063679329298436645,0.0048498897813260555,0.009211457070708275,0.007175572216510773,0.0905611664056778,nan,nan,nan,nan
GA,multi_frequency,2,0.003830221714451909,0.011951453983783722,0.024636758491396904,0.4851065933839121,0.006814769469201565,0.005225955508649349,0.007785464636981487,0.005177962128072977,0.009069693274796009,9.158352375030518,0.018308703422546386,0.0063615181304514405,0.004790410399436951,0.00921737983431667,0.0072396742179989815,0.08705417811870575,nan,nan,nan,nan
GA,multi_frequency,3,0.0029155919328331947,0.01765170320868492,0.016363950446248055,1.0786944916917738,0.006220046430826187,0.009871285408735275,0.003686667187139392,0.0037407618947327137,0.007581471465528011,9.11824107170105,0.01822867727279663,0.006366562383621931,0.004855772014707327,0.009218621612899006,0.007308636792004108,0.09396400302648544,nan,nan,nan,nan
GA,multi_frequency,4,0.006654463242739439,0.02482086606323719,0.02129386179149151,1.1656347874463515,0.00788968801498413,0.009387118741869926,0.004753653425723314,0.007934640161693096,0.009483342990279198,9.12749695777893,0.018246941566467285,0.006382119292579591,0.004742870107293129,0.009228933403454721,0.007304975297302008,0.08614298701286316,nan,nan,nan,nan
GA,multi_frequency,5,0.006184570956975222,0.02460472099483013,0.024439364671707153,1.0067659828863884,0.008590543642640114,0.008141160011291504,0.007029119413346052,0.006738701369613409,0.012453190051019192,9.11718201637268,0.018226442337036134,0.006407523853890598,0.005025422666221857,0.009262433737702669,0.007156939245760441,0.09524568170309067,nan,nan,nan,nan
GA,multi_frequency,6,0.0044159796088933945,0.011178993619978428,0.011660478077828884,0.9587080002520698,0.00981591735035181,0.007551643997430801,0.006914003752171993,0.007903102785348892,0.01689491979777813,9.09764289855957,0.01818755292892456,0.006358767389506101,0.004783519543707371,0.009203154388070107,0.0068733771331608295,0.08468612283468246,nan,nan,nan,nan
GA,multi_frequency,7,0.0025750496424734592,0.012554533779621124,0.014371078461408615,0.8735971912848747,0.00905319768935442,0.009464476257562637,0.004319250583648682,0.006689450703561306,0.01573961228132248,9.098877906799316,0.018190117835998536,0.0064124494256451725,0.004788262769579887,0.009269535536691546,0.007043574005365372,0.09209246933460236,nan,nan,nan,nan
GA,multi_frequency,8,0.003971112426370382,0.014980282634496689,0.018897151574492455,0.7927270189607416,0.00984053686261177,0.013547832146286964,0.006149914115667343,0.008910239674150944,0.010754162445664406,9.085519552230835,0.018163466930389404,0.0064307001937180756,0.0049985372461378574,0.009306671944633126,0.007309883367270231,0.09190672636032104,nan,nan,nan,nan
GA,multi_frequency,9,0.00459796329960227,0.00820223055779934,0.038278669118881226,0.2142767955783899,0.00938156247138977,0.01032430212944746,0.005282343830913305,0.0076052360236644745,0.014314367435872555,9.08724331855774,0.01816685962677002,0.006421480663120747,0.005092563107609749,0.009280504959821701,0.007330242544412613,0.08614392578601837,nan,nan,nan,nan
GA,multi_frequency,10,0.0028008802328258753,0.016599440947175026,0.015145479701459408,1.0959996827023917,0.008005861192941666,0.011852855794131756,0.005949934478849173,0.006814810913056135,0.007405845448374748,9.086337089538574,0.01816487979888916,0.006408162221498787,0.004660479724407196,0.009269568282179534,0.007173923775553703,0.09341774135828018,nan,nan,nan,nan
GA,multi_frequency,11,0.00442442437633872,0.013071049004793167,0.02037869021296501,0.641407709141057,0.007085055112838745,0.006460508331656456,0.006789493840187788,0.007888208143413067,0.00720201013609767,9.082141160964966,0.01815674304962158,0.006400835711881519,0.004809783771634102,0.009256825947016477,0.007417965680360794,0.08957946300506592,nan,nan,nan,nan
GA,multi_frequency,12,0.005257939454168081,0.018945185467600822,0.012933599762618542,1.4648037526534046,0.007210982963442802,0.009230811148881912,0.006801269948482513,0.003766976296901703,0.009044875390827656,9.087210893630981,0.018166495323181153,0.0064327464666217565,0.00502952141687274,0.009304642028734088,0.00743803009390831,0.0948614776134491,nan,nan,nan,nan
GA,multi_frequency,13,0.001476554200053215,0.01104850322008133,0.007474563084542751,1.478147029480481,0.005729620810598135,0.009922018274664879,0.004210653714835644,0.004340331070125103,0.004445481114089489,9.084412574768066,0.018161167144775392,0.006403150433674455,0.004893377423286438,0.009274113147705793,0.007187045179307461,0.08933202922344208,nan,nan,nan,nan
GA,multi_frequency,14,0.0022413781844079494,0.013483589515089989,0.011633286252617836,1.1590525000668475,0.006724074482917786,0.006576091051101685,0.0037145267706364393,0.002875855192542076,0.013729825615882874,9.089213132858276,0.0181708402633667,0.0063655678560957316,0.004821919836103916,0.009222734852693974,0.007111100479960442,0.09176183491945267,nan,nan,nan,nan
GA,multi_frequency,15,0.0034934007562696934,0.010137712582945824,0.01592131331562996,0.6367384638422778,0.007659604772925377,0.006828784476965666,0.0068372199311852455,0.006477821618318558,0.010494595393538475,9.115211248397827,0.018222751140594483,0.0064247588887810705,0.004685565829277039,0.009278012343496084,0.007238674908876419,0.08856385201215744,nan,nan,nan,nan
GA,multi_frequency,16,0.0037951527629047632,0.01593276485800743,0.015275427140295506,1.0430323624782913,0.006375014781951904,0.007107776589691639,0.004151651170104742,0.005294302012771368,0.008946331217885017,9.138510704040527,0.01826918125152588,0.006382912193611264,0.004788744263350964,0.009235056655667722,0.007049839943647385,0.08525433391332626,nan,nan,nan,nan
GA,multi_frequency,17,0.004379556979984045,0.022828133776783943,0.021687831729650497,1.052577964517056,0.007700273301452398,0.008306744508445263,0.004772606771439314,0.0029481302481144667,0.014773612841963768,9.122198581695557,0.018236237049102783,0.006412925438582897,0.004802057519555092,0.009282926151901483,0.007012232672423124,0.08675453811883926,nan,nan,nan,nan
GA,multi_frequency,18,0.00695236399769783,0.011078739538788795,0.014337600208818913,0.7727052908041315,0.007523060776293278,0.01311944704502821,0.0029327410738915205,0.006211593747138977,0.00782846100628376,9.137693643569946,0.018267295837402345,0.006324093269556761,0.004677971825003624,0.009144295652024449,0.007041010539978743,0.0877920612692833,nan,nan,nan,nan
GA,multi_frequency,19,0.005182395689189434,0.014754727482795715,0.0164948757737875,0.8945037043712021,0.00929252989590168,0.011942999437451363,0.008570495061576366,0.00842430628836155,0.008232317864894867,9.126823902130127,0.018245760440826417,0.006428505297377706,0.004813909996300936,0.009294835640676319,0.007015335839241743,0.08642357587814331,nan,nan,nan,nan
GA,slow_sine,0,0.005869354121387005,0.015345421619713306,0.011144926771521568,1.3768974829807934,0.009724323637783527,0.013384630903601646,0.007131902500987053,0.004460942931473255,0.013919818215072155,9.125219821929932,0.01824242830276489,0.0064672336937859655,0.004902623128145933,0.009345075703971088,0.007462597452104092,0.09388747811317444,nan,nan,nan,nan
GA,slow_sine,1,0.004027651157230139,0.022914791479706764,0.012861207127571106,1.7816983470068972,0.00623007258400321,0.006049556192010641,0.005059906281530857,0.004243866540491581,0.009566961787641048,9.116879224777222,0.018225260734558105,0.006430479655228555,0.004773539025336504,0.009301970877684652,0.00706776138395071,0.08794781565666199,nan,nan,nan,nan
GA,slow_sine,2,0.002493241336196661,0.012781606987118721,0.007490635849535465,1.7063447274521264,0.004509046673774719,0.003426207695156336,0.0037252611946314573,0.003951479215174913,0.006933239288628101,9.124030113220215,0.018240055561065675,0.006426041983254254,0.004757374059408903,0.009295109402388334,0.007340736221522093,0.08596155792474747,nan,nan,nan,nan
GA,slow_sine,3,0.0033106168266385794,0.016669724136590958,0.0072516342625021935,2.298754119852568,0.008308503776788712,0.01202540285885334,0.008246753364801407,0.0024141790345311165,0.010547680780291557,9.12074589729309,0.01823330545425415,0.006449606019817293,0.004997867159545422,0.00933017774168402,0.00737364124506712,0.0945388674736023,nan,nan,nan,nan
GA,slow_sine,4,0.006733394227921963,0.027573073282837868,0.014282665215432644,1.9305271717105523,0.009506515227258205,0.009357644245028496,0.008456816896796227,0.0049837506376206875,0.0152278495952487,9.12662959098816,0.018245239734649657,0.006447816964425147,0.004810740239918232,0.009323663032799958,0.007386567071080208,0.0866057351231575,nan,nan,nan,nan
GA,slow_sine,5,0.0019854004494845867,0.02233785204589367,0.006454247049987316,3.460953984700286,0.007919616997241974,0.012244115583598614,0.003283035708591342,0.00470759067684412,0.011443724855780602,9.128159761428833,0.018248461723327638,0.0064522606484591965,0.0049773771315813065,0.009320056118071079,0.007287490181624889,0.09031737595796585,nan,nan,nan,nan
GA,slow_sine,6,0.006541759707033634,0.010013172402977943,0.01094171404838562,0.9151374600632451,0.007686309050768614,0.004450365900993347,0.0061937193386256695,0.006496993824839592,0.01360415667295456,9.12650465965271,0.018244911193847656,0.0064249186323955656,0.004618845880031586,0.009292385064810515,0.006931842304766178,0.08510563522577286,nan,nan,nan,nan
GA,slow_sine,7,0.007486848160624504,0.0134307025000453,0.01227609720081091,1.0940531245678082,0.01078082900494337,0.011339700780808926,0.004689249210059643,0.010354542173445225,0.016739826649427414,9.1279456615448,0.018248008728027343,0.006439414661936462,0.0047018760815262794,0.009316478007659315,0.006699472665786743,0.09443914145231247,nan,nan,nan,nan
GA,slow_sine,8,0.004724068567156792,0.012190083041787148,0.011014892719686031,1.1066910365818445,0.00914540234953165,0.01124744676053524,0.005150358658283949,0.009629289619624615,0.010554514825344086,9.125099897384644,0.018242401123046877,0.006332762413285673,0.004650179762393236,0.009175634109601379,0.007244140841066837,0.08906064182519913,nan,nan,nan,nan
GA,slow_sine,9,0.005048390477895737,0.008823462761938572,0.008676468394696712,1.016941727965229,0.005169200245290995,0.005716943647712469,0.005303550511598587,0.001272363937459886,0.008383942767977715,9.124611139297485,0.018241323947906493,0.006455654631555081,0.005010728724300861,0.009329569718800486,0.007402036804705858,0.08459162712097168,nan,nan,nan,nan
GA,slow_sine,10,0.0029875379987061024,0.015985364094376564,0.009383641183376312,1.70353531022644,0.006935258395969868,0.010119279846549034,0.005755702964961529,0.005127336829900742,0.006738713942468166,9.123547554016113,0.018239303588867186,0.006419700272195041,0.004608260467648506,0.00929942280203104,0.0072506750002503395,0.09155327081680298,nan,nan,nan,nan
GA,slow_sine,11,0.0033035320229828358,0.014225959777832031,0.00781727023422718,1.8198116927754406,0.006007559597492218,0.005425584968179464,0.008331632241606712,0.004035125486552715,0.00623789569362998,9.122823238372803,0.01823791217803955,0.0064422880122438075,0.004861569032073021,0.009318048581853509,0.007184305228292942,0.09036609530448914,nan,nan,nan,nan
GA,slow_sine,12,0.005521513056010008,0.015596545301377773,0.011451229453086853,1.3619974488567677,0.00763739412650466,0.012973131611943245,0.001762883272022009,0.0051309652626514435,0.010682595893740654,9.11424469947815,0.01822063446044922,0.006438918497227132,0.005022549536079168,0.009306471676006914,0.0073912679217755795,0.09538596123456955,nan,nan,nan,nan
GA,slow_sine,13,0.0033129246439784765,0.00993469450622797,0.0059434217400848866,1.6715445984969053,0.004255133680999279,0.007100909017026424,0.004162568133324385,0.0026383446529507637,0.0031187112908810377,9.124181509017944,0.018240453720092774,0.006408496509864926,0.004847656935453415,0.009276394082419575,0.007152375765144825,0.08659940958023071,nan,nan,nan,nan
GA,slow_sine,14,0.00357724167406559,0.014019730500876904,0.01238210964947939,1.1322570141725703,0.006778036244213581,0.005842383950948715,0.0026093616615980864,0.004475895315408707,0.014184502884745598,9.113533735275269,0.018219329357147217,0.006397967665456235,0.004819411318749189,0.009274210954457521,0.007149045821279287,0.0922635942697525,nan,nan,nan,nan
GA,slow_sine,15,0.005379694513976574,0.010914337821304798,0.00868591945618391,1.2565552646858098,0.007530714385211468,0.012943568639457226,0.005363162606954575,0.0031309216283261776,0.008685203269124031,9.131616353988647,0.018255223751068115,0.006436702427826822,0.004776695743203163,0.009310791482031346,0.007253168150782585,0.09164363890886307,nan,nan,nan,nan
GA,slow_sine,16,0.0058479998260736465,0.017141886055469513,0.01371888816356659,1.249509861957576,0.007481273263692856,0.013149246573448181,0.0027483347803354263,0.0028067422099411488,0.011220768094062805,9.122489929199219,0.01823691463470459,0.0064446787532418965,0.0047237202525138855,0.009316325543448328,0.006909901276230812,0.08451652526855469,nan,nan,nan,nan
GA,slow_sine,17,0.005152348428964615,0.02423805370926857,0.012165465392172337,1.9923655140118304,0.007178659550845623,0.00775322038680315,0.003594969864934683,0.004453007131814957,0.01291344128549099,9.21457290649414,0.0184209942817688,0.006435969156958163,0.004875556565821171,0.009311991716735066,0.007243860512971878,0.08663960546255112,nan,nan,nan,nan
GA,slow_sine,18,0.006111678667366505,0.013724785298109055,0.01178145594894886,1.1649481488180227,0.006822913885116577,0.010994045063853264,0.0034083030186593533,0.0026747153606265783,0.01021459512412548,9.2134268283844,0.018419110298156738,0.00640031248666346,0.004896623082458973,0.009264803929626942,0.007478096056729555,0.08878537267446518,nan,nan,nan,nan
GA,slow_sine,19,0.005896960385143757,0.016367118805646896,0.01226110477000475,1.3348812454230874,0.00894700177013874,0.013006739318370819,0.007394042797386646,0.007261068560183048,0.008126157335937023,9.217392206192017,0.018426955223083494,0.006450594171509147,0.0046813879162073135,0.00933002418782562,0.007429690565913916,0.08766204118728638,nan,nan,nan,nan
GA,aggressive_sine,0,0.005885014776140451,0.015385807491838932,0.017322389408946037,0.8882035340859518,0.0086857620626688,0.015824642032384872,0.004305516369640827,0.004375485237687826,0.010237405076622963,9.222835540771484,0.018437589168548586,0.006319769867137074,0.0044826846569776535,0.009141455576010048,0.006886505521833897,0.09283827245235443,nan,nan,nan,nan
GA,aggressive_sine,1,0.005304446443915367,0.02204652689397335,0.02052123472094536,1.0743275048392276,0.009312838315963745,0.008354361169040203,0.00615094555541873,0.006209853570908308,0.01653619110584259,9.223515033721924,0.018439061641693115,0.006358735267445445,0.004821901209652424,0.0091987124575302,0.0069303144700825214,0.09103167057037354,nan,nan,nan,nan
GA,aggressive_sine,2,0.002771838568150997,0.013654648326337337,0.023507364094257355,0.5808668411986289,0.008635565638542175,0.007532636635005474,0.006370692513883114,0.005898024421185255,0.01474090851843357,9.247141361236572,0.018486395835876464,0.0063429267965257165,0.004661420825868845,0.00917826510630548,0.00704295514151454,0.08744484186172485,nan,nan,nan,nan
GA,aggressive_sine,3,0.003585903439670801,0.016014711931347847,0.0142296077683568,1.1254499907552395,0.0063567571341991425,0.010760786943137646,0.004709294065833092,0.003220495767891407,0.006736452691257,9.234403848648071,0.018460898876190186,0.006362513203732669,0.004799118265509605,0.009207356537133456,0.007347780279815197,0.09152437746524811,nan,nan,nan,nan
GA,aggressive_sine,4,0.005517041310667992,0.022721795365214348,0.01848924718797207,1.22891944351286,0.010755380615592003,0.013876567594707012,0.007034819573163986,0.004627684131264687,0.017482446506619453,9.217249393463135,0.01842643642425537,0.0063462948007509115,0.004809418693184853,0.009174280149117113,0.007343140430748463,0.09028270095586777,nan,nan,nan,nan
GA,aggressive_sine,5,0.008906195871531963,0.02273814007639885,0.042861733585596085,0.5304997762395715,0.011052015237510204,0.012983761727809906,0.007355171255767345,0.010025409050285816,0.013843715190887451,9.226158380508423,0.018444233894348145,0.0063728492449969055,0.00471384497359395,0.009207818874157964,0.007015602197498083,0.093426413834095,nan,nan,nan,nan
GA,aggressive_sine,6,0.0029669201467186213,0.010748608037829399,0.016391420736908913,0.6557459667682454,0.009559007361531258,0.012117939069867134,0.007627839222550392,0.0060257986187934875,0.012464452534914017,9.2324697971344,0.018456706047058104,0.006292396496422589,0.004724433645606041,0.009107944404892623,0.007172899320721626,0.08545586466789246,nan,nan,nan,nan
GA,aggressive_sine,7,0.003698634449392557,0.013134665787220001,0.021340223029255867,0.6154886839379957,0.0073121292516589165,0.012223782017827034,0.004470557440072298,0.0035349559038877487,0.009019222110509872,9.231221914291382,0.018454430103302003,0.006348895470239222,0.004774627275764942,0.009179324466176331,0.007281203754246235,0.09243600070476532,nan,nan,nan,nan
GA,aggressive_sine,8,0.003794685937464237,0.01475795079022646,0.019275007769465446,0.7656521318557031,0.00897469837218523,0.010761058889329433,0.005094620399177074,0.005622928496450186,0.01442018523812294,9.249622106552124,0.01849127674102783,0.006302981634438038,0.004319250583648682,0.009131394458189607,0.006920212879776955,0.09048333764076233,nan,nan,nan,nan
GA,aggressive_sine,9,0.004824015777558088,0.008800804615020752,0.019455553963780403,0.4523543575991125,0.006570123136043549,0.008529528975486755,0.004680636338889599,0.003809360321611166,0.009260966442525387,9.238286018371582,0.018468307971954347,0.006302530271373689,0.004844154231250286,0.009125908900424837,0.0073699005879461765,0.085235096514225,nan,nan,nan,nan
GA,aggressive_sine,10,0.002263404428958893,0.01650572381913662,0.020822135731577873,0.7927008080206112,0.00818242970854044,0.011370144784450531,0.0033404724672436714,0.0067680529318749905,0.011251047253608704,9.192431926727295,0.01837673330307007,0.006348857797123492,0.004167876671999693,0.009180699337646364,0.006931372918188572,0.09190605580806732,nan,nan,nan,nan
GA,aggressive_sine,11,0.005520056001842022,0.01224487368017435,0.028665641322731972,0.4271620349363723,0.01085878536105156,0.014079686254262924,0.010896551422774792,0.00899291317909956,0.009465988725423813,9.227543115615845,0.018447219371795654,0.006294285594858229,0.004703696817159653,0.009104203793220222,0.007251437287777662,0.08821824938058853,nan,nan,nan,nan
GA,aggressive_sine,12,0.008225076831877232,0.01994498446583748,0.0313013419508934,0.637192632096344,0.010335560888051987,0.020023006945848465,0.005741007626056671,0.006139284931123257,0.009438944980502129,9.210741758346558,0.01841359233856201,0.006339261228963733,0.004735431633889675,0.009166791563667356,0.006986408494412899,0.09443837404251099,nan,nan,nan,nan
GA,aggressive_sine,13,0.006824779324233532,0.01176640298217535,0.02448403462767601,0.48057451155844083,0.006868705153465271,0.008845790289342403,0.005509940441697836,0.006884614937007427,0.006234476342797279,9.169096231460571,0.018330280303955077,0.006328640954196453,0.004566382151097059,0.009163843455910682,0.007099510636180639,0.09166014194488525,nan,nan,nan,nan
GA,aggressive_sine,14,0.0072212908416986465,0.014098839834332466,0.013869593851268291,1.0165286731192358,0.008381353691220284,0.009312368929386139,0.005030858796089888,0.0036712344735860825,0.015510952100157738,9.155438423156738,0.018303122043609617,0.006326822078041732,0.004712550900876522,0.009162688967213034,0.00694844638928771,0.09350668638944626,nan,nan,nan,nan
GA,aggressive_sine,15,0.0030127158388495445,0.011016798205673695,0.029294505715370178,0.3760704588332898,0.01257358305156231,0.010940923355519772,0.01127329096198082,0.01134428195655346,0.01673583686351776,9.180760860443115,0.018353273868560793,0.0063309660660102966,0.004595950245857239,0.009152308181300759,0.00711292726919055,0.09107336401939392,nan,nan,nan,nan
GA,aggressive_sine,16,0.0018892193911597133,0.0161407683044672,0.017567161470651627,0.9188034351157179,0.007306439336389303,0.011806299909949303,0.0032774382270872593,0.004815723281353712,0.009326296858489513,9.159582138061523,0.018311065196990967,0.006336867452599108,0.004700470715761185,0.009168690609373153,0.007175505626946688,0.08624202013015747,nan,nan,nan,nan
GA,aggressive_sine,17,0.0038453671149909496,0.022993169724941254,0.01910427212715149,1.2035616731119927,0.009141180664300919,0.011852450668811798,0.002824692055583,0.006773154716938734,0.015114424750208855,9.212229013442993,0.018416494369506837,0.006359215337596834,0.004767424426972866,0.009195163958892227,0.007122913375496864,0.0834074541926384,nan,nan,nan,nan
GA,aggressive_sine,18,0.002984517253935337,0.011726200580596924,0.016935158520936966,0.6924175268923407,0.007785875350236893,0.010238716378808022,0.00703594833612442,0.004049823619425297,0.009819013997912407,9.213048219680786,0.018418024063110352,0.006295889505930245,0.004635009914636612,0.00909748784955591,0.006975099444389343,0.09039191901683807,nan,nan,nan,nan
GA,aggressive_sine,19,0.00714652705937624,0.014580590650439262,0.030633583664894104,0.4759675136261817,0.011953717097640038,0.014150778762996197,0.008819179609417915,0.010991029441356659,0.013853883370757103,9.19970965385437,0.018391513824462892,0.006304605711810291,0.004646996967494488,0.009124875642545521,0.0069149332121014595,0.08926790952682495,nan,nan,nan,nan
GA,random_smooth,0,0.0040344540029764175,0.009040974080562592,0.010904832743108273,0.8290795735749713,0.005328378640115261,0.003571046981960535,0.0028509970288723707,0.00526086613535881,0.009630603715777397,9.244130611419678,0.01848094367980957,0.006466628694720566,0.0051432084292173386,0.00933583516906947,0.007445960305631161,0.07879158854484558,nan,nan,nan,nan
GA,random_smooth,1,0.0026491577737033367,0.015223011374473572,0.019851079210639,0.7668606433404861,0.007335454225540161,0.00805098470300436,0.005516144447028637,0.0036752771120518446,0.01209941040724516,9.16691279411316,0.01832642412185669,0.006387680733948946,0.0046760449185967445,0.009251027257181703,0.006866053678095341,0.08953196555376053,nan,nan,nan,nan
GA,random_smooth,2,0.004412663169205189,0.018666371703147888,0.013821211643517017,1.3505597182504288,0.008851803839206696,0.014429280534386635,0.0028732966165989637,0.006641723215579987,0.011462915688753128,9.171106338500977,0.01833480167388916,0.006461638804711401,0.005078753922134638,0.009339429608359933,0.007147460710257292,0.0913967490196228,nan,nan,nan,nan
GA,random_smooth,3,0.004717874340713024,0.007197811268270016,0.008811689913272858,0.8168479984103967,0.005921623669564724,0.0064506856724619865,0.0046633887104690075,0.004988133907318115,0.007584285922348499,9.177402257919312,0.01834722900390625,0.00639011053275317,0.004923167638480663,0.009252284615673125,0.00727140624076128,0.08631768822669983,nan,nan,nan,nan
GA,random_smooth,4,0.0022874928545206785,0.008941370993852615,0.007991635240614414,1.118841228940422,0.007601292338222265,0.01011897437274456,0.0030667013488709927,0.0037392701487988234,0.013480222783982754,9.173667907714844,0.01833982038497925,0.0063898308411240575,0.0048168012872338295,0.009239855937100947,0.007049374282360077,0.0889035165309906,nan,nan,nan,nan
GA,random_smooth,5,0.004709223750978708,0.010938677005469799,0.01515287533402443,0.7218878770095848,0.009922957979142666,0.01361775677651167,0.006752640008926392,0.0051994165405631065,0.014122016727924347,9.157065868377686,0.01830652046203613,0.006451736893132329,0.004800323396921158,0.009339760905504226,0.007113513071089983,0.08621539175510406,nan,nan,nan,nan
GA,random_smooth,6,0.0032894304022192955,0.019628193229436874,0.009736224077641964,2.015996455392866,0.00555210467427969,0.008258016780018806,0.0032509376760572195,0.0035333100240677595,0.007166154682636261,9.150779008865356,0.01829407835006714,0.006391558846086264,0.004780486226081848,0.009243158478289843,0.007309064734727144,0.08797985315322876,nan,nan,nan,nan
GA,random_smooth,7,0.0034864346962422132,0.008221260271966457,0.014618034474551678,0.5624053142218763,0.008210251107811928,0.012858053669333458,0.004819013178348541,0.004757116548717022,0.01040681917220354,9.2199227809906,0.01843220615386963,0.006432990877702832,0.004924775566905737,0.00929167889393866,0.007156209088861942,0.086457259953022,nan,nan,nan,nan
GA,random_smooth,8,0.005655405577272177,0.012847407720983028,0.015002710744738579,0.8563390936193707,0.006988780107349157,0.009112457744777203,0.0051842643879354,0.008978348225355148,0.004680049140006304,9.25036096572876,0.018493168354034424,0.006417003707773984,0.004970173351466656,0.009283000205270946,0.007370922714471817,0.09142810106277466,nan,nan,nan,nan
GA,random_smooth,9,0.003190841991454363,0.011095722205936909,0.017868977040052414,0.6209489318312069,0.006160323973745108,0.008307162672281265,0.003318434115499258,0.005413343198597431,0.007602356374263763,9.210179090499878,0.018412803649902342,0.006435453919693828,0.004787788260728121,0.009306783123873175,0.007191288284957409,0.09347667545080185,nan,nan,nan,nan
GA,random_smooth,10,0.0033523961901664734,0.007735643535852432,0.02284684032201767,0.3385870180218109,0.008007082156836987,0.013327337801456451,0.005259010475128889,0.003015467431396246,0.01042651291936636,9.223869323730469,0.018440032958984377,0.006385282620228827,0.004630449693650007,0.009241510839946569,0.007146824151277542,0.09015609323978424,nan,nan,nan,nan
GA,random_smooth,11,0.0035576566588133574,0.00952437985688448,0.007968481630086899,1.195256549368567,0.006403383798897266,0.0073788962326943874,0.004245742689818144,0.006828400772064924,0.007160495966672897,9.241123676300049,0.018474605083465576,0.006453409395180643,0.004819677211344242,0.009322630897164345,0.007362858392298222,0.0829240083694458,nan,nan,nan,nan
GA,random_smooth,12,0.0038452232256531715,0.014134278520941734,0.010564124211668968,1.33795080763337,0.010873175226151943,0.017109835520386696,0.007832568138837814,0.0038016659673303366,0.014748631045222282,9.242303371429443,0.018476983070373536,0.006411269344948232,0.004858262371271849,0.009260433186590672,0.007229575887322426,0.08924362808465958,nan,nan,nan,nan
GA,random_smooth,13,0.006551173981279135,0.01487443782389164,0.013505461625754833,1.1013646357356772,0.008880022913217545,0.012018795125186443,0.007027162238955498,0.0038718811701983213,0.012602252885699272,9.238786935806274,0.018469927310943605,0.006401762239076197,0.004639562219381332,0.009265396311506628,0.007106098346412182,0.08902646601200104,nan,nan,nan,nan
GA,random_smooth,14,0.003005164908245206,0.022129042074084282,0.01432365644723177,1.5449296871652491,0.00958393793553114,0.013237595558166504,0.006294938735663891,0.0039008907042443752,0.0149023262783885,9.23744535446167,0.018467135429382324,0.006388649129122495,0.0048232171684503555,0.009233284389972687,0.007074871100485325,0.08883495628833771,nan,nan,nan,nan
GA,random_smooth,15,0.0033311962615698576,0.020930428057909012,0.015053724870085716,1.3903819977141534,0.008029527962207794,0.013008808717131615,0.0036768331192433834,0.004809515550732613,0.010622954927384853,9.253579378128052,0.01849955129623413,0.006474857497401535,0.004655051976442337,0.009365290927886964,0.00716359680518508,0.08379822969436646,nan,nan,nan,nan
GA,random_smooth,16,0.0029067310970276594,0.010898185893893242,0.01229375135153532,0.8864817241103716,0.005634473171085119,0.006757224909961224,0.004523552488535643,0.003988637588918209,0.007268477231264114,9.226985931396484,0.018446310520172118,0.006430849638581276,0.004537653177976608,0.009287973481975496,0.007141392678022385,0.08510054647922516,nan,nan,nan,nan
GA,random_smooth,17,0.004605800844728947,0.014411384239792824,0.009307187981903553,1.5484144370795587,0.010521451942622662,0.011493037454783916,0.011042777448892593,0.006983879953622818,0.012566111981868744,9.21763300895691,0.018427616119384767,0.006440168721973896,0.004758505150675774,0.00931526978481561,0.007305720821022987,0.09226495027542114,nan,nan,nan,nan
GA,random_smooth,18,0.0027299700304865837,0.00832311250269413,0.009435951709747314,0.8820639145595007,0.006073986180126667,0.012647333554923534,0.00439689215272665,0.003107598051428795,0.004144120961427689,9.178057432174683,0.018348695755004883,0.006406043345853686,0.0049490490928292274,0.009272169593721628,0.007273190654814243,0.09036660939455032,nan,nan,nan,nan
GA,random_smooth,19,0.006528625264763832,0.024314062669873238,0.012332848273217678,1.9714880237904382,0.00864286907017231,0.01240663044154644,0.005394091363996267,0.006303862668573856,0.010466892272233963,9.177417278289795,0.018347156047821046,0.006451660558953881,0.004804194439202547,0.009331152331270277,0.007098894100636244,0.09067396074533463,nan,nan,nan,nan
DE,smooth_sine,0,2.6105690002441406,0.015039737336337566,0.005221138242632151,2.8805476195848687,0.004974879790097475,0.010273333638906479,0.005123199429363012,0.0015293678734451532,0.002973617520183325,15.219139337539673,0.03043086290359497,0.022837430400494487,0.002529770601540804,0.0013935435563820647,0.0,0.06140671297907829,nan,nan,nan,nan
DE,smooth_sine,1,2.4851016998291016,0.020959820598363876,0.004970203619450331,4.217094952878789,0.004376839380711317,0.0012056216364726424,0.0028991582803428173,0.0049098520539700985,0.008492724969983101,15.319939613342285,0.030632512569427492,0.027524400059878825,0.004178732633590698,0.0015490788953844458,0.0,0.0531870499253273,nan,nan,nan,nan
DE,smooth_sine,2,2.568296194076538,0.012076321989297867,0.0051365927793085575,2.3510374499501348,0.00696043623611331,0.0008816705085337162,0.0058823153376579285,0.008768584579229355,0.012309174053370953,15.254774808883667,0.03050212526321411,0.020971824647765605,0.001833069254644215,0.0014526861957187066,0.0,0.062316592782735825,nan,nan,nan,nan
DE,smooth_sine,3,2.543173313140869,0.017525101080536842,0.005086347460746765,3.4455178722618864,0.006822854280471802,0.013384814374148846,0.006424173712730408,0.0056568775326013565,0.001825550920329988,15.263793706893921,0.030520090103149412,0.026010150957107545,0.003181932494044304,0.0014604045195766957,0.0,0.06545941531658173,nan,nan,nan,nan
DE,smooth_sine,4,2.599818706512451,0.02411685697734356,0.005199637729674578,4.638180240847842,0.009918315336108208,0.0035928371362388134,0.0066774203442037106,0.008219677023589611,0.021183326840400696,15.293033838272095,0.030578503131866455,0.01948251395635307,0.004049195908010006,0.0014970205045392504,0.0,0.0555848553776741,nan,nan,nan,nan
DE,smooth_sine,5,2.541410446166992,0.024160508066415787,0.005082821007817984,4.75336590237076,0.005027961917221546,0.0042708078399300575,0.007193500176072121,0.0017689680680632591,0.00687857111915946,15.255441665649414,0.030503429412841798,0.023702188678551464,0.0019893404096364975,0.0014089085634277484,0.0,0.06915462017059326,nan,nan,nan,nan
DE,smooth_sine,6,2.5722365379333496,0.011148199439048767,0.005144473165273666,2.1670245097790737,0.007480903994292021,0.007231432944536209,0.007880503311753273,0.002810921287164092,0.012000758200883865,15.286386966705322,0.03056505584716797,0.021428013565111904,0.002025210065767169,0.0014276922869107694,0.0,0.055263541638851166,nan,nan,nan,nan
DE,smooth_sine,7,2.596428871154785,0.01267763040959835,0.005192858166992664,2.4413588821241263,0.003055291948840022,0.0011222315952181816,0.003813360817730427,0.0066507719457149506,0.0006348034366965294,15.256284952163696,0.030505201816558837,0.021766835052799433,0.002115024719387293,0.001249069746711757,0.0,0.05719498544931412,nan,nan,nan,nan
DE,smooth_sine,8,2.4851932525634766,0.01499839499592781,0.004970386624336243,3.0175509732969177,0.003949781879782677,0.0016027645906433463,0.007492209784686565,0.004007816314697266,0.002696338575333357,15.236697912216187,0.030466102123260497,0.02085783517630771,0.0022078058682382107,0.0014050122924352763,0.0,0.050838179886341095,nan,nan,nan,nan
DE,smooth_sine,9,2.497763156890869,0.008242773823440075,0.004995526745915413,1.6500309662399006,0.002789699239656329,0.0015523997135460377,0.0054243020713329315,0.0035816680174320936,0.0006004259339533746,15.217060327529907,0.030426785469055175,0.02566603300664574,0.0025112892035394907,0.0014799710824416252,0.0,0.06038827449083328,nan,nan,nan,nan
DE,smooth_sine,10,2.533681869506836,0.01671908050775528,0.0050673638470470905,3.299364524119973,0.0034329406917095184,0.006052419543266296,0.0036020248662680387,0.0013086162507534027,0.0027687023393809795,15.260835409164429,0.030513865947723387,0.01922357633295469,0.0018571820110082626,0.0013168114398184117,0.0,0.059467293322086334,nan,nan,nan,nan
DE,smooth_sine,11,2.528670072555542,0.012740551494061947,0.0050573404878377914,2.519219642161967,0.006865333765745163,0.008172955363988876,0.005205930210649967,0.003464548382908106,0.01061789970844984,15.288712739944458,0.030569803237915038,0.01921498531801626,0.002548611955717206,0.0014208810388634447,0.0,0.061059802770614624,nan,nan,nan,nan
DE,smooth_sine,12,2.539834976196289,0.019283711910247803,0.0050796703435480595,3.7962526317758,0.0023975567892193794,0.001021149568259716,0.004824981093406677,0.0012488258071243763,0.002495270222425461,15.237791299819946,0.030468066692352296,0.019154417482391,0.0032169597689062357,0.001472780750435777,0.0,0.04893413558602333,nan,nan,nan,nan
DE,smooth_sine,13,2.484271287918091,0.011258515529334545,0.004968543071299791,2.2659591288174687,0.007144903298467398,0.005147429183125496,0.006944903172552586,0.007888196967542171,0.008599085733294487,15.295747518539429,0.030583691596984864,0.020618014817498625,0.0019640177488327026,0.0013953372420801315,0.0,0.04780774936079979,nan,nan,nan,nan
DE,smooth_sine,14,2.5944790840148926,0.013951691798865795,0.005188958253711462,2.6887269306679595,0.008289775811135769,0.010084694251418114,0.005962488707154989,0.0025145867839455605,0.014597333036363125,15.273961067199707,0.030540111541748047,0.017660076518636197,0.0032049838919192553,0.0013277874809049536,0.0,0.05241157114505768,nan,nan,nan,nan
DE,smooth_sine,15,2.5998308658599854,0.010152979753911495,0.005199662409722805,1.9526228731554809,0.00418073870241642,0.005530265625566244,0.003831639885902405,0.003256998723372817,0.004104049876332283,15.417547702789307,0.030827403545379637,0.020396233344031497,0.0015524877235293388,0.0012720732846151805,0.0,0.05652058869600296,nan,nan,nan,nan
DE,smooth_sine,16,2.4694409370422363,0.015258131548762321,0.004938882309943438,3.089389580724199,0.006750013679265976,0.01126783899962902,0.003893680637702346,0.006540515925735235,0.005298019386827946,15.27898120880127,0.030550313949584962,0.021383251665718854,0.003085910342633724,0.0012999561930752503,0.0,0.05575025826692581,nan,nan,nan,nan
DE,smooth_sine,17,2.487929344177246,0.02239331603050232,0.004975859075784683,4.500391930205728,0.010002166964113712,0.012219183146953583,0.008479500189423561,0.0076567563228309155,0.011653228662908077,15.306533575057983,0.03060562229156494,0.020559023391641677,0.003574456786736846,0.0014146146959683392,0.0,0.055912457406520844,nan,nan,nan,nan
DE,smooth_sine,18,2.5724964141845703,0.010779408738017082,0.005144992843270302,2.095126089848045,0.005009565968066454,0.006083985790610313,0.005420403089374304,0.0020965994335711002,0.006437275558710098,15.437321186065674,0.030867002487182618,0.019392263557994737,0.001574167748913169,0.00128071341427858,0.0,0.049845464527606964,nan,nan,nan,nan
DE,smooth_sine,19,2.5751678943634033,0.014590555801987648,0.005150335840880871,2.8329328907398397,0.007781761698424816,0.007283629383891821,0.005006657913327217,0.0044174473732709885,0.014419309794902802,15.39637804031372,0.03078511333465576,0.027477719714678824,0.003063157433643937,0.0015607062836817931,0.0,0.05742279067635536,nan,nan,nan,nan
DE,multi_frequency,0,2.6031787395477295,0.015084384009242058,0.005206357687711716,2.897300745364636,0.003713484387844801,0.0056798337027430534,0.004159032832831144,0.0013522529043257236,0.0036628171801567078,15.41104793548584,0.03081403923034668,0.01748058282006532,0.0025793458335101604,0.0012319763302250067,0.0,0.05864543467760086,nan,nan,nan,nan
DE,multi_frequency,1,2.4903969764709473,0.020923959091305733,0.004980794154107571,4.20092829454719,0.00666093360632658,0.006688488647341728,0.008207286708056927,0.007297390606254339,0.0044505661353468895,15.275637149810791,0.030543781757354737,0.022070437452849,0.0030163568444550037,0.0015766361510846764,0.0,0.05055039003491402,nan,nan,nan,nan
DE,multi_frequency,2,2.565981864929199,0.011951453983783722,0.005131964106112719,2.3288264954051923,0.00316976523026824,0.00241215992718935,0.004621734842658043,0.0034013695549219847,0.002243796130642295,15.273739576339722,0.03053988599777222,0.022475362960994245,0.0017442501848563552,0.0015067345946910792,0.0,0.06234683096408844,nan,nan,nan,nan
DE,multi_frequency,3,2.5455384254455566,0.01765170320868492,0.00509107718244195,3.4671843651402336,0.009506311267614365,0.008354974910616875,0.008926601149141788,0.004870228469371796,0.015873443335294724,15.263386964797974,0.030518676280975342,0.021298198878765107,0.0021648963447660208,0.0014173639244982042,0.0,0.06829833984375,nan,nan,nan,nan
DE,multi_frequency,4,2.589061737060547,0.02482086606323719,0.005178123712539673,4.793409242643123,0.0036009526811540127,0.004755750298500061,0.003520237049087882,0.0028203686233609915,0.0033074538223445415,15.223073959350586,0.030438416957855225,0.018525693674758075,0.0015099614392966032,0.0014502415989816654,0.0,0.055796973407268524,nan,nan,nan,nan
DE,multi_frequency,5,2.5722129344940186,0.02460472099483013,0.005144426133483648,4.782792163091778,0.0064130667597055435,0.007662204559892416,0.006358124315738678,0.0021167255472391844,0.00951521284878254,15.26925539970398,0.03053056001663208,0.019895449946448207,0.00501962099224329,0.0015333315333526116,0.0,0.07033240050077438,nan,nan,nan,nan
DE,multi_frequency,6,2.563838005065918,0.011178993619978428,0.005127676296979189,2.1801285753088946,0.004541745409369469,0.0032899193465709686,0.00788842886686325,0.0013291090726852417,0.005659524351358414,15.269885540008545,0.03053179121017456,0.01919774369522929,0.001947473268955946,0.0013421127047462506,0.0,0.05190812423825264,nan,nan,nan,nan
DE,multi_frequency,7,2.6146719455718994,0.012554533779621124,0.005229344125837088,2.400785543562111,0.0036069974303245544,0.0019232904305681586,0.006395015865564346,0.005122179631143808,0.0009875036776065826,15.359176874160767,0.03071033477783203,0.021238246014714243,0.003122131573036313,0.0014703614392948111,0.0,0.05580620840191841,nan,nan,nan,nan
DE,multi_frequency,8,2.4846506118774414,0.014980282634496689,0.004969301167875528,3.014565253427988,0.007095019333064556,0.007857928983867168,0.0063161770813167095,0.005130138248205185,0.009075833484530449,15.58292555809021,0.031157331943511963,0.019087423944752664,0.0033495244570076466,0.0014112826931566814,0.0,0.04152187332510948,nan,nan,nan,nan
DE,multi_frequency,9,2.493624210357666,0.00820223055779934,0.004987248219549656,1.6446405305529375,0.004425778519362211,0.004633121192455292,0.005405002739280462,0.001037233741953969,0.006627757102251053,15.360212087631226,0.030712424755096435,0.01940796333393082,0.002935762982815504,0.0014122700687148608,0.0,0.06214922294020653,nan,nan,nan,nan
DE,multi_frequency,10,2.520786762237549,0.016599440947175026,0.005041573662310839,3.2925118344034194,0.0045602209866046906,0.0015214222948998213,0.005476165562868118,0.003803455037996173,0.007439841516315937,15.306641817092896,0.03060525369644165,0.017540759816579522,0.003792182542383671,0.0013410597900074207,0.0,0.049219608306884766,nan,nan,nan,nan
DE,multi_frequency,11,2.512263059616089,0.013071049004793167,0.00502452626824379,2.601449033594536,0.0021872916258871555,0.0021861137356609106,0.003991363104432821,0.0017620932776480913,0.0008095960947684944,15.305064916610718,0.030601850509643556,0.01654134637657553,0.002041846513748169,0.0012903479599190178,0.0,0.05414153262972832,nan,nan,nan,nan
DE,multi_frequency,12,2.546388626098633,0.018945185467600822,0.005092777777463198,3.7200102371318766,0.0041837324388325214,0.005715891718864441,0.0077026039361953735,0.0017126635648310184,0.0016037694877013564,15.37697982788086,0.030745877742767335,0.02122571759726852,0.003978610038757324,0.0015093376528879162,0.0,0.05625883489847183,nan,nan,nan,nan
DE,multi_frequency,13,2.4863696098327637,0.01104850322008133,0.004972739610821009,2.2218141476861284,0.0023941490799188614,0.0010949461720883846,0.0017135490197688341,0.002421718090772629,0.004346383269876242,15.348547458648682,0.030689293384552,0.021063691136334092,0.002683288650587201,0.001433182589848002,0.0,0.046475671231746674,nan,nan,nan,nan
DE,multi_frequency,14,2.6112704277038574,0.013483589515089989,0.005222541280090809,2.5818062111814535,0.007619992829859257,0.008990022353827953,0.009237555786967278,0.009249841794371605,0.0030025518499314785,15.613799810409546,0.031219223022460937,0.013745477013476193,0.003294783178716898,0.0013558968653262127,0.0,0.0542069673538208,nan,nan,nan,nan
DE,multi_frequency,15,2.587700843811035,0.010137712582945824,0.005175401922315359,1.9588261424168651,0.004932495765388012,0.007083538919687271,0.005542542319744825,0.002769042504951358,0.004334859549999237,15.37107801437378,0.030733906745910644,0.02061874383902177,0.0016717447433620691,0.0014584660712602272,0.0,0.05652058869600296,nan,nan,nan,nan
DE,multi_frequency,16,2.479796886444092,0.01593276485800743,0.004959593527019024,3.212514245614773,0.004292745143175125,0.0043302131816744804,0.0036057610996067524,0.003427930176258087,0.005807075649499893,15.293483257293701,0.030579073429107664,0.024390511247701942,0.004157321527600288,0.0016027088993578217,0.0,0.05575025826692581,nan,nan,nan,nan
DE,multi_frequency,17,2.4696669578552246,0.022828133776783943,0.004939334001392126,4.621702798464317,0.003589808475226164,0.004686030559241772,0.005836416035890579,0.0006566073279827833,0.003180180210620165,15.370489835739136,0.03073316192626953,0.023230404350720345,0.0023660571314394474,0.0015539862743575669,0.0,0.05840228497982025,nan,nan,nan,nan
DE,multi_frequency,18,2.57352352142334,0.011078739538788795,0.005147046875208616,2.1524458213409527,0.004270832519978285,0.0066041527315974236,0.007761865854263306,0.0018579749157652259,0.0008593356469646096,15.324033975601196,0.03063982915878296,0.01941925869761035,0.0020140267442911863,0.001559800713052391,0.0,0.05025821924209595,nan,nan,nan,nan
DE,multi_frequency,19,2.5591838359832764,0.014754727482795715,0.005118367727845907,2.882701725888953,0.005042937584221363,0.006532440893352032,0.005543633364140987,0.002366570755839348,0.005729105323553085,15.302401542663574,0.030596900939941406,0.016304484134120868,0.00170324242208153,0.0012625754573906305,0.0,0.05460156872868538,nan,nan,nan,nan
DE,slow_sine,0,2.6419577598571777,0.015345421619713306,0.005283915903419256,2.9041759748263942,0.004364547785371542,0.006311807781457901,0.006409385707229376,0.0010691217612475157,0.0036678756587207317,15.301838397979736,0.030595759868621827,0.025674851072765886,0.004656755831092596,0.0014154082378809107,0.0,0.053208284080028534,nan,nan,nan,nan
DE,slow_sine,1,2.497753143310547,0.022914791479706764,0.004995506722480059,4.587080501080886,0.005089606158435345,0.005318469367921352,0.006229306571185589,0.0011600309517234564,0.007650616578757763,15.322649717330933,0.03063757276535034,0.023736659970507026,0.0037198744248598814,0.0013158615287473367,0.0,0.05592329800128937,nan,nan,nan,nan
DE,slow_sine,2,2.605093479156494,0.012781606987118721,0.0052101872861385345,2.4531953047299475,0.008307204581797123,0.006716636475175619,0.006433695554733276,0.0034699838142842054,0.016608502715826035,15.257852554321289,0.03050794315338135,0.026891025510802864,0.00404792744666338,0.0014430823227099608,0.0,0.05247374251484871,nan,nan,nan,nan
DE,slow_sine,3,2.540242910385132,0.016669724136590958,0.005080486182123423,3.281127738373995,0.004722110461443663,0.005412566941231489,0.009021648205816746,0.0023931865580379963,0.002061039675027132,14.791895389556885,0.029576220512390138,0.027796227540168913,0.003536607138812542,0.0013985903676442832,0.0,0.066239133477211,nan,nan,nan,nan
DE,slow_sine,4,2.5944325923919678,0.027573073282837868,0.005188865587115288,5.313892375879969,0.006503803189843893,0.01191735826432705,0.007170422933995724,0.002273826627060771,0.004653605632483959,15.15763258934021,0.030307468891143798,0.026529581431113183,0.006811185274273157,0.0015296209675318096,0.0,0.05560235679149628,nan,nan,nan,nan
DE,slow_sine,5,2.567858934402466,0.02233785204589367,0.005135718267410994,4.34950884818582,0.008825942873954773,0.005284863989800215,0.004201406612992287,0.014717045240104198,0.01110045425593853,15.207937240600586,0.030408193588256836,0.026738651992194353,0.004485500976443291,0.0015310663038049825,0.0,0.06300975382328033,nan,nan,nan,nan
DE,slow_sine,6,2.5782113075256348,0.010013172402977943,0.005156422965228558,1.9418834472074986,0.008473755791783333,0.006603891029953957,0.006843296345323324,0.0042055584490299225,0.01624227687716484,15.181580543518066,0.03035533046722412,0.03083904891740531,0.004449521191418171,0.001478066937654512,0.0,0.06016160175204277,nan,nan,nan,nan
DE,slow_sine,7,2.6094040870666504,0.0134307025000453,0.00521880853921175,2.573518917035013,0.006034619174897671,0.00453161122277379,0.006223719567060471,0.004237779416143894,0.009145365096628666,15.159995794296265,0.030312132835388184,0.028238695337064565,0.004721273202449083,0.0014436010076780803,0.0,0.061825819313526154,nan,nan,nan,nan
DE,slow_sine,8,2.500476837158203,0.012190083041787148,0.005000954028218985,2.437551509772319,0.006010160781443119,0.006442131008952856,0.00481651583686471,0.003520058002322912,0.00926193781197071,15.186695098876953,0.03036532211303711,0.032148070519417524,0.005419229622930288,0.0014241593405080494,0.0,0.05016756057739258,nan,nan,nan,nan
DE,slow_sine,9,2.5391807556152344,0.008823462761938572,0.005078361835330725,1.7374624038312445,0.009406093508005142,0.008314339444041252,0.008495659567415714,0.00402603205293417,0.016788344830274582,15.21719741821289,0.03042626619338989,0.029242132707312702,0.005254419520497322,0.0015275573169230483,0.0,0.06275475025177002,nan,nan,nan,nan
DE,slow_sine,10,2.549802780151367,0.015985364094376564,0.005099605768918991,3.134627423908716,0.005889821797609329,0.004362438805401325,0.008441753685474396,0.006856308318674564,0.0038987863808870316,15.1867094039917,0.030365477085113526,0.024976047368347645,0.005273345857858658,0.0015106377200281714,0.0,0.06535787880420685,nan,nan,nan,nan
DE,slow_sine,11,2.5177597999572754,0.014225959777832031,0.005035520065575838,2.8251222500500983,0.0061486950144171715,0.007717352360486984,0.007580350153148174,0.007530720438808203,0.0017663579201325774,15.166166067123413,0.03032438850402832,0.030358684348128735,0.004423307254910469,0.0014199822882481384,0.0,0.05899369716644287,nan,nan,nan,nan
DE,slow_sine,12,2.5534777641296387,0.015596545301377773,0.0051069557666778564,3.05398088684123,0.00879247672855854,0.009148839861154556,0.005443877540528774,0.007767298724502325,0.012809891253709793,15.246315240859985,0.030484757423400878,0.02695278083924204,0.004510429222136736,0.0014723504618363223,0.0,0.06559909135103226,nan,nan,nan,nan
DE,slow_sine,13,2.49520206451416,0.00993469450622797,0.004990404471755028,1.990759378815267,0.002958238124847412,0.0034281916450709105,0.005408415105193853,0.0014459192752838135,0.0015504276379942894,15.225273609161377,0.03044247531890869,0.02651144601535052,0.0047042835503816605,0.0013955707897199319,0.0,0.054925646632909775,nan,nan,nan,nan
DE,slow_sine,14,2.5977344512939453,0.014019730500876904,0.005195469129830599,2.698453238877011,0.0067240409553050995,0.007374207489192486,0.006796355824917555,0.0034226865973323584,0.009302914142608643,15.211997509002686,0.030416165351867676,0.02642045033313334,0.0053766872733831406,0.001464549949413049,0.0,0.05357961356639862,nan,nan,nan,nan
DE,slow_sine,15,2.5994672775268555,0.010914337821304798,0.005198934581130743,2.0993412498241097,0.009945551864802837,0.01568610779941082,0.008665020577609539,0.006154710426926613,0.009276367723941803,15.259324312210083,0.030510737895965576,0.019640304301772268,0.0036074072122573853,0.0012519963249826105,0.0,0.05556579679250717,nan,nan,nan,nan
DE,slow_sine,16,2.4657602310180664,0.017141886055469513,0.0049315206706523895,3.4759838192469377,0.006535610184073448,0.012472308240830898,0.004897398874163628,0.0044983490370213985,0.004274384584277868,15.254748582839966,0.030501805305480956,0.027247712989058346,0.0028317621909081936,0.0013473147313809023,0.0,0.058079611510038376,nan,nan,nan,nan
DE,slow_sine,17,2.4732954502105713,0.02423805370926857,0.004946591332554817,4.899950709441383,0.008745843544602394,0.014099769294261932,0.00924835167825222,0.004351504147052765,0.007283746264874935,15.274263620376587,0.030540637969970703,0.020968759301584212,0.003690068144351244,0.0013195248270378216,0.0,0.06584566831588745,nan,nan,nan,nan
DE,slow_sine,18,2.603128433227539,0.013724785298109055,0.005206257104873657,2.636209664955093,0.008665939792990685,0.010603560134768486,0.004586772061884403,0.007493301294744015,0.011980126611888409,15.26862645149231,0.030529419422149658,0.024737437450885774,0.003929229453206062,0.0013569267905317248,0.0,0.05150455981492996,nan,nan,nan,nan
DE,slow_sine,19,2.5760719776153564,0.016367118805646896,0.005152144003659487,3.176758800612248,0.006559267174452543,0.006647096015512943,0.005360770970582962,0.0026331886183470488,0.011596012860536575,15.24949026107788,0.030491186141967774,0.024742273990437387,0.005611141212284565,0.0013788330793322529,0.0,0.055466748774051666,nan,nan,nan,nan
DE,aggressive_sine,0,3.789555788040161,0.015385807491838932,0.007579111959785223,2.0300277358978263,0.009496727958321571,0.012111875228583813,0.006196314003318548,0.0009168802644126117,0.01876183971762657,15.267897844314575,0.030527691841125488,0.013128184174839408,0.0026982317212969065,0.0015765659787561163,0.0,0.050796542316675186,nan,nan,nan,nan
DE,aggressive_sine,1,2.4617326259613037,0.02204652689397335,0.00492346566170454,4.477847193178286,0.0021583077032119036,0.0016400113236159086,0.0048115742392838,0.0013574933400377631,0.0008241517352871597,15.263743877410889,0.030519652366638183,0.018444582853280007,0.0012108576484024525,0.0015399612889712443,0.0,0.05571172386407852,nan,nan,nan,nan
DE,aggressive_sine,2,2.555748462677002,0.013654648326337337,0.005111497361212969,2.6713597526140678,0.0012417862890288234,0.0012519541196525097,0.002766338177025318,0.0001829449029173702,0.0007659079856239259,15.256083011627197,0.03050390863418579,0.017818465255154296,0.001674603670835495,0.0015429352998631658,0.0,0.05031559243798256,nan,nan,nan,nan
DE,aggressive_sine,3,2.5359435081481934,0.016014711931347847,0.005071887280791998,3.1575449225770407,0.0030282423831522465,0.001221236540004611,0.00723420362919569,0.0015414910158142447,0.002116038464009762,15.238790512084961,0.030469051361083986,0.017200907178968192,0.0015487633645534515,0.0014383053817145991,0.0,0.0610266849398613,nan,nan,nan,nan
DE,aggressive_sine,4,2.5904297828674316,0.022721795365214348,0.005180859938263893,4.385718903033774,0.0044841468334198,0.008554436266422272,0.0042137522250413895,0.002658658428117633,0.0025097420439124107,15.23172402381897,0.030454557418823244,0.01787368172223214,0.0009595105657353997,0.001488313292926614,0.0,0.058788176625967026,nan,nan,nan,nan
DE,aggressive_sine,5,2.5387966632843018,0.02273814007639885,0.005077593959867954,4.478132803866453,0.00411068182438612,0.00528710475191474,0.006723344326019287,0.0004736366681754589,0.003958641551434994,15.437722444534302,0.030866312980651855,0.01882639402197674,0.002894139150157571,0.0016691048658452928,0.0,0.05214338004589081,nan,nan,nan,nan
DE,aggressive_sine,6,2.5632858276367188,0.010748608037829399,0.005126572214066982,2.096646177798084,0.0032847397960722446,0.005026550963521004,0.004224484320729971,0.0023395137395709753,0.0015484098112210631,15.4781174659729,0.030947194576263427,0.014710460162023082,0.0012803508434444666,0.0013916837455210044,0.0,0.057145439088344574,nan,nan,nan,nan
DE,aggressive_sine,7,2.597862482070923,0.013134665787220001,0.005195725243538618,2.527975435874754,0.002242628252133727,0.0019913585856556892,0.004776265472173691,0.0012740055099129677,0.0009288830915465951,15.335985660552979,0.030663196563720702,0.017630740245897322,0.0021137252915650606,0.0014132897220828454,0.0,0.05171534791588783,nan,nan,nan,nan
DE,aggressive_sine,8,2.485348701477051,0.01475795079022646,0.004970697686076164,2.9689898123489153,0.0029032628517597914,0.001873952685855329,0.005360482260584831,0.0004671285569202155,0.0039114877581596375,15.301123857498169,0.030593305587768554,0.017214153456827627,0.0014964004512876272,0.0014091760086259455,0.0,0.054031603038311005,nan,nan,nan,nan
DE,aggressive_sine,9,2.4768805503845215,0.008800804615020752,0.004953760653734207,1.776590600594842,0.002536672865971923,0.003905882593244314,0.0007971926825121045,0.0006644655950367451,0.004779150243848562,15.288181066513062,0.03056811761856079,0.016686510300729422,0.0010628903983160853,0.001475896158714022,0.0,0.048545561730861664,nan,nan,nan,nan
DE,aggressive_sine,10,2.5224990844726562,0.01650572381913662,0.005044998601078987,3.271700375815069,0.0033845247235149145,0.004084793850779533,0.005961881019175053,0.0013905533123761415,0.002100870478898287,15.308375597000122,0.03060776996612549,0.016240050076460465,0.0009386570891365409,0.0014289473545810324,0.0,0.05540366470813751,nan,nan,nan,nan
DE,aggressive_sine,11,2.507772445678711,0.01224487368017435,0.005015545058995485,2.4413844429954654,0.0036256960593163967,0.007653213106095791,0.0035451827570796013,0.0022424671333283186,0.0010619218228384852,15.242870807647705,0.030477518081665038,0.018711806647991762,0.0013240254484117031,0.0015504020945917546,0.0,0.050455253571271896,nan,nan,nan,nan
DE,aggressive_sine,12,2.541781425476074,0.01994498446583748,0.005083563271909952,3.9234260299358725,0.0037443439941853285,0.0019197337096557021,0.007031891494989395,0.00176199059933424,0.004263760056346655,15.299413204193115,0.03059024953842163,0.01744463091697544,0.0020459447987377644,0.0016621660011238418,0.0,0.05860627815127373,nan,nan,nan,nan
DE,aggressive_sine,13,2.4849958419799805,0.01176640298217535,0.004969991743564606,2.3674894424947643,0.0028802035376429558,0.002299637533724308,0.002627401612699032,0.00322575937025249,0.003368015866726637,15.26869535446167,0.030529342651367187,0.017180149004794656,0.0027434593066573143,0.0014148525042575785,0.0,0.059624239802360535,nan,nan,nan,nan
DE,aggressive_sine,14,2.577622413635254,0.014098839834332466,0.005155244842171669,2.734853584256392,0.0032670237123966217,0.005484896712005138,0.004811516031622887,0.00182540831156075,0.0009462741436436772,15.358410835266113,0.03070805263519287,0.015858849837258458,0.0017080965917557478,0.0015157287842666846,0.0,0.06195273622870445,nan,nan,nan,nan
DE,aggressive_sine,15,2.593454599380493,0.011016798205673695,0.005186909809708595,2.1239617826114903,0.0037255375646054745,0.00136683345772326,0.006007079035043716,0.0011219421867281199,0.006406295113265514,15.298111915588379,0.030587718963623046,0.018397291868366302,0.0019322442822158337,0.0014796465578794597,0.0,0.053317248821258545,nan,nan,nan,nan
DE,aggressive_sine,16,2.4617719650268555,0.0161407683044672,0.004923544358462095,3.2782822961117564,0.00312750693410635,0.003297087736427784,0.006021168082952499,0.0014478052034974098,0.0017439665971323848,15.308966875076294,0.03060923767089844,0.01746810579681769,0.0016159088118001819,0.0013940682179978466,0.0,0.05279520899057388,nan,nan,nan,nan
DE,aggressive_sine,17,2.4658524990081787,0.022993169724941254,0.004931705072522163,4.662316457861932,0.001964372582733631,0.0010519882198423147,0.0037498585879802704,0.0022304710000753403,0.0008251719991676509,15.30294942855835,0.030597742080688477,0.021983033602591604,0.0022628840524703264,0.0016296777287134318,0.0,0.05597319453954697,nan,nan,nan,nan
DE,aggressive_sine,18,2.5658750534057617,0.011726200580596924,0.005131750367581844,2.2850294228404726,0.004057783633470535,0.010470489971339703,0.00426414655521512,0.0002158712304662913,0.0012806275626644492,15.273780107498169,0.030539162158966064,0.015384264998836442,0.0011406729463487864,0.001366117301423219,0.0,0.053685370832681656,nan,nan,nan,nan
DE,aggressive_sine,19,2.547703742980957,0.014580590650439262,0.005095407832413912,2.8615159237473273,0.0046129245311021805,0.00900699757039547,0.007943568751215935,0.000609206035733223,0.0008919250685721636,15.268094301223755,0.030528151512145996,0.017561659094598146,0.0013320406433194876,0.0015376558333373396,0.0,0.05402963235974312,nan,nan,nan,nan
DE,random_smooth,0,2.5527021884918213,0.009040974080562592,0.005105404183268547,1.770863531273726,0.0017625985201448202,0.0013399053132161498,0.0032501849345862865,0.0011216388083994389,0.001338664791546762,15.392688274383545,0.030777959823608397,0.016538015725184232,0.0015738121001049876,0.001341096159061999,0.0,0.056284092366695404,nan,nan,nan,nan
DE,random_smooth,1,2.631755828857422,0.015223011374473572,0.005263512022793293,2.892177562918318,0.003918811678886414,0.0065863123163580894,0.006434247829020023,0.0008326729293912649,0.001822013407945633,15.447276830673218,0.03088701868057251,0.015226233436353504,0.0018507817294448614,0.0013384882950093016,0.0,0.06035299971699715,nan,nan,nan,nan
DE,random_smooth,2,2.53188157081604,0.018666371703147888,0.005063763353973627,3.686264621449983,0.0025712845381349325,0.0016615651547908783,0.006473582237958908,0.0012767419684678316,0.0008732484420761466,15.357381582260132,0.030707420349121092,0.018827332346048206,0.002000401495024562,0.0014493499094707658,0.0,0.056302960962057114,nan,nan,nan,nan
DE,random_smooth,3,2.503765344619751,0.007197811268270016,0.005007531028240919,1.4373972378157214,0.0016495033632963896,0.0023936768993735313,0.0029216050170361996,0.000506859621964395,0.000775871507357806,15.408202171325684,0.03080878734588623,0.015324999853316694,0.002089322544634342,0.001293961481579754,0.0,0.05373465642333031,nan,nan,nan,nan
DE,random_smooth,4,2.56337308883667,0.008941370993852615,0.005126746371388435,1.7440634558699841,0.0029945969581604004,0.0028949351981282234,0.006335705518722534,0.001164513872936368,0.001583233242854476,15.297445058822632,0.030587517738342285,0.016559770334511996,0.0018845373997464776,0.001357675378047861,0.0,0.05983300879597664,nan,nan,nan,nan
DE,random_smooth,5,2.567579507827759,0.010938677005469799,0.005135159473866224,2.1301533206785006,0.0025406833738088608,0.0015005473978817463,0.005906752310693264,0.0010745301842689514,0.0016809034859761596,15.336130619049072,0.030664353370666503,0.016627273967023938,0.0012479779543355107,0.0013783266661048402,0.0,0.05759997293353081,nan,nan,nan,nan
DE,random_smooth,6,2.5367207527160645,0.019628193229436874,0.005073441658169031,3.868812248551716,0.001155042089521885,0.0014023312833160162,0.0024216491729021072,0.0003243464161641896,0.00047184174763970077,15.27427887916565,0.030540838241577148,0.015443010644428433,0.001720891334116459,0.0012730799235752784,0.0,0.06172802299261093,nan,nan,nan,nan
DE,random_smooth,7,2.599806308746338,0.008221260271966457,0.00519961304962635,1.58112924817689,0.0030235815793275833,0.0024092604871839285,0.006499257870018482,0.0011411351151764393,0.0020446728449314833,15.299532651901245,0.030591586589813233,0.016161654277145863,0.0014007617719471455,0.001460827683833486,0.0,0.05971304327249527,nan,nan,nan,nan
DE,random_smooth,8,2.5581305027008057,0.012847407720983028,0.00511626061052084,2.5110932962570787,0.0033201430924236774,0.0038404371589422226,0.0067461105063557625,0.0009372813510708511,0.0017567435279488564,15.248565912246704,0.030489708423614502,0.015395279404148459,0.0022354864049702883,0.0013228071147226728,0.0,0.05369747430086136,nan,nan,nan,nan
DE,random_smooth,9,2.582198143005371,0.011095722205936909,0.005164396483451128,2.1485031680840563,0.002379657933488488,0.0028431378304958344,0.004368701484054327,0.00071384955663234,0.001592942513525486,15.254703998565674,0.03050184392929077,0.015816314841713756,0.002885059453547001,0.0014370178496814334,0.0,0.04648149758577347,nan,nan,nan,nan
DE,random_smooth,10,2.5868163108825684,0.007735643535852432,0.005173632875084877,1.4952053465381467,0.0020548254251480103,0.0038153515197336674,0.0028315100353211164,0.0002921026316471398,0.0012803373392671347,15.240214347839355,0.030472958087921144,0.015169978848844766,0.0015039596473798156,0.0011967963173259621,0.0,0.06317794322967529,nan,nan,nan,nan
DE,random_smooth,11,2.5295050144195557,0.00952437985688448,0.005059010349214077,1.8826567252158524,0.0017998762195929885,0.0016595746856182814,0.0042288172990083694,0.0008985598105937243,0.0004125529376324266,15.27280044555664,0.03053768301010132,0.020012366412114353,0.002088012406602502,0.001395438187441323,0.0,0.052376531064510345,nan,nan,nan,nan
DE,random_smooth,12,2.5041704177856445,0.014134278520941734,0.005008341278880835,2.822147640086577,0.0018863908480852842,0.002400243654847145,0.004199407994747162,0.0005655167624354362,0.0003803949221037328,15.34026575088501,0.030672619342803954,0.020368729710020125,0.00246898690238595,0.0015470499185379594,0.0,0.05623906850814819,nan,nan,nan,nan
DE,random_smooth,13,2.5332281589508057,0.01487443782389164,0.005066457204520702,2.9358656795954903,0.0021179369650781155,0.0011414755135774612,0.0055450438521802425,0.0008848730358295143,0.0009003552841022611,15.229283332824707,0.030451056957244874,0.016610646797716618,0.0017492009792476892,0.0014078121268132236,0.0,0.05350250005722046,nan,nan,nan,nan
DE,random_smooth,14,2.606344223022461,0.022129042074084282,0.005212688352912664,4.245226373780692,0.0024037857074290514,0.0042557609267532825,0.003275676164776087,0.0013756162952631712,0.0007080890936776996,15.253298282623291,0.030498768806457518,0.016332317681144924,0.0020514754578471184,0.0012835935351751687,0.0,0.054426904767751694,nan,nan,nan,nan
DE,random_smooth,15,2.5388128757476807,0.020930428057909012,0.0050776260904967785,4.122089276538526,0.001977561041712761,0.0008469349704682827,0.004369810223579407,0.0014296675799414515,0.0012638315092772245,15.239696741104126,0.030471563816070555,0.01587669773567468,0.0021545984782278538,0.0014003551362809959,0.0,0.0613800510764122,nan,nan,nan,nan
DE,random_smooth,16,2.5998878479003906,0.010898185893893242,0.005199776031076908,2.0958952517876344,0.0022035017609596252,0.0033955746330320835,0.003556417301297188,0.000882666208781302,0.000979348667897284,15.264172077178955,0.030520647525787353,0.015683301377110184,0.0018260817741975188,0.0012435594242386288,0.0,0.047510698437690735,nan,nan,nan,nan
DE,random_smooth,17,2.5363125801086426,0.014411384239792824,0.005072625353932381,2.8410109626213353,0.002816969994455576,0.0037239945959299803,0.00533662736415863,0.0009216800099238753,0.0012855781242251396,15.250774621963501,0.030493673324584962,0.01751509624333121,0.0015790394973009825,0.00135352027019253,0.0,0.06391601264476776,nan,nan,nan,nan
DE,random_smooth,18,2.613953113555908,0.00832311250269413,0.005227906629443169,1.5920545435564972,0.0016346678603440523,0.0011678461451083422,0.0035346201620996,0.0004810129466932267,0.00135519215837121,15.38578462600708,0.030763453006744386,0.014825710858684032,0.0015154085122048855,0.0013350617007949041,0.0,0.06039987504482269,nan,nan,nan,nan
DE,random_smooth,19,2.566957473754883,0.024314062669873238,0.005133915226906538,4.735968864940487,0.002287512645125389,0.0016313651576638222,0.0051972633227705956,0.0015122825279831886,0.0008091391064226627,15.330761432647705,0.030653469085693358,0.018579044566117225,0.0014815687900409102,0.001330442482228682,0.0,0.048997655510902405,nan,nan,nan,nan
PSO_topology,smooth_sine,0,2.643733263015747,0.015039737336337566,0.005287467036396265,2.8444125008839913,0.0044823321513831615,0.005997630767524242,0.005097421817481518,0.004214187152683735,0.0026200886350125074,11.56001615524292,0.02311243391036987,0.028664571917802095,0.021598991006612778,0.00329119873335585,0.0014893042389303446,0.017030984163284302,nan,nan,nan,nan
PSO_topology,smooth_sine,1,2.5122547149658203,0.020959820598363876,0.005024509504437447,4.171515762852672,0.007384779863059521,0.004767009522765875,0.0025001107715070248,0.008046029135584831,0.014225970022380352,11.421762943267822,0.022836208820343016,0.02814776910468936,0.023365568369627,0.002950469626346603,0.001093221828341484,0.01691136509180069,nan,nan,nan,nan
PSO_topology,smooth_sine,2,2.597853183746338,0.012076321989297867,0.005195706617087126,2.3242886635635767,0.004300349857658148,0.0033976733684539795,0.004138568881899118,0.001685765921138227,0.007979391142725945,11.343528270721436,0.02267945337295532,0.014172573255375027,0.003981908783316612,0.0022667998526943846,0.0003087229561060667,0.016958868131041527,nan,nan,nan,nan
PSO_topology,smooth_sine,3,2.6501412391662598,0.017525101080536842,0.005300282035022974,3.3064468956057884,0.005242291837930679,0.0060806735418736935,0.0035427878610789776,0.007844662293791771,0.00350104458630085,11.382831335067749,0.022757908821105958,0.03265725078508258,0.02278594858944416,0.002704795044590719,0.0009284198167733848,0.01665554754436016,nan,nan,nan,nan
PSO_topology,smooth_sine,4,2.7795157432556152,0.02411685697734356,0.00555903185158968,4.3383196249266,0.006538279354572296,0.011372188106179237,0.003216355573385954,0.0025301401037722826,0.009034435264766216,11.441256046295166,0.022874922752380372,0.023741122679412367,0.009264674969017506,0.00262301939050667,0.0013214447535574436,0.0163266621530056,nan,nan,nan,nan
PSO_topology,smooth_sine,5,2.5721306800842285,0.024160508066415787,0.005144261755049229,4.696593839281528,0.003935032989829779,0.007991677150130272,0.0019358480349183083,0.0025134501047432423,0.003299157600849867,11.354424238204956,0.022701283931732177,0.025029942752420903,0.018239744007587433,0.002679695680970326,0.0011667307699099183,0.01778559945523739,nan,nan,nan,nan
PSO_topology,smooth_sine,6,2.5908291339874268,0.011148199439048767,0.005181658547371626,2.1514731889664254,0.004815282300114632,0.0034094681032001972,0.006097741425037384,0.003972993232309818,0.005780926905572414,11.434838771820068,0.022861860752105712,0.027143580351024866,0.020840786397457123,0.002641856589377858,0.0008445214480161667,0.01648874580860138,nan,nan,nan,nan
PSO_topology,smooth_sine,7,2.671523332595825,0.01267763040959835,0.005343047436326742,2.372734017557968,0.004637280013412237,0.0045050582848489285,0.0038278966676443815,0.00406978465616703,0.006146379746496677,11.347404956817627,0.022687154293060303,0.016903137946873904,0.008660836145281792,0.0026133104698266834,0.0008349058334715664,0.016791973263025284,nan,nan,nan,nan
PSO_topology,smooth_sine,8,2.5084052085876465,0.01499839499592781,0.005016810726374388,2.9896274374231857,0.003170053008943796,0.005881709512323141,0.003226241562515497,0.0014644007897004485,0.002107860054820776,11.493561029434204,0.022979339122772217,0.023723202146589756,0.015595551580190659,0.003043664101464674,0.0010280369315296412,0.01726483553647995,nan,nan,nan,nan
PSO_topology,smooth_sine,9,2.535921335220337,0.008242773823440075,0.005071843042969704,1.6252028608940754,0.0030308766290545464,0.002021441701799631,0.0016033835709095001,0.002624287037178874,0.005874394439160824,11.509387254714966,0.023010870933532716,0.021768387825787067,0.01227827649563551,0.003021849098615348,0.0012617789907380939,0.017781009897589684,nan,nan,nan,nan
PSO_topology,smooth_sine,10,2.5594141483306885,0.01671908050775528,0.0051188282668590546,3.266192893401015,0.004488563630729914,0.007464710157364607,0.005352172069251537,0.00328832003287971,0.0018490517977625132,11.40259051322937,0.022797333717346192,0.02636083800122142,0.017761167138814926,0.002693132606521249,0.0009986629011109471,0.0170885156840086,nan,nan,nan,nan
PSO_topology,smooth_sine,11,2.546356678009033,0.012740551494061947,0.005092713516205549,2.5017216172714556,0.005494169425219297,0.004278638865798712,0.004401061218231916,0.0014947245363146067,0.011802254244685173,11.50501012802124,0.023002212524414062,0.025722354302555324,0.018294401466846466,0.0027646419540047645,0.001372898113913834,0.017994942143559456,nan,nan,nan,nan
PSO_topology,smooth_sine,12,2.6280999183654785,0.019283711910247803,0.005256200209259987,3.668755211469148,0.004929839633405209,0.006844524294137955,0.005581756588071585,0.0008046296425163746,0.006488447543233633,11.713007926940918,0.023417927742004394,0.029457111955434084,0.025289764627814293,0.0026550818762741983,0.0012450997019186616,0.01645047217607498,nan,nan,nan,nan
PSO_topology,smooth_sine,13,2.500856876373291,0.011258515529334545,0.005001713987439871,2.250931492205779,0.004151551052927971,0.005876949988305569,0.0018965741619467735,0.001345197088085115,0.007487482391297817,11.499600887298584,0.022991361141204834,0.02074764425344765,0.012549648061394691,0.0029442331621423365,0.0009852694347500801,0.016893211752176285,nan,nan,nan,nan
PSO_topology,smooth_sine,14,2.6435389518737793,0.013951691798865795,0.005287078209221363,2.638828337082701,0.0076483916491270065,0.007562450133264065,0.005953417159616947,0.004577930551022291,0.012499770149588585,11.498791694641113,0.02298952007293701,0.029945737098902463,0.024259060621261597,0.0031318551205564292,0.0016159964725375175,0.01720689982175827,nan,nan,nan,nan
PSO_topology,smooth_sine,15,2.6434435844421387,0.010152979753911495,0.005286887288093567,1.920407831802411,0.005038143135607243,0.0047097885981202126,0.0033296437468379736,0.004481462296098471,0.0076316772028803825,11.438299894332886,0.02286842346191406,0.0272629192315042,0.015586931258440018,0.0032742631079629063,0.001045023207552731,0.016874246299266815,nan,nan,nan,nan
PSO_topology,smooth_sine,16,2.4969165325164795,0.015258131548762321,0.004993833135813475,3.0553947506451546,0.0050874436274170876,0.008512938395142555,0.004606159403920174,0.0023085386492311954,0.004922138527035713,11.429794073104858,0.02285179567337036,0.02934977237135172,0.01858997531235218,0.003059195187361911,0.0013821111060678959,0.017168402671813965,nan,nan,nan,nan
PSO_topology,smooth_sine,17,2.5243942737579346,0.02239331603050232,0.005048788618296385,4.435383955143384,0.004939518868923187,0.00403165677562356,0.001343507319688797,0.0044996654614806175,0.009883246384561062,11.459361791610718,0.02291068983078003,0.03069639431685209,0.02385951764881611,0.0029456227263435723,0.0010649013565853238,0.01654677465558052,nan,nan,nan,nan
PSO_topology,smooth_sine,18,2.6121065616607666,0.010779408738017082,0.005224213469773531,2.06335533576203,0.004585852846503258,0.005397775676101446,0.0010214144131168723,0.003727424656972289,0.008196796290576458,11.443739175796509,0.022879390239715577,0.023690385588258506,0.019212445244193077,0.002610711228940636,0.0006915802368894219,0.01657847687602043,nan,nan,nan,nan
PSO_topology,smooth_sine,19,2.602898120880127,0.014590555801987648,0.00520579656586051,2.8027518204749233,0.0044601671397686005,0.0048887706361711025,0.0028190198354423046,0.004209481179714203,0.005923397373408079,11.456053495407104,0.022903903007507324,0.020224786688387394,0.012197031639516354,0.002710510867089033,0.001107830903492868,0.018269533291459084,nan,nan,nan,nan
PSO_topology,multi_frequency,0,2.646805763244629,0.015084384009242058,0.005293611902743578,2.849544750612358,0.0038659567944705486,0.0063481321558356285,0.002147275721654296,0.001989359501749277,0.004979059100151062,11.472483396530151,0.02293687105178833,0.03044517833888531,0.023050151765346527,0.002909062991384417,0.0015572623815387487,0.016480712220072746,nan,nan,nan,nan
PSO_topology,multi_frequency,1,2.53271222114563,0.020923959091305733,0.005065425299108028,4.1307408274267186,0.007053339388221502,0.009829227812588215,0.003727992996573448,0.0037435758858919144,0.010912561789155006,11.534581899642944,0.023061272621154785,0.01888940454609692,0.011074978858232498,0.0026918853326234967,0.0011692540720105171,0.017224479466676712,nan,nan,nan,nan
PSO_topology,multi_frequency,2,2.6181302070617676,0.011951453983783722,0.0052362605929374695,2.282440640922938,0.006189429666846991,0.0093010775744915,0.005237938370555639,0.0014440142549574375,0.008774688467383385,11.481420278549194,0.02295507764816284,0.02377485592737794,0.019100535660982132,0.0026155918898526577,0.0010850748512893915,0.016898639500141144,nan,nan,nan,nan
PSO_topology,multi_frequency,3,2.5767107009887695,0.01765170320868492,0.005153421778231859,3.4252393784739326,0.005887812934815884,0.009472530335187912,0.005175286903977394,0.0024634154979139566,0.006440016906708479,11.425997018814087,0.022844202995300295,0.0329873918749392,0.026312222704291344,0.0032620037634857,0.0011108310427516699,0.0168275348842144,nan,nan,nan,nan
PSO_topology,multi_frequency,4,2.5997047424316406,0.02482086606323719,0.005199409555643797,4.773785522683997,0.003949199803173542,0.00686881085857749,0.004015057813376188,0.0023671097587794065,0.0025458200834691525,11.423876762390137,0.02284022903442383,0.02475179044082761,0.017403103411197662,0.0027375102074816823,0.0010687108151614666,0.01673416793346405,nan,nan,nan,nan
PSO_topology,multi_frequency,5,2.567803382873535,0.02460472099483013,0.005135606974363327,4.791005448363859,0.003995093517005444,0.007895806804299355,0.003265076782554388,0.002336513716727495,0.002482977695763111,11.435713529586792,0.02286389493942261,0.016952418313920498,0.009831135161221027,0.002409678020863794,0.0005665249773301184,0.017462072893977165,nan,nan,nan,nan
PSO_topology,multi_frequency,6,2.576779842376709,0.011178993619978428,0.00515356007963419,2.169178868051915,0.005569023080170155,0.008078648708760738,0.0027368790470063686,0.0020444090478122234,0.009416154585778713,11.435721397399902,0.022863669872283936,0.02851146027073264,0.0162932388484478,0.003066855144826695,0.0013578323414549232,0.01721007376909256,nan,nan,nan,nan
PSO_topology,multi_frequency,7,2.639248847961426,0.012554533779621124,0.005278498400002718,2.3784290205742336,0.004633849486708641,0.003824272658675909,0.0033276944886893034,0.0029435111209750175,0.008439918980002403,11.43344759941101,0.02285890197753906,0.018841067835502327,0.007343529723584652,0.0026916008483851327,0.0007861395133659244,0.016218354925513268,nan,nan,nan,nan
PSO_topology,multi_frequency,8,2.5242719650268555,0.014980282634496689,0.005048544146120548,2.967248022582507,0.004610772710293531,0.002894137753173709,0.004020900931209326,0.006892952602356672,0.004635099787265062,11.432552337646484,0.02285721731185913,0.026709278435260057,0.02269567921757698,0.002984028763277456,0.0012520981254056096,0.016160879284143448,nan,nan,nan,nan
PSO_topology,multi_frequency,9,2.5036463737487793,0.00820223055779934,0.005007293075323105,1.6380568172095809,0.005494934506714344,0.00395336514338851,0.003941102884709835,0.0051169921644032,0.008968277834355831,11.444408893585205,0.02288075590133667,0.02258842607643455,0.005068853031843901,0.002785088577028364,0.0006302770925685763,0.018299128860235214,nan,nan,nan,nan
PSO_topology,multi_frequency,10,2.526176929473877,0.016599440947175026,0.0050523541867733,3.285486395754116,0.0014699650928378105,0.0015726310666650534,0.0009758199448697269,0.0012579637113958597,0.0020734453573822975,11.423226594924927,0.022838550090789795,0.02414607156217098,0.018861493095755577,0.0029192131851799785,0.0012000086717307568,0.016478469595313072,nan,nan,nan,nan
PSO_topology,multi_frequency,11,2.5257186889648438,0.013071049004793167,0.0050514377653598785,2.587589833220869,0.0038205496966838837,0.0046921903267502785,0.0031673489138484,0.0034302505664527416,0.003992409911006689,11.428400754928589,0.022849026203155518,0.022268591021746397,0.01646052673459053,0.002632113022962585,0.0012508551590144634,0.01739872619509697,nan,nan,nan,nan
PSO_topology,multi_frequency,12,2.579103708267212,0.018945185467600822,0.005158207844942808,3.6728232047056797,0.006959893740713596,0.0112873874604702,0.007712218910455704,0.0023983458522707224,0.006441622506827116,11.432850360870361,0.02285793924331665,0.02164081532470882,0.009130695834755898,0.002781014236412011,0.0009019157732836902,0.016276948153972626,nan,nan,nan,nan
PSO_topology,multi_frequency,13,2.5458550453186035,0.01104850322008133,0.005091710481792688,2.1699001268020592,0.003976175095885992,0.0008871720056049526,0.002173177432268858,0.0037170888390392065,0.009127262979745865,11.427441835403442,0.022847056865692137,0.03443444325998425,0.029225312173366547,0.002740592793887481,0.001384856179356575,0.01657172664999962,nan,nan,nan,nan
PSO_topology,multi_frequency,14,2.6138153076171875,0.013483589515089989,0.005227630492299795,2.5792927665700685,0.003490438684821129,0.004474510904401541,0.002960149198770523,0.001812657224945724,0.00471443822607398,11.420905828475952,0.022834126472473144,0.02169437996968627,0.013622455298900604,0.0026877955210395156,0.0012000397546216846,0.017111819237470627,nan,nan,nan,nan
PSO_topology,multi_frequency,15,2.642218828201294,0.010137712582945824,0.005284437909722328,1.9184088745360075,0.006113450508564711,0.008039622567594051,0.00832509808242321,0.0027493727393448353,0.00533970957621932,11.443821430206299,0.022879621505737305,0.016606890632398428,0.0008276037406176329,0.0025554023870732637,0.00027555954875424504,0.016825133934617043,nan,nan,nan,nan
PSO_topology,multi_frequency,16,2.490701198577881,0.01593276485800743,0.004981402773410082,3.198449429356313,0.005125583149492741,0.007101485505700111,0.005761211737990379,0.0028232045006006956,0.0048164306208491325,11.442842721939087,0.022877923011779787,0.033771350690722464,0.026781320571899414,0.0027348100390750915,0.0010090554133057594,0.016866842284798622,nan,nan,nan,nan
PSO_topology,multi_frequency,17,2.544870615005493,0.022828133776783943,0.005089741665869951,4.485126215709831,0.006543544586747885,0.008068377152085304,0.004688839428126812,0.002558216918259859,0.010858744382858276,11.456051111221313,0.02290400743484497,0.03170198471099138,0.028125450015068054,0.0032107946585398167,0.0016610805178061128,0.016891151666641235,nan,nan,nan,nan
PSO_topology,multi_frequency,18,2.5975711345672607,0.011078739538788795,0.005195142701268196,2.132518811482184,0.0042539979331195354,0.0051125469617545605,0.0036456116940826178,0.0010922065703198314,0.007165625691413879,11.397258996963501,0.022786749362945558,0.01738723747730255,0.009318474680185318,0.002762795020919293,0.0009120892500504851,0.01591108739376068,nan,nan,nan,nan
PSO_topology,multi_frequency,19,2.5809569358825684,0.014754727482795715,0.0051619140431284904,2.858383026047697,0.00558837316930294,0.011388583108782768,0.0030962720047682524,0.0012290470767766237,0.006639591418206692,11.388047933578491,0.022768213272094728,0.01755929034166038,0.013443547300994396,0.0026275129460264,0.0010533982422202826,0.018035314977169037,nan,nan,nan,nan
PSO_topology,slow_sine,0,2.7311081886291504,0.015345421619713306,0.005462216679006815,2.8093762150979953,0.009252050891518593,0.01593182608485222,0.0046865856274962425,0.003975587897002697,0.012414202094078064,11.385507583618164,0.022763266563415527,0.037049638655781744,0.033481575548648834,0.003062133329221979,0.0015894584357738495,0.017057975754141808,nan,nan,nan,nan
PSO_topology,slow_sine,1,2.508547782897949,0.022914791479706764,0.005017096176743507,4.567341480501631,0.007758559659123421,0.011222338303923607,0.00658155744895339,0.00605408102273941,0.007176262326538563,11.398375511169434,0.022788926601409912,0.03432863184437156,0.02980385720729828,0.0037410804414190354,0.002150373300537467,0.017123859375715256,nan,nan,nan,nan
PSO_topology,slow_sine,2,2.6671276092529297,0.012781606987118721,0.005334255285561085,2.3961370993466216,0.006436903029680252,0.004703040700405836,0.003039528615772724,0.0042271395213902,0.013777903281152248,11.388264656066895,0.02276865530014038,0.029235829627513886,0.02449912205338478,0.0030379910368938,0.0016797849675640464,0.01675669103860855,nan,nan,nan,nan
PSO_topology,slow_sine,3,2.638878345489502,0.016669724136590958,0.005277757067233324,3.158486441159647,0.009586847387254238,0.011558729223906994,0.0059464797377586365,0.007829144597053528,0.01301303505897522,11.400991201400757,0.022793959617614747,0.03928085042834282,0.0346541553735733,0.0032686432738322766,0.0017958586104214191,0.01679662987589836,nan,nan,nan,nan
PSO_topology,slow_sine,4,2.732233762741089,0.027573073282837868,0.005464467685669661,5.045884589115077,0.0075732143595814705,0.010936926119029522,0.009310495108366013,0.003987299744039774,0.006058135069906712,11.408211708068848,0.02280868625640869,0.03832720190733671,0.03642250597476959,0.003166692175529897,0.001041434588842094,0.016996795311570168,nan,nan,nan,nan
PSO_topology,slow_sine,5,2.6544361114501953,0.02233785204589367,0.005308872554451227,4.207645185824716,0.007414460182189941,0.014872620813548565,0.003351457417011261,0.002933337353169918,0.008500425145030022,11.462472915649414,0.022917194366455076,0.03632458383589983,0.032350048422813416,0.0030524006463121625,0.0011962417047470808,0.018204180523753166,nan,nan,nan,nan
PSO_topology,slow_sine,6,2.652492046356201,0.010013172402977943,0.0053049842827022076,1.887502746356398,0.006929702125489712,0.007086185272783041,0.004667940549552441,0.006318665109574795,0.009646018035709858,11.43933367729187,0.02287071418762207,0.027567394777387382,0.019625544548034668,0.0028857842662837357,0.001283686375245452,0.017253819853067398,nan,nan,nan,nan
PSO_topology,slow_sine,7,2.751997232437134,0.0134307025000453,0.005503994878381491,2.4401735097534725,0.006421658210456371,0.008723748847842216,0.004336490761488676,0.00561921251937747,0.007007179316133261,11.451473712921143,0.022895364761352538,0.03276653223186731,0.02682473510503769,0.003274657221790403,0.0016186173306778073,0.017266033217310905,nan,nan,nan,nan
PSO_topology,slow_sine,8,2.574833631515503,0.012190083041787148,0.005149667616933584,2.3671591932851466,0.008511059917509556,0.008597268722951412,0.003463500877842307,0.003903144970536232,0.018080323934555054,11.441981792449951,0.022875982284545897,0.029605263717472553,0.026330364868044853,0.002876024189405143,0.001727687893435359,0.017420396208763123,nan,nan,nan,nan
PSO_topology,slow_sine,9,2.6044411659240723,0.008823462761938572,0.005208882503211498,1.6939262416647967,0.007259355392307043,0.01169298030436039,0.007395025342702866,0.003629944985732436,0.0063194697722792625,11.446917295455933,0.022885937213897704,0.03115786906555295,0.02838830277323723,0.0031108979599550365,0.0014164741151034832,0.01707657054066658,nan,nan,nan,nan
PSO_topology,slow_sine,10,2.6579065322875977,0.015985364094376564,0.005315813235938549,3.00713425865012,0.005739865358918905,0.00515684625133872,0.0030893736984580755,0.0066245682537555695,0.008088674396276474,11.442033767700195,0.022876169204711912,0.03675903922468424,0.03290209174156189,0.0032357897308655085,0.0015766556607559323,0.0173882357776165,nan,nan,nan,nan
PSO_topology,slow_sine,11,2.574079751968384,0.014225959777832031,0.005148159805685282,2.76330967079185,0.005200570914894342,0.007429515942931175,0.00497649097815156,0.004701040685176849,0.0036952360533177853,11.441734075546265,0.02287520694732666,0.032195012901723385,0.021869681775569916,0.0033674345716834067,0.0019451472908258438,0.0173269584774971,nan,nan,nan,nan
PSO_topology,slow_sine,12,2.6816036701202393,0.015596545301377773,0.0053632077760994434,2.9080628520271197,0.0077093616127967834,0.0048290458507835865,0.004297461826354265,0.006863692309707403,0.014847246930003166,11.426284790039062,0.022844693183898927,0.03609846060574055,0.02981382980942726,0.002905033402517438,0.0012250468134880066,0.01770220696926117,nan,nan,nan,nan
PSO_topology,slow_sine,13,2.5383870601654053,0.00993469450622797,0.005076773930341005,1.9568912546713815,0.004987176973372698,0.006875771563500166,0.004821553360670805,0.002761648967862129,0.005489734001457691,11.441089391708374,0.02287432098388672,0.025433091651648282,0.01896054670214653,0.0031480523984879255,0.0017666842322796583,0.016561098396778107,nan,nan,nan,nan
PSO_topology,slow_sine,14,2.6920700073242188,0.014019730500876904,0.005384140182286501,2.6038940343717236,0.0068930513225495815,0.00858400296419859,0.004167662002146244,0.00484882015734911,0.009971719235181808,11.431699275970459,0.022855485916137695,0.029267893217504025,0.027961742132902145,0.003047135642543435,0.0018540387973189354,0.016877848654985428,nan,nan,nan,nan
PSO_topology,slow_sine,15,2.745645046234131,0.010914337821304798,0.005491290241479874,1.987572563340495,0.006571054458618164,0.008788727223873138,0.007129285484552383,0.0032452791929244995,0.0071209268644452095,11.436163425445557,0.02286454391479492,0.02570705948099494,0.020428933203220367,0.0027687161029782146,0.0014153268421068788,0.017158329486846924,nan,nan,nan,nan
PSO_topology,slow_sine,16,2.5707755088806152,0.017141886055469513,0.00514155114069581,3.3339911607199704,0.0068309493362903595,0.008640803396701813,0.003949807491153479,0.006848824210464954,0.00788436271250248,11.43484115600586,0.022861785888671875,0.02169047408774495,0.01964578405022621,0.002764180968236178,0.0014701506588608027,0.016920797526836395,nan,nan,nan,nan
PSO_topology,slow_sine,17,2.559553861618042,0.02423805370926857,0.0051191081292927265,4.734819639884689,0.0075900135561823845,0.006286310032010078,0.006652052514255047,0.0029444987885653973,0.014477191492915154,11.423097610473633,0.022838464260101318,0.04133221289366484,0.03419661149382591,0.0030927661458030344,0.0015650815330445766,0.016342002898454666,nan,nan,nan,nan
PSO_topology,slow_sine,18,2.6266889572143555,0.013724785298109055,0.005253378301858902,2.612563670362851,0.006229554768651724,0.005651320330798626,0.00436420040205121,0.0030732022132724524,0.011829497292637825,11.421578407287598,0.022835132598876953,0.03100194544866681,0.02778259664773941,0.0029908543287310747,0.0016778563149273396,0.016737928614020348,nan,nan,nan,nan
PSO_topology,slow_sine,19,2.6849942207336426,0.016367118805646896,0.005369988735765219,3.047886990272168,0.006001180969178677,0.006655651610344648,0.00829707458615303,0.0030136636923998594,0.006038333289325237,11.438738346099854,0.0228693528175354,0.033873009923100474,0.0307630505412817,0.0031561236024368554,0.0013517526676878333,0.01720401458442211,nan,nan,nan,nan
PSO_topology,aggressive_sine,0,2.639793872833252,0.015385807491838932,0.005279588047415018,2.9142060618483487,0.0030314200557768345,0.003168596886098385,0.004172835499048233,0.0014001349918544292,0.0033841123804450035,11.427261114120483,0.022846630096435547,0.01665865784045309,0.0076087163761258125,0.002477997067454271,0.000770256039686501,0.016224678605794907,nan,nan,nan,nan
PSO_topology,aggressive_sine,1,2.5010828971862793,0.02204652689397335,0.005002166144549847,4.407395967443891,0.002787667792290449,0.0014375660102814436,0.0039246659725904465,0.004212021362036467,0.001576417125761509,11.442033767700195,0.022876277923583984,0.01774639102704823,0.012421194463968277,0.0022554359811125324,0.0006334076169878244,0.01711970940232277,nan,nan,nan,nan
PSO_topology,aggressive_sine,2,2.5929651260375977,0.013654648326337337,0.005185930989682674,2.633017746187336,0.002900254912674427,0.0028157054912298918,0.0038735452108085155,0.004391549155116081,0.0005202196771278977,11.447335958480835,0.02288697624206543,0.020267067566141488,0.013189362362027168,0.002795653158100322,0.0012360101100057364,0.01624598354101181,nan,nan,nan,nan
PSO_topology,aggressive_sine,3,2.5677475929260254,0.016014711931347847,0.005135495215654373,3.1184357610792217,0.003961286973208189,0.005184592213481665,0.00264189625158906,0.0013169965241104364,0.0067016626708209515,11.43855619430542,0.022869043827056883,0.016289034258574246,0.010118958540260792,0.002675908264890313,0.0013587384019047022,0.017648406326770782,nan,nan,nan,nan
PSO_topology,aggressive_sine,4,2.6010756492614746,0.022721795365214348,0.005202151369303465,4.367768977136983,0.005279156379401684,0.008867023512721062,0.00567296426743269,0.0012799116084352136,0.005296725779771805,11.434817552566528,0.022861575603485108,0.014735485218465329,0.009261183440685272,0.002441394073306583,0.0009548461530357599,0.017544057220220566,nan,nan,nan,nan
PSO_topology,aggressive_sine,5,2.5609970092773438,0.02273814007639885,0.00512199429795146,4.439313820691476,0.0033462762366980314,0.005526534281671047,0.0033876108936965466,0.0009605488739907742,0.0035104118287563324,11.434282064437866,0.022860805988311767,0.01857517692036927,0.013852928765118122,0.0024854171766666698,0.0003820702841039747,0.017440155148506165,nan,nan,nan,nan
PSO_topology,aggressive_sine,6,2.5674266815185547,0.010748608037829399,0.005134853534400463,2.0932647768471138,0.004517354536801577,0.008239771239459515,0.004039351362735033,0.0019386718049645424,0.003851623274385929,11.425476789474487,0.022843079566955568,0.024867705270648,0.021016471087932587,0.002472845152206719,0.0010143027175217867,0.016957391053438187,nan,nan,nan,nan
PSO_topology,aggressive_sine,7,2.6437671184539795,0.013134665787220001,0.005287535022944212,2.484081094541165,0.002915772143751383,0.003953474573791027,0.0034845061600208282,0.002401861362159252,0.001823246362619102,11.42879343032837,0.022849270820617676,0.01944287469126284,0.015204639174044132,0.002714544902322814,0.0014435367193073034,0.017566759139299393,nan,nan,nan,nan
PSO_topology,aggressive_sine,8,2.531127452850342,0.01475795079022646,0.005062255077064037,2.915291814727291,0.006910315714776516,0.007811445742845535,0.003945781383663416,0.0045621381141245365,0.011321894824504852,11.42564582824707,0.02284331750869751,0.012245587748847903,0.0013345705810934305,0.001947923478879966,0.00032924156403169036,0.01715831644833088,nan,nan,nan,nan
PSO_topology,aggressive_sine,9,2.5619492530822754,0.008800804615020752,0.0051238988526165485,1.7175992087600578,0.0027958403807133436,0.0027838698588311672,0.003951559774577618,0.0023231320083141327,0.0021248001139611006,11.43641209602356,0.02286493444442749,0.02444455581009388,0.018019434064626694,0.0025243011593585832,0.0007212604396045208,0.01797604188323021,nan,nan,nan,nan
PSO_topology,aggressive_sine,10,2.5316858291625977,0.01650572381913662,0.005063371732831001,3.259828566824984,0.002461608499288559,0.001772809075191617,0.004270271863788366,0.0021724661346524954,0.0016308868071064353,11.427560567855835,0.022847301006317138,0.00921145705357194,0.002760023809969425,0.001801364885584917,0.00036776025081053376,0.01672963611781597,nan,nan,nan,nan
PSO_topology,aggressive_sine,11,2.5108633041381836,0.01224487368017435,0.0050217267125844955,2.4383791434704283,0.0016743633896112442,0.002274878788739443,0.002175516216084361,0.0013375569833442569,0.0009095020359382033,11.434417247772217,0.022860987663269043,0.012691987835988402,0.0070962002500891685,0.0022724971905583517,0.0006547793745994568,0.01707650162279606,nan,nan,nan,nan
PSO_topology,aggressive_sine,12,2.6188597679138184,0.01994498446583748,0.005237719975411892,3.807951658253554,0.0033385343849658966,0.005858519114553928,0.003931947983801365,0.002194402739405632,0.0013692688662558794,11.425621509552002,0.022843461990356445,0.012984576139971614,0.006290222518146038,0.002337054452765733,0.0008757604518905282,0.015957888215780258,nan,nan,nan,nan
PSO_topology,aggressive_sine,13,2.4906930923461914,0.01176640298217535,0.004981386475265026,2.362073900630113,0.0021226960234344006,0.0009877730626612902,0.002507138764485717,0.0016980329528450966,0.0032978393137454987,11.44172716140747,0.022875442504882812,0.01379141777139157,0.007540295831859112,0.002090326133579947,0.000547081814147532,0.016293801367282867,nan,nan,nan,nan
PSO_topology,aggressive_sine,14,2.6390111446380615,0.014098839834332466,0.0052780224941670895,2.6712352684956424,0.004577976651489735,0.0039768279530107975,0.002889930037781596,0.0014191570226103067,0.01002599112689495,11.434627056121826,0.022861700534820558,0.014291912867128848,0.008838150650262833,0.002489493305818178,0.0009482348687015474,0.017561720684170723,nan,nan,nan,nan
PSO_topology,aggressive_sine,15,2.6087942123413086,0.011016798205673695,0.005217588506639004,2.111473181845524,0.002600093139335513,0.004879073705524206,0.0025436864234507084,0.0016652948688715696,0.0013123173266649246,11.431122541427612,0.022854438304901123,0.023384271883219482,0.017931349575519562,0.002562864431552589,0.0009303378756158054,0.017143409699201584,nan,nan,nan,nan
PSO_topology,aggressive_sine,16,2.4910058975219727,0.0161407683044672,0.00498201185837388,3.2398092905655025,0.004364890977740288,0.007212053053081036,0.0035906804259866476,0.004509839229285717,0.0021469909697771072,11.428613185882568,0.022849233627319335,0.013861412092857062,0.007631570100784302,0.0019948233533184975,0.0002796274784486741,0.01700643077492714,nan,nan,nan,nan
PSO_topology,aggressive_sine,17,2.485325336456299,0.022993169724941254,0.0049706511199474335,4.625786274290845,0.0012220244389027357,0.0015226902905851603,0.0010100172366946936,0.001608557067811489,0.0007468330441042781,11.449795722961426,0.02289130210876465,0.016511095287650823,0.0116107277572155,0.0024441221280721947,0.0009239752544090152,0.016747821122407913,nan,nan,nan,nan
PSO_topology,aggressive_sine,18,2.5851259231567383,0.011726200580596924,0.005170252174139023,2.2680132778145645,0.002700040815398097,0.0007514095632359385,0.004956471733748913,0.001033821259625256,0.004058461170643568,11.438853979110718,0.02286991024017334,0.016955833310633897,0.010834918357431889,0.002454183268221095,0.0009648407576605678,0.01644688844680786,nan,nan,nan,nan
PSO_topology,aggressive_sine,19,2.5715560913085938,0.014580590650439262,0.005143112037330866,2.8349743393896953,0.005578912794589996,0.012650927528738976,0.0027836509980261326,0.003724506590515375,0.0031565651297569275,11.422765016555786,0.02283741807937622,0.020105100405588747,0.014039227738976479,0.002433917528297752,0.0006350448820739985,0.017708012834191322,nan,nan,nan,nan
PSO_topology,random_smooth,0,2.566781520843506,0.009040974080562592,0.005133563186973333,1.7611498585435752,0.0031171783339232206,0.0048625050112605095,0.003024267964065075,0.0015626100357621908,0.0030193296261131763,11.506146669387817,0.023004985332489014,0.015538767497055232,0.006290759891271591,0.002806607167748734,0.0010619042441248894,0.01678553596138954,nan,nan,nan,nan
PSO_topology,random_smooth,1,2.654827356338501,0.015223011374473572,0.005309654865413904,2.8670434821730906,0.002813484286889434,0.004556593950837851,0.0029531996697187424,0.0025662838015705347,0.0011778598418459296,11.46971869468689,0.022932046890258788,0.013115545253828168,0.008095856755971909,0.0023924263952532785,0.0005186677444726229,0.017747756093740463,nan,nan,nan,nan
PSO_topology,random_smooth,2,2.5847625732421875,0.018666371703147888,0.0051695252768695354,3.6108483281179584,0.003461866406723857,0.006712551228702068,0.002142685931175947,0.002018009778112173,0.0029742196202278137,11.38508653640747,0.022762709140777587,0.02115316198579967,0.012265832163393497,0.00258280549547635,0.0010063546942546964,0.01736675575375557,nan,nan,nan,nan
PSO_topology,random_smooth,3,2.5170557498931885,0.007197811268270016,0.005034112371504307,1.4298074292130167,0.0015565927606076002,0.0018614446744322777,0.0021131490357220173,0.0006332207703962922,0.0016185564454644918,11.430116653442383,0.022852824211120604,0.01411875198688358,0.006990270223468542,0.0021645326311932876,0.00024318878422491252,0.018128331750631332,nan,nan,nan,nan
PSO_topology,random_smooth,4,2.6275691986083984,0.008941370993852615,0.005255138501524925,1.7014529667025953,0.004295295104384422,0.007950309664011002,0.0012021140428259969,0.001998079940676689,0.006030676420778036,11.439069986343384,0.022870635509490967,0.019363443168997765,0.01488826610147953,0.002611988128256053,0.0013706644531339407,0.016676582396030426,nan,nan,nan,nan
PSO_topology,random_smooth,5,2.5967392921447754,0.010938677005469799,0.0051934788934886456,2.106233072244547,0.00276489881798625,0.003913617692887783,0.0030596209689974785,0.0011513077188283205,0.0029350495897233486,11.429086685180664,0.02285084009170532,0.018654738311097027,0.011612742207944393,0.002783937258273363,0.0013768356293439865,0.016605999320745468,nan,nan,nan,nan
PSO_topology,random_smooth,6,2.631587028503418,0.019628193229436874,0.005263174418359995,3.729345005357626,0.0045288559049367905,0.009903863072395325,0.0041131977923214436,0.0013829217059537768,0.0027154393028467894,11.433042526245117,0.02285887050628662,0.03319770459532738,0.028979945927858353,0.002673337187524885,0.001191676128655672,0.016230452805757523,nan,nan,nan,nan
PSO_topology,random_smooth,7,2.6400222778320312,0.008221260271966457,0.005280044861137867,1.5570436403820154,0.004539488349109888,0.009668194688856602,0.004151275381445885,0.0019668040331453085,0.002371679525822401,11.42082142829895,0.02283395195007324,0.01918888773135841,0.015418712049722672,0.0023113730259705337,0.0009779611136764288,0.016951579600572586,nan,nan,nan,nan
PSO_topology,random_smooth,8,2.5648322105407715,0.012847407720983028,0.005129664670675993,2.5045316888696316,0.002847842639312148,0.006683973129838705,0.0016408817609772086,0.000788166536949575,0.0022783493623137474,11.413576126098633,0.02281945466995239,0.015007071941718459,0.008107637986540794,0.0024041131590958687,0.0007102602394297719,0.01714896783232689,nan,nan,nan,nan
PSO_topology,random_smooth,9,2.6404776573181152,0.011095722205936909,0.005280955694615841,2.1010822373021365,0.0036950656212866306,0.006848321296274662,0.003222655039280653,0.001130206510424614,0.003579079871997237,11.409055233001709,0.022810604095458983,0.018278254134580493,0.01234547421336174,0.0023766869842540474,0.001039109192788601,0.01635759137570858,nan,nan,nan,nan
PSO_topology,random_smooth,10,2.620091199874878,0.007735643535852432,0.005240182857960463,1.4762163354855198,0.003676394000649452,0.0073856329545378685,0.0028161294758319855,0.0019004842033609748,0.002603329485282302,11.408556461334229,0.022809708118438722,0.017916578713059426,0.009753149002790451,0.002738096951087937,0.0009756076615303755,0.0158686563372612,nan,nan,nan,nan
PSO_topology,random_smooth,11,2.6072611808776855,0.00952437985688448,0.00521452259272337,1.8265104211410113,0.003661093767732382,0.004723633639514446,0.002908042399212718,0.0018651041900739074,0.0051475949585437775,11.40941858291626,0.022811219215393065,0.022159265751391648,0.01810145005583763,0.002648408965719864,0.0013875034637749195,0.01753746159374714,nan,nan,nan,nan
PSO_topology,random_smooth,12,2.533588171005249,0.014134278520941734,0.0050671761855483055,2.7893797261782605,0.0030234474688768387,0.0026279869489371777,0.004041220061480999,0.0017370614223182201,0.003687521442770958,11.41388750076294,0.022820088386535646,0.017058310349658132,0.01092084962874651,0.0025486301470547916,0.001122879795730114,0.01696471869945526,nan,nan,nan,nan
PSO_topology,random_smooth,13,2.5515589714050293,0.01487443782389164,0.005103118252009153,2.9147742790470144,0.002671262249350548,0.006004547234624624,0.0020163878798484802,0.0016081342473626137,0.0010559792863205075,11.417874336242676,0.02282833385467529,0.011780993115529418,0.005095622036606073,0.0023195505077019335,0.0010008278768509626,0.016833599656820297,nan,nan,nan,nan
PSO_topology,random_smooth,14,2.6321165561676025,0.022129042074084282,0.00526423379778862,4.203658675528463,0.0030273906886577606,0.004402375314384699,0.0026545790024101734,0.0012175022857263684,0.0038351069670170546,11.431840181350708,0.022855978965759277,0.020430603808537125,0.014984630048274994,0.00270284405532293,0.0012356345541775227,0.016798948869109154,nan,nan,nan,nan
PSO_topology,random_smooth,15,2.562408447265625,0.020930428057909012,0.005124817136675119,4.084131686987033,0.0018955672858282924,0.004081282764673233,0.001380111905746162,0.0014713534619659185,0.0006495214183814824,11.42078447341919,0.022833828926086427,0.02340101979970932,0.01871354691684246,0.002829833755735308,0.0016470541013404727,0.01533170323818922,nan,nan,nan,nan
PSO_topology,random_smooth,16,2.6475014686584473,0.010898185893893242,0.0052950032986700535,2.058201908321859,0.004162853118032217,0.007274124771356583,0.005654351785778999,0.0007688332698307931,0.0029541028197854757,11.365416288375854,0.022723299980163574,0.02341643243804574,0.018633784726262093,0.0028565725204534828,0.0010819740127772093,0.017586100846529007,nan,nan,nan,nan
PSO_topology,random_smooth,17,2.7160699367523193,0.014411384239792824,0.005432140082120895,2.6529846472895304,0.006534571759402752,0.012431315146386623,0.00616450747475028,0.0035956427454948425,0.0039468202739953995,11.375919103622437,0.022744513034820557,0.03641389530301094,0.026739291846752167,0.00338844429962337,0.0017510453471913934,0.017048517242074013,nan,nan,nan,nan
PSO_topology,random_smooth,18,2.6489977836608887,0.00832311250269413,0.005297995638102293,1.5709927057764461,0.0032942339312285185,0.005135052837431431,0.003551081521436572,0.0010914219310507178,0.0033993790857493877,11.398317575454712,0.022789000511169433,0.017342167520150543,0.01337713934481144,0.0023456877873279155,0.0009535129647701979,0.017425063997507095,nan,nan,nan,nan
PSO_topology,random_smooth,19,2.625659465789795,0.024314062669873238,0.005251319147646427,4.6300866479940535,0.003183553693816066,0.00496396841481328,0.001324619515798986,0.001494184834882617,0.004951441194862127,11.378061056137085,0.022748562812805177,0.012268620231002569,0.009326634928584099,0.0023051403464050962,0.0008406998822465539,0.01769920438528061,nan,nan,nan,nan
PSO_topology_aging,smooth_sine,0,2.6412010192871094,0.015039737336337566,0.005282402504235506,2.847139596855501,0.004222690127789974,0.0054703690111637115,0.005466996692121029,0.003908725455403328,0.002044668421149254,19.202244758605957,0.038396234035491944,0.028658955097198485,0.022373016923666,0.003293730959901586,0.0017718891613185406,0.017030984163284302,nan,nan,nan,nan
PSO_topology_aging,smooth_sine,1,2.514434814453125,0.020959820598363876,0.005028869956731796,4.1678987085968355,0.008272039704024792,0.005591372959315777,0.002981289755553007,0.007596807554364204,0.016918689012527466,19.08260202407837,0.03815721940994263,0.027338646329939365,0.02215360291302204,0.0029633939758874476,0.0014260003808885813,0.01691136509180069,nan,nan,nan,nan
PSO_topology_aging,smooth_sine,2,2.597853183746338,0.012076321989297867,0.005195706617087126,2.3242886635635767,0.004300349857658148,0.0033976733684539795,0.004138568881899118,0.001685765921138227,0.007979391142725945,19.12072777748108,0.03823297166824341,0.014172573255375027,0.003981908783316612,0.0022667998526943846,0.0003087229561060667,0.016958868131041527,nan,nan,nan,nan
PSO_topology_aging,smooth_sine,3,2.627309799194336,0.017525101080536842,0.005254619754850864,3.3351796891408436,0.004922032356262207,0.006101987324655056,0.0034570712596178055,0.0068486533127725124,0.0032804168295115232,20.738094568252563,0.041466744899749754,0.03418908265456557,0.02592361345887184,0.002766599128302187,0.0013208136660978198,0.01665554754436016,nan,nan,nan,nan
PSO_topology_aging,smooth_sine,4,2.783707618713379,0.02411685697734356,0.005567415617406368,4.331786709428139,0.006513053551316261,0.011216722428798676,0.0036366465501487255,0.004342991393059492,0.006855854298919439,19.12182855606079,0.038235061645507815,0.017207514345925302,0.002501476788893342,0.0022723565928288733,0.0003798877296503633,0.0163266621530056,nan,nan,nan,nan
PSO_topology_aging,smooth_sine,5,2.5702619552612305,0.024160508066415787,0.005140524357557297,4.700008478881426,0.003946654498577118,0.00798799842596054,0.0018985120113939047,0.002514051739126444,0.003386056749150157,19.154372215270996,0.03830031156539917,0.025028884487599136,0.018229825422167778,0.002680344915157184,0.0011667307699099183,0.01778559945523739,nan,nan,nan,nan
PSO_topology_aging,smooth_sine,6,2.610785484313965,0.011148199439048767,0.005221571307629347,2.135027711440022,0.00482947938144207,0.003986567258834839,0.005620991345494986,0.003989246673882008,0.00572111364454031,19.078497409820557,0.03814848136901856,0.02726259894669056,0.021022731438279152,0.002736409475840628,0.0010711499489843845,0.01648874580860138,nan,nan,nan,nan
PSO_topology_aging,smooth_sine,7,2.64738392829895,0.01267763040959835,0.005294768139719963,2.3943693236525485,0.004282986279577017,0.002582828514277935,0.003937622532248497,0.004183041863143444,0.006428453139960766,18.987388134002686,0.03796645069122315,0.01694465668424964,0.008759158663451672,0.002632296509342268,0.0007672237115912139,0.016791973263025284,nan,nan,nan,nan
PSO_topology_aging,smooth_sine,8,2.5084052085876465,0.01499839499592781,0.005016810726374388,2.9896274374231857,0.003170053008943796,0.005881709512323141,0.003226241562515497,0.0014644007897004485,0.002107860054820776,18.98026132583618,0.03795223903656006,0.023666417763009668,0.015261356718838215,0.0030360236790031195,0.0010280369315296412,0.01726483553647995,nan,nan,nan,nan
PSO_topology_aging,smooth_sine,9,2.5747947692871094,0.008242773823440075,0.005149589851498604,1.60066608431763,0.003432787489145994,0.0019983972888439894,0.0015843636356294155,0.0038383554201573133,0.0063100336119532585,18.99104595184326,0.03797346448898315,0.02191398031413555,0.01336941309273243,0.0030410978614352643,0.0011839545331895351,0.017781009897589684,nan,nan,nan,nan
PSO_topology_aging,smooth_sine,10,2.5651326179504395,0.01671908050775528,0.00513026537373662,3.2589114382552817,0.0037431090604513884,0.0061680031940341,0.0036820461973547935,0.0007833801209926605,0.004339006729424,19.247096061706543,0.038485665798187255,0.026447938065230846,0.01889043301343918,0.0027012251812499016,0.0012899369467049837,0.0170885156840086,nan,nan,nan,nan
PSO_topology_aging,smooth_sine,11,2.55081844329834,0.012740551494061947,0.0051016369834542274,2.4973457608572427,0.005121536087244749,0.004301324021071196,0.004519653972238302,0.001295928144827485,0.010369237512350082,19.09883403778076,0.03818910312652588,0.024525921019911766,0.015328029170632362,0.00279991576843895,0.0013578792568296194,0.017994942143559456,nan,nan,nan,nan
PSO_topology_aging,smooth_sine,12,2.6280999183654785,0.019283711910247803,0.005256200209259987,3.668755211469148,0.004929839633405209,0.006844524294137955,0.005581756588071585,0.0008046296425163746,0.006488447543233633,19.12597155570984,0.038243148803710936,0.029457111955434084,0.025289764627814293,0.0026550818762741983,0.0012450997019186616,0.01645047217607498,nan,nan,nan,nan
PSO_topology_aging,smooth_sine,13,2.500856876373291,0.011258515529334545,0.005001713987439871,2.250931492205779,0.004151551052927971,0.005876949988305569,0.0018965741619467735,0.001345197088085115,0.007487482391297817,19.086661338806152,0.038165006637573246,0.020768711825832724,0.01260431483387947,0.002945042434055358,0.0009950498351827264,0.016893211752176285,nan,nan,nan,nan
PSO_topology_aging,smooth_sine,14,2.6584649085998535,0.013951691798865795,0.005316929891705513,2.6240127447666057,0.007751087658107281,0.006475020200014114,0.004113520495593548,0.004910615738481283,0.01550519373267889,19.17874050140381,0.03834910345077515,0.029155275946110486,0.022474881261587143,0.0030716820898931472,0.0013010748662054539,0.01720689982175827,nan,nan,nan,nan
PSO_topology_aging,smooth_sine,15,2.638540267944336,0.010152979753911495,0.005277080927044153,1.9239765116883427,0.005174655932933092,0.004414277616888285,0.003881637006998062,0.005049644969403744,0.007353064604103565,19.173340559005737,0.03833806371688843,0.026394804371893406,0.0161686223000288,0.0033209705208428206,0.001869375235401094,0.016874246299266815,nan,nan,nan,nan
PSO_topology_aging,smooth_sine,16,2.497048854827881,0.015258131548762321,0.004994098097085953,3.0552326470450017,0.0048011187463998795,0.008098187856376171,0.0056689465418457985,0.002130516804754734,0.0033068235497921705,19.128092050552368,0.03824792718887329,0.028951962066441773,0.018108975142240524,0.0030696561980992553,0.00165451318025589,0.017168402671813965,nan,nan,nan,nan
PSO_topology_aging,smooth_sine,17,2.5376322269439697,0.02239331603050232,0.005075264722108841,4.412245913588049,0.0038702692836523056,0.0017155221430584788,0.0053892433643341064,0.0013929884880781174,0.0069833239540457726,19.121522903442383,0.03823446369171143,0.030844746050238608,0.024489818140864372,0.0029299182299757378,0.0008123574079945683,0.01654677465558052,nan,nan,nan,nan
PSO_topology_aging,smooth_sine,18,2.6241416931152344,0.010779408738017082,0.005248283501714468,2.053892236289398,0.005256004631519318,0.006130632013082504,0.0007148481672629714,0.002955552889034152,0.01122298464179039,20.500953435897827,0.04099277019500733,0.023883257932215927,0.018095482140779495,0.0027059124067192897,0.0007108224090188742,0.01657847687602043,nan,nan,nan,nan
PSO_topology_aging,smooth_sine,19,2.607870101928711,0.014590555801987648,0.005215740296989679,2.79740841590766,0.0054171583615243435,0.007787469774484634,0.003023183671757579,0.005276334937661886,0.005581643432378769,19.011246919631958,0.0380134768486023,0.021195328096300363,0.01405220478773117,0.002780604194337502,0.0012935071717947721,0.018269533291459084,nan,nan,nan,nan
PSO_topology_aging,multi_frequency,0,2.6769094467163086,0.015084384009242058,0.005353819113224745,2.8174997492876335,0.008034768514335155,0.01520681381225586,0.008096426725387573,0.004249091260135174,0.004586742725223303,19.04173731803894,0.038074402809143065,0.03386201538965106,0.029450461268424988,0.0028230184832587837,0.0010129889706149697,0.016480712220072746,nan,nan,nan,nan
PSO_topology_aging,multi_frequency,1,2.5604965686798096,0.020923959091305733,0.005120994057506323,4.08591747155721,0.0071592777967453,0.009989907965064049,0.004664057865738869,0.0039858631789684296,0.009997282177209854,19.026503801345825,0.03804423141479492,0.02274209002405405,0.013128441758453846,0.002928678578650579,0.0011513904901221395,0.017224479466676712,nan,nan,nan,nan
PSO_topology_aging,multi_frequency,2,2.6187849044799805,0.011951453983783722,0.005237570032477379,2.281870010267083,0.006185776554048061,0.009291940368711948,0.005222010426223278,0.001453364035114646,0.008775792084634304,19.011666536331177,0.03801463174819946,0.023774963238835333,0.019100535660982132,0.0026152612585574387,0.0010850748512893915,0.016898639500141144,nan,nan,nan,nan
PSO_topology_aging,multi_frequency,3,2.5954787731170654,0.01765170320868492,0.005190957337617874,3.400471639550263,0.006351005285978317,0.009326275438070297,0.0051727620884776115,0.0031100723426789045,0.007794912904500961,19.038853406906128,0.038068974018096925,0.03313316368088126,0.026925085112452507,0.0033110340190120042,0.0015082848258316517,0.0168275348842144,nan,nan,nan,nan
PSO_topology_aging,multi_frequency,4,2.5995383262634277,0.02482086606323719,0.005199076142162085,4.774091662545877,0.0041063143871724606,0.007947714999318123,0.0044807433150708675,0.0018869636114686728,0.002109834924340248,19.19773006439209,0.0383867654800415,0.024378237695991994,0.016307562589645386,0.002840721006714739,0.0006245435797609389,0.01673416793346405,nan,nan,nan,nan
PSO_topology_aging,multi_frequency,5,2.569124698638916,0.02460472099483013,0.0051382496021687984,4.788541409986146,0.004014673177152872,0.007962445728480816,0.003248186782002449,0.002343872096389532,0.0025041881017386913,19.18593192100525,0.0383627119064331,0.016953602055460214,0.009831135161221027,0.0024103007720783355,0.0005665249773301184,0.017462072893977165,nan,nan,nan,nan
PSO_topology_aging,multi_frequency,6,2.589423179626465,0.011178993619978428,0.0051788464188575745,2.158587591876195,0.00586608424782753,0.008593745529651642,0.0027392623014748096,0.002795272273942828,0.009336058981716633,19.220993995666504,0.03843267822265625,0.028375701659917832,0.015860721468925476,0.003086653479700908,0.0014534711372107267,0.01721007376909256,nan,nan,nan,nan
PSO_topology_aging,multi_frequency,7,2.6448774337768555,0.012554533779621124,0.005289755761623383,2.3733673812887424,0.004549512639641762,0.005181037355214357,0.0028749729972332716,0.003690106328576803,0.006451933644711971,19.20683455467224,0.038405117988586424,0.019740824816003442,0.009815191850066185,0.002654945896472782,0.0006910973461344838,0.016218354925513268,nan,nan,nan,nan
PSO_topology_aging,multi_frequency,8,2.508732318878174,0.014980282634496689,0.005017464980483055,2.985627740854599,0.00399235263466835,0.0017150116618722677,0.00400951225310564,0.0069580948911607265,0.003286792663857341,19.339070796966553,0.03866934108734131,0.026577610404789447,0.02201664075255394,0.002980521037289873,0.0012520981254056096,0.016160879284143448,nan,nan,nan,nan
PSO_topology_aging,multi_frequency,9,2.502326488494873,0.00820223055779934,0.005004653241485357,1.6389208526593055,0.00551547622308135,0.004013419151306152,0.00395370926707983,0.005145452916622162,0.008949323557317257,19.302375555038452,0.0385956072807312,0.02257773011121899,0.005061333999037743,0.002787907147780061,0.0008768935222178698,0.018299128860235214,nan,nan,nan,nan
PSO_topology_aging,multi_frequency,10,2.526460647583008,0.016599440947175026,0.005052921362221241,3.285117609643145,0.0015710683073848486,0.0012141121551394463,0.0013691477943211794,0.0014945364091545343,0.0022064768709242344,19.21959114074707,0.03843105745315552,0.02398661318272352,0.01856347918510437,0.002900091842096299,0.0011033397167921066,0.016478469595313072,nan,nan,nan,nan
PSO_topology_aging,multi_frequency,11,2.523204803466797,0.013071049004793167,0.005046410020440817,2.5901678523639617,0.003393629565834999,0.004819212481379509,0.003267265623435378,0.0016666869632899761,0.003821353428065777,19.21414089202881,0.038419739246368406,0.022718953542411328,0.01761651411652565,0.0026118476546835153,0.0005944017320871353,0.01739872619509697,nan,nan,nan,nan
PSO_topology_aging,multi_frequency,12,2.573166847229004,0.018945185467600822,0.005146333947777748,3.681297339008012,0.006679730489850044,0.010421859100461006,0.005489022936671972,0.0015516942366957664,0.009256348013877869,19.20271396636963,0.0383967456817627,0.021669511694833637,0.009266974404454231,0.0027652369643328713,0.0009019157732836902,0.016276948153972626,nan,nan,nan,nan
PSO_topology_aging,multi_frequency,13,2.546400547027588,0.01104850322008133,0.005092801991850138,2.16943506497247,0.004679719917476177,0.0023052345495671034,0.0015322626568377018,0.004148653708398342,0.01073272805660963,19.178842067718506,0.03834918212890625,0.03438314804062247,0.028572112321853638,0.0027993678386788816,0.001035416265949607,0.01657172664999962,nan,nan,nan,nan
PSO_topology_aging,multi_frequency,14,2.6013553142547607,0.013483589515089989,0.005202711559832096,2.591646559688413,0.0036764871329069138,0.0064644524827599525,0.003161784028634429,0.0014909071614965796,0.0035888063721358776,19.184695720672607,0.03836114883422852,0.0217801992200315,0.013992120511829853,0.0027344517714809626,0.001267719198949635,0.017111819237470627,nan,nan,nan,nan
PSO_topology_aging,multi_frequency,15,2.642218589782715,0.010137712582945824,0.005284437909722328,1.9184088745360075,0.006113450508564711,0.008039622567594051,0.00832509808242321,0.0027493727393448353,0.00533970957621932,19.186219930648804,0.03836404800415039,0.016606859698356128,0.0008276182343252003,0.0025552702372544445,0.0002755627501755953,0.016825133934617043,nan,nan,nan,nan
PSO_topology_aging,multi_frequency,16,2.4904844760894775,0.01593276485800743,0.004980969708412886,3.1987275150653702,0.00512833334505558,0.007101485040038824,0.005761316977441311,0.0028340972494333982,0.004816433880478144,19.147355318069458,0.038286335945129396,0.033771061873435974,0.02677958644926548,0.002734914358658716,0.0010090554133057594,0.016866842284798622,nan,nan,nan,nan
PSO_topology_aging,multi_frequency,17,2.5043792724609375,0.022828133776783943,0.00500875897705555,4.557642697793316,0.00554213672876358,0.008396691642701626,0.004302973859012127,0.0017437124624848366,0.007725169416517019,19.277950763702393,0.03854739284515381,0.032383213878422974,0.02682911977171898,0.0032481724073179065,0.0018337885849177837,0.016891151666641235,nan,nan,nan,nan
PSO_topology_aging,multi_frequency,18,2.5976920127868652,0.011078739538788795,0.005195384379476309,2.1324196112522333,0.004038226790726185,0.005098657216876745,0.0034026820212602615,0.0011716000735759735,0.0064799669198691845,19.910857439041138,0.03981265115737915,0.01699789616242051,0.008188634179532528,0.0027031279118964447,0.0006810944178141654,0.01591108739376068,nan,nan,nan,nan
PSO_topology_aging,multi_frequency,19,2.580756664276123,0.014754727482795715,0.0051615131087601185,2.8586050586123664,0.005624234676361084,0.01143584679812193,0.0031125484965741634,0.0012725768610835075,0.00667596748098731,18.951179265975952,0.03789407157897949,0.017682608892023565,0.013707885518670082,0.0026327216354198753,0.0010649868054315448,0.018035314977169037,nan,nan,nan,nan
PSO_topology_aging,slow_sine,0,2.7311081886291504,0.015345421619713306,0.005462216679006815,2.8093762150979953,0.009252050891518593,0.01593182608485222,0.0046865856274962425,0.003975587897002697,0.012414202094078064,18.966607093811035,0.03792489242553711,0.037045242720842364,0.0335458442568779,0.003061169071402401,0.0015901976730674505,0.017057975754141808,nan,nan,nan,nan
PSO_topology_aging,slow_sine,1,2.516104221343994,0.022914791479706764,0.005032208748161793,4.553624983875574,0.007577597163617611,0.009956007823348045,0.005693248473107815,0.008259343914687634,0.0064017875120043755,19.00229573249817,0.037997277736663816,0.034403848479688165,0.030455131083726883,0.0036674007486552,0.0020441999658942223,0.017123859375715256,nan,nan,nan,nan
PSO_topology_aging,slow_sine,2,2.6904075145721436,0.012781606987118721,0.005380815360695124,2.375403378544385,0.006816025823354721,0.004750116262584925,0.004241466987878084,0.004502925090491772,0.013769595883786678,19.11436152458191,0.038220316410064695,0.02944972338527441,0.02488517388701439,0.0029612104580271988,0.001479719765484333,0.01675669103860855,nan,nan,nan,nan
PSO_topology_aging,slow_sine,3,2.628833293914795,0.016669724136590958,0.005257667042315006,3.170555305695262,0.003816817654296756,0.0034918400924652815,0.0028998530469834805,0.005714519880712032,0.0031610573641955853,19.112610578536987,0.03821646785736084,0.03898376295119524,0.034635379910469055,0.0033534189183264972,0.0020589500200003386,0.01679662987589836,nan,nan,nan,nan
PSO_topology_aging,slow_sine,4,2.7099664211273193,0.027573073282837868,0.00541993323713541,5.087345558782386,0.007226898334920406,0.010690117254853249,0.009322413243353367,0.004101162776350975,0.00479389913380146,19.11654019355774,0.03822468376159668,0.03835788009017706,0.036127641797065735,0.0031546995552722366,0.0014398021157830954,0.016996795311570168,nan,nan,nan,nan
PSO_topology_aging,slow_sine,5,2.6732425689697266,0.02233785204589367,0.005346484947949648,4.178044502764406,0.006933786906301975,0.013721277937293053,0.003621729090809822,0.004252461716532707,0.006139679811894894,19.02379870414734,0.03803971242904663,0.03653484453111887,0.03367295861244202,0.0031010381180793046,0.001783026847988367,0.018204180523753166,nan,nan,nan,nan
PSO_topology_aging,slow_sine,6,2.6964683532714844,0.010013172402977943,0.005392936989665031,1.8567197099033574,0.0073772938922047615,0.006192163564264774,0.0049000512808561325,0.007295896764844656,0.01112106442451477,19.053667783737183,0.038098281860351565,0.0280947420604527,0.021005786955356598,0.0029332878068089483,0.0014669029042124748,0.017253819853067398,nan,nan,nan,nan
PSO_topology_aging,slow_sine,7,2.7960829734802246,0.0134307025000453,0.005592165980488062,2.401699546634902,0.006631552241742611,0.008710197173058987,0.004495988599956036,0.005760615225881338,0.007559408899396658,19.00447416305542,0.038000303268432616,0.03278215259984136,0.027289435267448425,0.0032421969686634838,0.0014241297030821443,0.017266033217310905,nan,nan,nan,nan
PSO_topology_aging,slow_sine,8,2.595210552215576,0.012190083041787148,0.005190421361476183,2.3485729178488555,0.0045323423109948635,0.004710768349468708,0.004864411428570747,0.0025030849501490593,0.006051103584468365,19.060184001922607,0.038111690044403075,0.02962531183809042,0.026942603290081024,0.0028926128603052347,0.0017376253381371498,0.017420396208763123,nan,nan,nan,nan
PSO_topology_aging,slow_sine,9,2.603482723236084,0.008823462761938572,0.005206965375691652,1.6945499202146188,0.007248888723552227,0.01168751996010542,0.007362870033830404,0.0036178864538669586,0.006327278912067413,19.12909698486328,0.038249510765075684,0.031117674519121646,0.028205346316099167,0.0031652745476923884,0.001785396016202867,0.01707657054066658,nan,nan,nan,nan
PSO_topology_aging,slow_sine,10,2.6509928703308105,0.015985364094376564,0.005301985424011946,3.0149769974811886,0.0051263486966490746,0.004222232848405838,0.003546725958585739,0.004381011240184307,0.008355425670742989,19.154568195343018,0.03830032920837402,0.03680259694457054,0.03321276232600212,0.003348834137478843,0.00176970474421978,0.0173882357776165,nan,nan,nan,nan
PSO_topology_aging,slow_sine,11,2.60856556892395,0.014225959777832031,0.0052171312272548676,2.726778215490163,0.006011764518916607,0.00822774600237608,0.004693580791354179,0.005638024769723415,0.005487705580890179,19.203904628753662,0.038400006294250486,0.032914096929878,0.02434375509619713,0.0033628416230902076,0.0020667456556111574,0.0173269584774971,nan,nan,nan,nan
PSO_topology_aging,slow_sine,12,2.6749963760375977,0.015596545301377773,0.005349992774426937,2.9152460496637573,0.009229391813278198,0.010860346257686615,0.006290670484304428,0.005874974187463522,0.01389157772064209,19.015876293182373,0.03802332496643066,0.03588253718987107,0.029284987598657608,0.0029506790815852584,0.0012954659759998322,0.01770220696926117,nan,nan,nan,nan
PSO_topology_aging,slow_sine,13,2.53776216506958,0.00993469450622797,0.005075524561107159,1.957372954582028,0.004984221421182156,0.006890909280627966,0.004838304594159126,0.002720564603805542,0.005487108137458563,19.006468057632446,0.0380046968460083,0.02550810657516122,0.018699834123253822,0.003202424626238644,0.001664518378674984,0.016561098396778107,nan,nan,nan,nan
PSO_topology_aging,slow_sine,14,2.7544984817504883,0.014019730500876904,0.0055089970119297504,2.544878944482477,0.00738978898152709,0.008571472018957138,0.005102767609059811,0.004213282372802496,0.011671635322272778,19.076595067977905,0.038144741535186766,0.028856911932677032,0.026391716673970222,0.0029513838726095854,0.0014580967836081982,0.016877848654985428,nan,nan,nan,nan
PSO_topology_aging,slow_sine,15,2.7390851974487305,0.010914337821304798,0.005478170700371265,1.9923325537419114,0.00647122785449028,0.008570983074605465,0.007528184913098812,0.002802676521241665,0.006983066909015179,19.006826877593994,0.0380052661895752,0.025896695010364054,0.021698154509067535,0.00275461664032191,0.001408525975421071,0.017158329486846924,nan,nan,nan,nan
PSO_topology_aging,slow_sine,16,2.5578057765960693,0.017141886055469513,0.00511561194434762,3.35089647963037,0.006861618719995022,0.008735226467251778,0.004189811646938324,0.006658382713794708,0.007863054983317852,19.052345514297485,0.0380964126586914,0.021590599854290484,0.019267231225967407,0.0027323385896161198,0.0012791920453310013,0.016920797526836395,nan,nan,nan,nan
PSO_topology_aging,slow_sine,17,2.5595545768737793,0.02423805370926857,0.0051191095262765884,4.7348183477719505,0.007590012159198523,0.006286310032010078,0.006652049720287323,0.00294449832290411,0.014477191492915154,19.048839330673218,0.03808924102783203,0.041427069045603275,0.03493044525384903,0.003099530021008104,0.0018432473298162222,0.016342002898454666,nan,nan,nan,nan
PSO_topology_aging,slow_sine,18,2.705836296081543,0.013724785298109055,0.005411672871559858,2.5361446679893325,0.006441829260438681,0.005452129058539867,0.004936538636684418,0.0036838194355368614,0.011694831773638725,19.08581280708313,0.038162517070770265,0.03135328964367509,0.029095962643623352,0.003040247856499627,0.001415369799360633,0.016737928614020348,nan,nan,nan,nan
PSO_topology_aging,slow_sine,19,2.610185146331787,0.016367118805646896,0.00522037036716938,3.13524092247914,0.00827912800014019,0.00813986361026764,0.007010323461145163,0.004198604263365269,0.013767722062766552,19.099989414215088,0.03819130706787109,0.03449900912344456,0.03242035210132599,0.003197319978196174,0.0016611556056886911,0.01720401458442211,nan,nan,nan,nan
PSO_topology_aging,aggressive_sine,0,2.6413583755493164,0.015385807491838932,0.005282716825604439,2.9124800741290002,0.0030462127178907394,0.003199814585968852,0.0041655199602246284,0.0014269694220274687,0.0033925469033420086,19.016013622283936,0.03802340459823608,0.016659232950210573,0.0076087163761258125,0.0024780492877820508,0.000770256039686501,0.016224678605794907,nan,nan,nan,nan
PSO_topology_aging,aggressive_sine,1,2.502523422241211,0.02204652689397335,0.005005046725273132,4.404859355787581,0.003086274955421686,0.0014244241174310446,0.004771440289914608,0.004107906948775053,0.0020413289312273264,19.068132162094116,0.03812706708908081,0.01767501358166337,0.012652684934437275,0.0022749162768945096,0.0007809533271938562,0.01711970940232277,nan,nan,nan,nan
PSO_topology_aging,aggressive_sine,2,2.605682373046875,0.013654648326337337,0.005211364943534136,2.620167360046236,0.003007903229445219,0.0031889728270471096,0.0042280834168195724,0.0041426727548241615,0.00047188298776745796,19.18243718147278,0.03835601949691773,0.020259873458370565,0.013154515996575356,0.0027927427999209615,0.0012360099935904145,0.01624598354101181,nan,nan,nan,nan
PSO_topology_aging,aggressive_sine,3,2.5677475929260254,0.016014711931347847,0.005135495215654373,3.1184357610792217,0.003961286973208189,0.005184592213481665,0.00264189625158906,0.0013169965241104364,0.0067016626708209515,19.194960594177246,0.038380732536315916,0.016289333345368504,0.010114027187228203,0.0026744140462484213,0.0013241826090961695,0.017648406326770782,nan,nan,nan,nan
PSO_topology_aging,aggressive_sine,4,2.601625919342041,0.022721795365214348,0.00520325219258666,4.36684491241598,0.0052719819359481335,0.008884623646736145,0.0056190453469753265,0.0013044467195868492,0.005279812030494213,19.162707567214966,0.03831623935699463,0.014737157960608602,0.009296349249780178,0.002441415919084102,0.0009534592973068357,0.017544057220220566,nan,nan,nan,nan
PSO_topology_aging,aggressive_sine,5,2.5606775283813477,0.02273814007639885,0.005121355410665274,4.439867623529202,0.003404767718166113,0.005550909787416458,0.003356151981279254,0.001192563446238637,0.0035194456577301025,19.04196262359619,0.0380743670463562,0.018567082214727998,0.013843369670212269,0.0024714306377107277,0.0003820702841039747,0.017440155148506165,nan,nan,nan,nan
PSO_topology_aging,aggressive_sine,6,2.5655431747436523,0.010748608037829399,0.005131086800247431,2.0948014438795073,0.004770297557115555,0.009340922348201275,0.00426744157448411,0.0014715460129082203,0.004001281689852476,19.09850764274597,0.03818737649917602,0.026113083010166883,0.02127450704574585,0.0024372180918697268,0.0009987861849367619,0.016957391053438187,nan,nan,nan,nan
PSO_topology_aging,aggressive_sine,7,2.6413650512695312,0.013134665787220001,0.005282731261104345,2.486339951442887,0.003023967146873474,0.00429486995562911,0.003484434215351939,0.0022687800228595734,0.0020477843936532736,19.296868085861206,0.03858423042297363,0.019444838020205496,0.015516581013798714,0.0026444351584184915,0.0011286333901807666,0.017566759139299393,nan,nan,nan,nan
PSO_topology_aging,aggressive_sine,8,2.527639389038086,0.01475795079022646,0.00505527900531888,2.919314794435475,0.006674449425190687,0.007603050675243139,0.00386635959148407,0.004296999424695969,0.010931387543678284,19.298275232315063,0.03858683633804321,0.012322805661149324,0.0015283040702342987,0.0019413727502687833,0.00028752401703968644,0.01715831644833088,nan,nan,nan,nan
PSO_topology_aging,aggressive_sine,9,2.5619492530822754,0.008800804615020752,0.0051238988526165485,1.7175992087600578,0.0027958403807133436,0.0027838698588311672,0.003951559774577618,0.0023231320083141327,0.0021248001139611006,19.111934661865234,0.03821432971954346,0.024433340675383806,0.01796271651983261,0.0025235669288551435,0.0007458081236109138,0.01797604188323021,nan,nan,nan,nan
PSO_topology_aging,aggressive_sine,10,2.5309460163116455,0.01650572381913662,0.005061892326921225,3.260781295436174,0.002511676400899887,0.0016352033708244562,0.004422987811267376,0.002222161740064621,0.0017663524486124516,19.17075228691101,0.038331744194030765,0.009188283469434828,0.0027767247520387173,0.0018043922257609665,0.0003515236603561789,0.01672963611781597,nan,nan,nan,nan
PSO_topology_aging,aggressive_sine,11,2.5111260414123535,0.01224487368017435,0.005022252444177866,2.4381238928699083,0.0016305875033140182,0.0022625369019806385,0.002174488501623273,0.0012274603359401226,0.0008578646811656654,19.19865655899048,0.03838834285736084,0.012691041590087116,0.007094584405422211,0.002272218677517958,0.0006586233503185213,0.01707650162279606,nan,nan,nan,nan
PSO_topology_aging,aggressive_sine,12,2.6188597679138184,0.01994498446583748,0.005237719975411892,3.807951658253554,0.0033385343849658966,0.005858519114553928,0.003931947983801365,0.002194402739405632,0.0013692688662558794,19.306798696517944,0.03860363912582397,0.012984434916451574,0.006290222518146038,0.0023370420567225664,0.0008757604518905282,0.015957888215780258,nan,nan,nan,nan
PSO_topology_aging,aggressive_sine,13,2.492135763168335,0.01176640298217535,0.0049842712469398975,2.360706791268504,0.0020942464470863342,0.001018370734527707,0.002515701809898019,0.0015786399599164724,0.0032642739824950695,19.212445735931396,0.03841465663909912,0.0137953307216987,0.007540295831859112,0.0020903238686267285,0.000547081814147532,0.016293801367282867,nan,nan,nan,nan
PSO_topology_aging,aggressive_sine,14,2.6109604835510254,0.014098839834332466,0.005221921019256115,2.6999335651271315,0.0032683059107512236,0.0024250459391623735,0.0023896414786577225,0.0032938483636826277,0.004964688327163458,19.256585836410522,0.038503317356109616,0.016544639883562924,0.011145071126520634,0.0024867797605227678,0.0008845917182043195,0.017561720684170723,nan,nan,nan,nan
PSO_topology_aging,aggressive_sine,15,2.5972070693969727,0.011016798205673695,0.0051944139413535595,2.1208933924128,0.0022104710806161165,0.004335916601121426,0.0028686760924756527,0.0007837391458451748,0.0008535526576451957,19.210058212280273,0.03841025018692017,0.021990361565351488,0.016441529616713524,0.0025371498328167945,0.001008562627248466,0.017143409699201584,nan,nan,nan,nan
PSO_topology_aging,aggressive_sine,16,2.5008740425109863,0.0161407683044672,0.005001748446375132,3.227025204789086,0.004039840307086706,0.00925588421523571,0.0033930863719433546,0.0014168790075927973,0.0020935116335749626,19.099123239517212,0.03818935203552246,0.01496751761175692,0.009755187667906284,0.002061888911423739,0.00029469080618582666,0.01700643077492714,nan,nan,nan,nan
PSO_topology_aging,aggressive_sine,17,2.484797954559326,0.022993169724941254,0.004969595931470394,4.626768462066509,0.0012233791640028358,0.0017004914116114378,0.0013145117554813623,0.0015348303131759167,0.00034368340857326984,19.09170150756836,0.03817394971847534,0.016362936292588712,0.011225594207644463,0.002513976231776178,0.001084588235244155,0.016747821122407913,nan,nan,nan,nan
PSO_topology_aging,aggressive_sine,18,2.5851259231567383,0.011726200580596924,0.005170252174139023,2.2680132778145645,0.002700040815398097,0.0007514095632359385,0.004956471733748913,0.001033821259625256,0.004058461170643568,19.368671894073486,0.038728522777557374,0.016952882733941077,0.010847680270671844,0.0024557830980978905,0.0009648407576605678,0.01644688844680786,nan,nan,nan,nan
PSO_topology_aging,aggressive_sine,19,2.570244789123535,0.014580590650439262,0.005140490364283323,2.8364201889661667,0.0055572460405528545,0.012783825397491455,0.0027093251701444387,0.0037353390362113714,0.00300049502402544,19.40595841407776,0.03880202674865723,0.02008494747467339,0.013905640691518784,0.002419831233873265,0.00022599773365072906,0.017708012834191322,nan,nan,nan,nan
PSO_topology_aging,random_smooth,0,2.5658440589904785,0.009040974080562592,0.005131688434630632,1.761793256884143,0.0031352145597338676,0.0048935129307210445,0.0030094608664512634,0.0016295406967401505,0.003008343977853656,19.35972237586975,0.038711647510528566,0.01547706617359072,0.005977596156299114,0.002787414414389059,0.0011261464096605778,0.01678553596138954,nan,nan,nan,nan
PSO_topology_aging,random_smooth,1,2.674593448638916,0.015223011374473572,0.005349187180399895,2.845855054437547,0.0029838993214070797,0.003999055363237858,0.0029635995160788298,0.0032284948974847794,0.0017444472759962082,19.462279319763184,0.0389165244102478,0.013760623477771879,0.009559252299368382,0.002447585457912646,0.0008410139125771821,0.017747756093740463,nan,nan,nan,nan
PSO_topology_aging,random_smooth,2,2.581441640853882,0.018666371703147888,0.005162883549928665,3.6154934587679786,0.0038553131744265556,0.00456928601488471,0.004262343514710665,0.0014931261539459229,0.005096497014164925,19.87483835220337,0.03974109125137329,0.021946726888790728,0.014832044020295143,0.002690926752705127,0.0013043705839663744,0.01736675575375557,nan,nan,nan,nan
PSO_topology_aging,random_smooth,3,2.518829584121704,0.007197811268270016,0.00503765931352973,1.4288007227758988,0.001519379555247724,0.0023624454624950886,0.0021646833047270775,0.0005938009708188474,0.0009565883665345609,19.35155439376831,0.03869424629211426,0.014140585647709668,0.006742575205862522,0.0022123519759159535,0.0005824934924021363,0.018128331750631332,nan,nan,nan,nan
PSO_topology_aging,random_smooth,4,2.612532138824463,0.008941370993852615,0.005225065164268017,1.7112458338316663,0.004285672213882208,0.007956581190228462,0.0014372062869369984,0.0009008061024360359,0.006848095916211605,19.20727825164795,0.03840695953369141,0.018940440319478512,0.014312781393527985,0.002600579493260011,0.0011452359613031149,0.016676582396030426,nan,nan,nan,nan
PSO_topology_aging,random_smooth,5,2.594205379486084,0.010938677005469799,0.005188411101698875,2.1082903399632453,0.002491716528311372,0.003963882103562355,0.002951257396489382,0.001166961039416492,0.001884765806607902,18.9611234664917,0.03791446399688721,0.019789879354089497,0.015425504185259342,0.0027985792930237947,0.0013283415464684367,0.016605999320745468,nan,nan,nan,nan
PSO_topology_aging,random_smooth,6,2.633089542388916,0.019628193229436874,0.005266179330646992,3.727217019596899,0.004572032950818539,0.009931014850735664,0.0042654345743358135,0.0013632499612867832,0.0027284331154078245,18.986276626586914,0.03796470308303833,0.03320871610790491,0.029242612421512604,0.0026798695161007343,0.001191676128655672,0.016230452805757523,nan,nan,nan,nan
PSO_topology_aging,random_smooth,7,2.6417832374572754,0.008221260271966457,0.005283566657453775,1.556005782640849,0.0046288794837892056,0.0092760706320405,0.003782734740525484,0.0028038180898875,0.002652894239872694,18.978291511535645,0.03794847345352173,0.01931295893639326,0.015791259706020355,0.0022796729581896218,0.0008186246850527823,0.016951579600572586,nan,nan,nan,nan
PSO_topology_aging,random_smooth,8,2.5528082847595215,0.012847407720983028,0.005105616990476847,2.5163281430915023,0.002449567662551999,0.005742199718952179,0.0018689859425649047,0.0005683558993041515,0.0016187289729714394,18.945614099502563,0.037883323669433595,0.01604275975227356,0.00790768675506115,0.0026578903711866587,0.0011873014736920595,0.01714896783232689,nan,nan,nan,nan
PSO_topology_aging,random_smooth,9,2.6101040840148926,0.011095722205936909,0.005220208317041397,2.125532456188552,0.0031417140271514654,0.0038366131484508514,0.004547904245555401,0.001234348863363266,0.0029479903168976307,19.12765622138977,0.038246949195861815,0.018123594500869512,0.012215366587042809,0.00238931531701237,0.0005207604262977839,0.01635759137570858,nan,nan,nan,nan
PSO_topology_aging,random_smooth,10,2.652667999267578,0.007735643535852432,0.0053053367882966995,1.4580871760897187,0.004171829205006361,0.009202223271131516,0.001931734150275588,0.0016946452669799328,0.0038587134331464767,19.20262837409973,0.03839676570892334,0.018206211242079735,0.01034351997077465,0.0027999036990106105,0.0012296735076233745,0.0158686563372612,nan,nan,nan,nan
PSO_topology_aging,random_smooth,11,2.6119885444641113,0.00952437985688448,0.005223977379500866,1.8232046513559947,0.0037472317926585674,0.004847869277000427,0.0031056739389896393,0.0016922488575801253,0.005343134514987469,19.163867950439453,0.0383193154335022,0.022594987481087445,0.019412066787481308,0.002585115114832297,0.0012614773586392403,0.01753746159374714,nan,nan,nan,nan
PSO_topology_aging,random_smooth,12,2.538485050201416,0.014134278520941734,0.005076970439404249,2.783998585305985,0.0033208089880645275,0.0019137051422148943,0.004305302165448666,0.0015296663623303175,0.005534562282264233,19.065977573394775,0.03812392234802246,0.01657898142412305,0.009290722198784351,0.0024883937187027186,0.0010664269793778658,0.01696471869945526,nan,nan,nan,nan
PSO_topology_aging,random_smooth,13,2.546776533126831,0.01487443782389164,0.005093553569167852,2.920247646737073,0.002657574135810137,0.005992323160171509,0.0019385236082598567,0.0013654213398694992,0.0013340277364477515,19.079190492630005,0.03815046215057373,0.012028615981899202,0.006187872029840946,0.00229853793149814,0.0008261591428890824,0.016833599656820297,nan,nan,nan,nan
PSO_topology_aging,random_smooth,14,2.6459922790527344,0.022129042074084282,0.005291984882205725,4.181614756401343,0.0030456166714429855,0.0046369717456400394,0.0029136985540390015,0.000886508438270539,0.0037452890537679195,19.161681413650513,0.038315345287323,0.020197058754786848,0.013478415086865425,0.0026320603309199215,0.0013856494333595037,0.016798948869109154,nan,nan,nan,nan
PSO_topology_aging,random_smooth,15,2.5485105514526367,0.020930428057909012,0.005097021348774433,4.106403843676598,0.0019185080891475081,0.003055849578231573,0.0013576073106378317,0.001465903944335878,0.001794672105461359,19.134966373443604,0.038261558532714846,0.02498322574943304,0.01993997022509575,0.0028557035515550523,0.0013255086960271,0.01533170323818922,nan,nan,nan,nan
PSO_topology_aging,random_smooth,16,2.631575584411621,0.010898185893893242,0.005263151600956917,2.070657795969965,0.003401370719075203,0.004029220901429653,0.0057121217250823975,0.0007166286231949925,0.0031475122086703777,19.108814001083374,0.038209164142608644,0.022492450891435145,0.017444917932152748,0.0028272199778817592,0.0010240518022328615,0.017586100846529007,nan,nan,nan,nan
PSO_topology_aging,random_smooth,17,2.7160699367523193,0.014411384239792824,0.005432140082120895,2.6529846472895304,0.006534571759402752,0.012431315146386623,0.00616450747475028,0.0035956427454948425,0.0039468202739953995,19.270525693893433,0.03853256416320801,0.03641965183094144,0.02676445245742798,0.003386883666459471,0.0017506337026134133,0.017048517242074013,nan,nan,nan,nan
PSO_topology_aging,random_smooth,18,2.641171455383301,0.00832311250269413,0.005282343365252018,1.5756477622118832,0.0030855825170874596,0.0050023701041936874,0.0037317699752748013,0.0015761214308440685,0.002032069256529212,19.276195526123047,0.03854360485076904,0.016770227489992975,0.013025015592575073,0.00226960142692551,0.0009925139602273703,0.017425063997507095,nan,nan,nan,nan
PSO_topology_aging,random_smooth,19,2.624864101409912,0.024314062669873238,0.005249728914350271,4.631489180976586,0.003512972965836525,0.0075896307826042175,0.0022788664791733027,0.0012195003218948841,0.0029638938140124083,19.571067571640015,0.03913352251052857,0.012233333293348551,0.00893739890307188,0.002351666667452082,0.0007464817026630044,0.01769920438528061,nan,nan,nan,nan
PSO_final,smooth_sine,0,2.675597667694092,0.015039737336337566,0.005351195577532053,2.810537779535583,0.005536350887268782,0.01052993442863226,0.004157406743615866,0.0036934595555067062,0.0037646018899977207,19.76686382293701,0.039525978565216065,0.011286721060425043,0.0011292342096567154,0.001113326458784286,0.00024064467288553715,0.0146796815097332,0.7323862900724635,1.6446673500841997,1.3539794148730087,0.10204818223897423
PSO_final,smooth_sine,1,2.4963884353637695,0.020959820598363876,0.004992777481675148,4.19802818677422,0.004855643026530743,0.005898047238588333,0.003494175150990486,0.002485689939931035,0.00754466000944376,19.974037885665894,0.03994022274017334,0.009563747765589506,0.0010252385400235653,0.0010427684133406728,0.0002720960765145719,0.015087053179740906,0.7114740068558604,1.674533636549588,1.2599532864944702,0.09796822480943669
PSO_final,smooth_sine,2,2.581007957458496,0.012076321989297867,0.005162016022950411,2.3394584471660558,0.00475248321890831,0.005593006499111652,0.002879208419471979,0.0031210954766720533,0.0074166241101920605,19.908576726913452,0.039808967113494874,0.01155644342370797,0.0006187789840623736,0.0010370491684705484,0.00018529113731347024,0.014045726507902145,0.7629823236842639,1.7549619677395691,1.1872918969132995,0.1107676179358538
PSO_final,smooth_sine,3,2.563673257827759,0.017525101080536842,0.005127347074449062,3.4179666065262277,0.0031611151061952114,0.00431976979598403,0.0033196760341525078,0.0017875044140964746,0.0032175094820559025,19.843360662460327,0.039678560256958005,0.009461356448521838,0.0009827148169279099,0.001018488882080419,0.0001912159932544455,0.014142347499728203,0.7519839876098559,1.6732533466432111,1.326053796568201,0.10658948794020988
PSO_final,smooth_sine,4,2.6045241355895996,0.02411685697734356,0.005209048744291067,4.629800595314985,0.004072738811373711,0.004421501886099577,0.003472700249403715,0.0022623008117079735,0.00613445183262229,19.867915630340576,0.0397273268699646,0.006624003469781019,0.0007843312341719866,0.0009889555471774656,0.00020361022325232625,0.015332450158894062,0.7165980499470608,1.6743760762837927,1.2702166972490705,0.09919001415754244
PSO_final,smooth_sine,5,2.615565776824951,0.024160508066415787,0.005231131799519062,4.618600523243755,0.004674006253480911,0.005018556024879217,0.0024004075676202774,0.0018903554882854223,0.009386706165969372,19.941030502319336,0.03987319374084473,0.012740980391018092,0.0024624548386782408,0.0011426289631635883,0.0002557143452577293,0.015352653339505196,0.5607074060011655,1.4062560238180994,1.7066607535016145,0.07152770954854082
PSO_final,smooth_sine,6,2.5826897621154785,0.011148199439048767,0.005165379960089922,2.1582535118780872,0.004128141328692436,0.0061901165172457695,0.003752294462174177,0.0020246473141014576,0.004545507021248341,20.14206552505493,0.04027598190307617,0.008156483749113977,0.0012282023672014475,0.0010433939032489434,0.0002806425909511745,0.01478591188788414,0.7345347060239873,1.6750886221914345,1.298659413059919,0.10314705515117814
PSO_final,smooth_sine,7,2.640404224395752,0.01267763040959835,0.005280808545649052,2.400698737704412,0.004168812185525894,0.002675249008461833,0.0016816951101645827,0.00412135012447834,0.008196954615414143,20.052124500274658,0.04009576654434204,0.004910605007619597,0.0008475878275930882,0.0009751003511482849,0.0002587445196695626,0.014820228330790997,0.7059683101018891,1.6728665747549143,1.2524282218297815,0.09661402214102702
PSO_final,smooth_sine,8,2.55312442779541,0.01499839499592781,0.005106248427182436,2.9372630826353543,0.006833707448095083,0.006508908234536648,0.0030455212108790874,0.0047654081135988235,0.013014993630349636,19.92710256576538,0.039845293045043945,0.019404642184544355,0.0021105273626744747,0.0013844976265681907,0.0005351684521883726,0.014653725549578667,0.5176268870476634,1.4621646326973905,1.5297769869806583,0.06341491494070059
PSO_final,smooth_sine,9,2.519951343536377,0.008242773823440075,0.0050399028696119785,1.635502515959139,0.002235864056274295,0.0030360035598278046,0.0012081030290573835,0.002420538105070591,0.0022788108326494694,19.853211641311646,0.03969790029525757,0.007810026096925139,0.0009751947363838553,0.0010363557168806437,0.0001986645656870678,0.015260359272360802,0.7376925400225446,1.690803271027766,1.2722777940420593,0.10408174577925035
PSO_final,smooth_sine,10,2.5727953910827637,0.01671908050775528,0.005145591218024492,3.2492049600034316,0.003972620237618685,0.006234090309590101,0.005062985233962536,0.002693986287340522,0.0018994191195815802,20.025507926940918,0.04004222297668457,0.008902374829445035,0.0013611086178570986,0.0011111877588555216,0.0003486750356387347,0.014701811596751213,0.6376262641046196,1.4495873094558942,1.6386875374761944,0.08163803378944147
PSO_final,smooth_sine,11,2.5470058917999268,0.012740551494061947,0.0050940122455358505,2.501083797987953,0.004875825252383947,0.003854537382721901,0.002480767434462905,0.00502681965008378,0.008141176775097847,19.93575954437256,0.03986290979385376,0.013757039371505379,0.003592755412682891,0.001279225349891931,0.0006307472358457744,0.0158877894282341,0.5097984921652825,1.4210676878208903,1.6671402460239482,0.065710354758508
PSO_final,smooth_sine,12,2.585432529449463,0.019283711910247803,0.005170865450054407,3.7293006550856784,0.0052618607878685,0.00778211047872901,0.004480802454054356,0.0012884994503110647,0.007496030535548925,19.927199125289917,0.039845542430877685,0.004444030674686655,0.0012005071621388197,0.0008922107261023484,0.00027012400096282363,0.01451333798468113,0.6447902773274108,1.550555104706347,1.438312529471887,0.08413734228774948
PSO_final,smooth_sine,13,2.5010485649108887,0.011258515529334545,0.005002097226679325,2.250759035487318,0.0033632179256528616,0.002987632295116782,0.0031268312595784664,0.0015522884204983711,0.00578611996024847,20.104893684387207,0.04020096445083618,0.009207526042498648,0.0015481582377105951,0.0011061512457206846,0.0002739560150075704,0.014497418887913227,0.6297585220076144,1.5347602618602292,1.456928433865032,0.08140284344261459
PSO_final,smooth_sine,14,2.6128482818603516,0.013951691798865795,0.005225696135312319,2.669824543487728,0.0035572161432355642,0.002647912595421076,0.0006987755186855793,0.002923141000792384,0.007959035225212574,19.881023645401,0.03975308609008789,0.007670974964159541,0.0007141066016629338,0.0010708913986745756,0.0001875284651760012,0.014510614797472954,0.7517671739682555,1.7273560430205548,1.2225028981160304,0.10776248312678324
PSO_final,smooth_sine,15,2.619123935699463,0.010152979753911495,0.005238248035311699,1.938239595656594,0.0047701094299554825,0.009331956505775452,0.003906307276338339,0.001757594756782055,0.0040845805779099464,19.907138109207153,0.03980513572692871,0.00936438310656231,0.0009476474951952696,0.0010308224173262714,0.00027858169050887227,0.015320923179388046,0.6720120084704831,1.6082379095361534,1.3421761519747673,0.08926749321619276
PSO_final,smooth_sine,16,2.491497039794922,0.015258131548762321,0.0049829944036901,3.0620406752741056,0.0037328959442675114,0.007593385875225067,0.0019266954623162746,0.0024447734467685223,0.0029667287599295378,19.98324179649353,0.039957284450531004,0.012766665910580196,0.0003475382109172642,0.0010998645592015237,0.00014585736789740622,0.015033138915896416,0.7147792596137152,1.6695464224415018,1.277546417494963,0.09875970756342503
PSO_final,smooth_sine,17,2.4748964309692383,0.02239331603050232,0.004949793219566345,4.524091216979002,0.006046642549335957,0.007748426403850317,0.0034279150422662497,0.0036739425268024206,0.009336286224424839,20.0407075881958,0.040072500705718994,0.010647468995163218,0.0015108376974239945,0.001028498290013522,0.0002530357742216438,0.014055697247385979,0.6801797566353344,1.606302909646933,1.3603634818785397,0.09108199808555575
PSO_final,smooth_sine,18,2.600111961364746,0.010779408738017082,0.005200223997235298,2.072873926920833,0.004460611380636692,0.002730373293161392,0.0028013091068714857,0.004081590101122856,0.008229171857237816,20.008647918701172,0.040008899688720706,0.004128959036897868,0.0009054112015292048,0.0007644597630016506,0.00023245031479746103,0.015363268554210663,0.6633941593812779,1.5746253016574623,1.4075694510483139,0.08768694446882325
PSO_final,smooth_sine,19,2.621556043624878,0.014590555801987648,0.0052431123331189156,2.782804348826209,0.005706919357180595,0.008868364617228508,0.001468858914449811,0.004137309268116951,0.00835314393043518,19.820338487625122,0.03963201761245728,0.009717422548378818,0.0009341255063191056,0.0011874351714388468,0.00018661859212443233,0.015159361064434052,0.6943149181082846,1.5922111158183205,1.409157656829358,0.09376206514471755
PSO_final,multi_frequency,0,2.719541072845459,0.015084384009242058,0.0054390826262533665,2.7733323881554486,0.004940496291965246,0.006978591438382864,0.0042611886747181416,0.0032149958424270153,0.005307208746671677,19.93595862388611,0.039863531589508054,0.012178883048752323,0.0014233001274988055,0.0011983979061304126,0.00022164286929182708,0.0146796815097332,0.7168074816931039,1.596962463783093,1.4242940223259626,0.09790676516581776
PSO_final,multi_frequency,1,2.506969928741455,0.020923959091305733,0.0050139399245381355,4.173157119195673,0.005021182354539633,0.007813794538378716,0.005155161954462528,0.0014558056136593223,0.005659967660903931,20.0102801322937,0.04001206350326538,0.00978549887035042,0.0014745143707841635,0.0011665008502546698,0.00024937090347521007,0.015018985606729984,0.5880755457095802,1.5163421696424948,1.4465029247424166,0.07345630985977925
PSO_final,multi_frequency,2,2.596065044403076,0.011951453983783722,0.005192130338400602,2.301840132053634,0.003721313551068306,0.00345473806373775,0.003328162245452404,0.002695428906008601,0.005406925454735756,20.019325733184814,0.040030157089233395,0.01268822127445601,0.0007493136217817664,0.0011755618921597487,0.00024770101299509406,0.014045726507902145,0.7384394950699061,1.7153907392524648,1.2223889139945754,0.1045098764309819
PSO_final,multi_frequency,3,2.562138557434082,0.01765170320868492,0.00512427743524313,3.444720437516164,0.004206821322441101,0.007782300468534231,0.0034327926114201546,0.0017061431426554918,0.003906048834323883,20.01349377632141,0.04001839685440063,0.005845757419848815,0.0012772167101502419,0.0010171400358784013,0.00028083272627554834,0.014181814156472683,0.6434669116046281,1.571878033703852,1.3835833922748546,0.08351325974291005
PSO_final,multi_frequency,4,2.608877182006836,0.02482086606323719,0.005217754747718573,4.757001289508661,0.003283191006630659,0.004924784880131483,0.0028801090084016323,0.0008013254264369607,0.004526544362306595,20.032063007354736,0.0400552659034729,0.006600652482220903,0.0008599543944001198,0.0009804056135588326,0.00017548349569551647,0.01602085679769516,0.7056162768625656,1.5982506175872526,1.4101795955828453,0.09595323009347417
PSO_final,multi_frequency,5,2.578779697418213,0.02460472099483013,0.005157559644430876,4.770612981935801,0.0036377920769155025,0.0040510562248528,0.0009387923637405038,0.002763865515589714,0.006797452922910452,19.907631635665894,0.039806942462921144,0.006406271892786026,0.0010733739472925663,0.0009073418160609435,0.0002068228495772928,0.01533807534724474,0.6924682300072165,1.6128685947749064,1.3642793238823303,0.09365691707080231
PSO_final,multi_frequency,6,2.5919716358184814,0.011178993619978428,0.005183943081647158,2.15646534769174,0.0037503186613321304,0.0024391598999500275,0.004315681755542755,0.0016209157183766365,0.006625517271459103,19.868313312530518,0.03972793912887573,0.006555355529859662,0.0007464204682037234,0.0009927619216265158,0.00024805840803310275,0.014151875860989094,0.7209902294911446,1.702467772706178,1.2147552112560458,0.10015855068386124
PSO_final,multi_frequency,7,2.635685443878174,0.012554533779621124,0.005271370988339186,2.381644890369705,0.003496696939691901,0.004897233098745346,0.0038818418979644775,0.0008061452535912395,0.00440156739205122,19.853813648223877,0.039698807716369626,0.007049626043532044,0.0007866388186812401,0.0009963561872893478,0.00019499906920827925,0.015295656397938728,0.7668986713164486,1.647347802005041,1.386801457631384,0.10835898848846912
PSO_final,multi_frequency,8,2.4916882514953613,0.014980282634496689,0.004983376711606979,3.0060506161626357,0.005271180532872677,0.007869815453886986,0.0018760914681479335,0.004514451138675213,0.006824363023042679,19.85483694076538,0.039701200008392334,0.006963455667579547,0.0012437384575605392,0.000938643892883556,0.00022084011288825423,0.01463918387889862,0.7029641673201695,1.6198875864848494,1.3642440650281096,0.09584078541687557
PSO_final,multi_frequency,9,2.5082831382751465,0.00820223055779934,0.0050165667198598385,1.635028699075791,0.0026453330647200346,0.0025660120882093906,0.002195121254771948,0.003541765734553337,0.002278432948514819,19.905327558517456,0.03980225086212158,0.005883488178253174,0.0013060357887297869,0.0008205204668047373,0.0002374328178120777,0.01637106202542782,0.6878092766040937,1.612598935244332,1.3580194839490807,0.09269356271754492
PSO_final,multi_frequency,10,2.550590991973877,0.016599440947175026,0.005101182032376528,3.254038150730668,0.002768716774880886,0.005946938879787922,0.0030966270714998245,0.0005455623613670468,0.0014857392525300384,20.014589071273804,0.040020610809326174,0.009409762069722638,0.0013765250332653522,0.001040621948952321,0.00019610914750956,0.014149084687232971,0.6532057767966762,1.446791952552354,1.64896599578161,0.08356034983424054
PSO_final,multi_frequency,11,2.591240882873535,0.013071049004793167,0.005182481836527586,2.522160118857484,0.004375315736979246,0.005617449060082436,0.0027533068787306547,0.002065249253064394,0.007065257988870144,20.085346937179565,0.0401621036529541,0.016233967718854547,0.012783592566847801,0.0012120069755997974,0.000220139350858517,0.015917707234621048,0.4282737609464675,1.383843565173447,1.8161564348265529,0.06161564348265529
PSO_final,multi_frequency,12,2.7364120483398438,0.018945185467600822,0.005472824443131685,3.461683389346931,0.007026351988315582,0.009037795476615429,0.004639949183911085,0.003404805203899741,0.011022861115634441,19.93533444404602,0.039861892700195314,0.006356633123243228,0.0006072426913306117,0.0009948649714584463,0.0002857786021195352,0.014488991349935532,0.686265641450882,1.6683853581100592,1.2140576195227313,0.09121019168245878
PSO_final,multi_frequency,13,2.510899066925049,0.01104850322008133,0.005021798424422741,2.200108862663352,0.0035786766093224287,0.003866383573040366,0.0016094058519229293,0.003749028779566288,0.0050898888148367405,19.89403510093689,0.03977955055236816,0.008008639785135165,0.0014487209264189005,0.001054071518679848,0.00021010077034588903,0.014536923728883266,0.6385939012747258,1.5553738597959286,1.418093037674895,0.08283426605635465
PSO_final,multi_frequency,14,2.631838321685791,0.013483589515089989,0.005263676866889,2.561629419143888,0.0053580142557621,0.0019147194689139724,0.004861041437834501,0.004397296346724033,0.010259000584483147,19.979328155517578,0.039950131416320804,0.013566849843785167,0.006015474908053875,0.0012241136428667232,0.00026173749938607216,0.014670183882117271,0.4508735022973269,1.3709294272586703,1.8290705727413297,0.06290705727413297
PSO_final,multi_frequency,15,2.6481361389160156,0.010137712582945824,0.005296272691339254,1.9141220956246359,0.004227441735565662,0.0047476040199398994,0.0038161666598170996,0.0036607503425329924,0.0046852449886500835,19.953102111816406,0.03989748048782349,0.00927168878344819,0.0027383065316826105,0.0010516471815295518,0.0002986941544804722,0.014211917296051979,0.5231594834476709,1.3296231523156166,1.8703768476843834,0.06703768476843834
PSO_final,multi_frequency,16,2.4833812713623047,0.01593276485800743,0.004966762848198414,3.207877111303331,0.004090198781341314,0.00779283931478858,0.0025579591747373343,0.0023126089945435524,0.0036973885726183653,19.87437105178833,0.03974027681350708,0.0070058473063167185,0.000701719312928617,0.001017022841394646,0.0002285195660078898,0.015034893527626991,0.7596535215619951,1.6872742882899825,1.3106470964067813,0.10849430632477229
PSO_final,multi_frequency,17,2.5094780921936035,0.022828133776783943,0.005018956493586302,4.548382478699685,0.004063576925545931,0.005235940217971802,0.0025931948330253363,0.001268667750991881,0.00715650524944067,19.865017652511597,0.03972117328643799,0.00908898076051846,0.0007736753905192018,0.001161607887793798,0.00012907676864415407,0.014117293059825897,0.796868865180295,1.7783481823245446,1.2013082897776255,0.11889985336416438
PSO_final,multi_frequency,18,2.5895748138427734,0.011078739538788795,0.005179150030016899,2.1391038055625984,0.0030317334458231926,0.005503284744918346,0.004040610045194626,0.0010048322146758437,0.0015782065456733108,19.887608766555786,0.039766233921051025,0.007228241216414608,0.0009299685480073094,0.000975421155267395,0.00024604357895441353,0.015410881489515305,0.7281851044157521,1.6976069549357709,1.2410319715723286,0.10197654863849501
PSO_final,multi_frequency,19,2.585238456726074,0.014754727482795715,0.0051704770885407925,2.853649137232669,0.005674445535987616,0.010895887389779091,0.003659262787550688,0.004656990524381399,0.0034856414422392845,19.94566011428833,0.03988225746154785,0.008242196433525532,0.0009877048432826996,0.0010239434404589701,0.00022846365754958242,0.014507902786135674,0.7054557639989071,1.6616852965131725,1.2777713458694864,0.09658342638167787
PSO_final,slow_sine,0,2.7981390953063965,0.015345421619713306,0.0055962782353162766,2.742076246830149,0.005384072661399841,0.009123146533966064,0.0027918191626667976,0.002704824088141322,0.006916501559317112,19.999489545822144,0.03999000358581543,0.025373131345957516,0.012914661318063736,0.0012662917743553408,0.00041305445483885705,0.015254764817655087,0.4,1.4,1.8,0.06
PSO_final,slow_sine,1,2.5813260078430176,0.022914791479706764,0.005162652116268873,4.438569743542517,0.005822237581014633,0.010039638727903366,0.003031674772500992,0.004299844149500132,0.005917792674154043,19.908928394317627,0.03980888366699219,0.024136221162974834,0.01834731549024582,0.0015499790999339894,0.0007554198382422328,0.013979284092783928,0.4,1.4,1.8,0.06
PSO_final,slow_sine,2,2.633671283721924,0.012781606987118721,0.005267343018203974,2.42657577889752,0.0057267858646810055,0.0068800500594079494,0.005728847812861204,0.0026258197613060474,0.007672424893826246,20.206598043441772,0.04040426826477051,0.01733477565110661,0.0002816849446389824,0.0012042328028474003,0.0002634368429426104,0.01469523273408413,0.6918805293738843,1.6114691025081478,1.366424271333036,0.09352726070973932
PSO_final,slow_sine,3,2.619553327560425,0.016669724136590958,0.005239106714725494,3.1817874771929278,0.004752646200358868,0.00420724181458354,0.004440281540155411,0.0020107582677155733,0.008352303877472878,20.169289112091064,0.04032963991165161,0.02910354738086462,0.01802193932235241,0.001740175146656111,0.0009829268092289567,0.014693761244416237,0.4,1.4,1.8,0.06
PSO_final,slow_sine,4,2.6099534034729004,0.027573073282837868,0.005219907034188509,5.282292022107708,0.005187176167964935,0.00626481045037508,0.004415158648043871,0.0011665199417620897,0.008902216330170631,20.09289288520813,0.040176750659942626,0.016493107218667865,0.005677046719938517,0.0014120523316552861,0.0007354462286457419,0.015325361862778664,0.4,1.4,1.8,0.06
PSO_final,slow_sine,5,2.6574978828430176,0.02233785204589367,0.005314996000379324,4.202797526903021,0.005493149161338806,0.010107852518558502,0.0024556934367865324,0.0024531760718673468,0.006955874152481556,20.01525592803955,0.040021595001220704,0.01589358958341181,0.010364266112446785,0.001605545706860721,0.0007583245169371367,0.01651177555322647,0.4,1.4,1.8,0.06
PSO_final,slow_sine,6,2.6165008544921875,0.010013172402977943,0.00523300189524889,1.9134662290241156,0.005833867937326431,0.00478302501142025,0.003191462717950344,0.003207121742889285,0.012153863906860352,20.188426971435547,0.04036774492263794,0.015240249920636415,0.004377943463623524,0.0013247451395262033,0.0006244299001991749,0.014158700592815876,0.4452158804982901,1.4038745926577962,1.7367514458151594,0.06102838678952192
PSO_final,slow_sine,7,2.6586763858795166,0.0134307025000453,0.005317353643476963,2.5258245737560348,0.006544037722051144,0.007652922533452511,0.0029446608386933804,0.003943617921322584,0.011634948663413525,20.080238103866577,0.04015108299255371,0.01593529765550047,0.005353200249373913,0.0011826803424512037,0.00038282113382592797,0.014847333543002605,0.4,1.4,1.8,0.06
PSO_final,slow_sine,8,2.6255083084106445,0.012190083041787148,0.005251016933470964,2.321470906727662,0.005845541134476662,0.007679642178118229,0.0021897675469517708,0.002204891061410308,0.01130786444991827,20.107442140579224,0.04020554637908936,0.008026473235338926,0.0009427350596524775,0.0010157161660376004,0.0001534654147690162,0.014074945822358131,0.6817094728816301,1.6147130616503518,1.3435681473979604,0.0913815230586777
PSO_final,slow_sine,9,2.5461409091949463,0.008823462761938572,0.005092281848192215,1.732712961493077,0.0038277357816696167,0.004566943738609552,0.0021086540073156357,0.002311429940164089,0.006323914974927902,20.14541745185852,0.04028164625167847,0.021773218052834272,0.019376855343580246,0.0013488481713924557,0.0006004692986607552,0.01573476754128933,0.4,1.4,1.8,0.06
PSO_final,slow_sine,10,2.570499897003174,0.015985364094376564,0.005141000263392925,3.109387915850182,0.006392029579728842,0.008167478255927563,0.004338936414569616,0.007611136883497238,0.005450568161904812,20.090824127197266,0.04017249584197998,0.01404174279361032,0.0015470178332179785,0.0014011669897474347,0.00036492105573415756,0.015365349128842354,0.6852994344430043,1.5901247146891992,1.4025443947140337,0.09203533905162986
PSO_final,slow_sine,11,2.5763211250305176,0.014225959777832031,0.005152642726898193,2.760905525929182,0.005344766192138195,0.005814579781144857,0.002016813959926367,0.0039057410322129726,0.009641928598284721,20.207706451416016,0.040406298637390134,0.020072162998188287,0.0035805918741971254,0.0015559189351275562,0.0007096995250321925,0.015965960919857025,0.4302120145410299,1.4201413430273533,1.6791519418358802,0.057985865697264674
PSO_final,slow_sine,12,2.624959707260132,0.015596545301377773,0.005249919835478067,2.970815896269304,0.007563467137515545,0.009175049141049385,0.0035200132988393307,0.0033083725720643997,0.014250434003770351,20.1094388961792,0.04021011686325073,0.007908127850084566,0.000896330748219043,0.001069040588318603,0.0001454367011319846,0.014928663149476051,0.6761875003925525,1.5814722881181167,1.4093130496666366,0.09020922972614745
PSO_final,slow_sine,13,2.6457808017730713,0.00993469450622797,0.005291562061756849,1.8774596972088722,0.005597244016826153,0.007334977388381958,0.00328019424341619,0.002322277519851923,0.009451527148485184,20.182156801223755,0.04035527801513672,0.010317481469362974,0.0024293381720781326,0.0011525460998527705,0.0004574978374876082,0.014482189901173115,0.5219682123046367,1.455858689904817,1.5608597938319144,0.06503961700250513
PSO_final,slow_sine,14,2.639791965484619,0.014019730500876904,0.00527958432212472,2.655461044939764,0.006229845806956291,0.003893525106832385,0.005717274732887745,0.002193246502429247,0.013115337118506432,20.206955671310425,0.0404043698310852,0.028658425644785167,0.026020973920822144,0.0013930585976922884,0.0005752281285822392,0.015099506825208664,0.4,1.4,1.8,0.06
PSO_final,slow_sine,15,2.6114821434020996,0.010914337821304798,0.005222964100539684,2.089682718703165,0.007869662716984749,0.009750197641551495,0.00887566339224577,0.0039632273837924,0.008889559656381607,19.862630605697632,0.03971561241149903,0.02009304546713829,0.016209367662668228,0.0012738736603641883,0.0007430852274410427,0.015807978808879852,0.4,1.4,1.8,0.06
PSO_final,slow_sine,16,2.548107385635376,0.017141886055469513,0.005096214357763529,3.3636509087094644,0.006032233592122793,0.008683404885232449,0.0028727788012474775,0.0025363690219819546,0.010036380961537361,19.94422936439514,0.0398790602684021,0.02493201440423727,0.021525602787733078,0.0016066236305516213,0.0008213694090954959,0.015202198177576065,0.4,1.4,1.8,0.06
PSO_final,slow_sine,17,2.588340997695923,0.02423805370926857,0.005176681559532881,4.682160459461543,0.009020350873470306,0.0065317521803081036,0.006118880119174719,0.004655038937926292,0.018775733187794685,20.03388023376465,0.04005820608139038,0.012764942952618003,0.0024662287905812263,0.0011916162932873705,0.0003158586914651096,0.014066522009670734,0.6410872939508409,1.4561658114281986,1.6279729132889882,0.08227788734482379
PSO_final,slow_sine,18,2.8185362815856934,0.013724785298109055,0.005637072026729584,2.4347365499375493,0.007318189367651939,0.007121443748474121,0.004018410574644804,0.004333332180976868,0.013799572363495827,19.99750065803528,0.03998507022857666,0.02823237634077668,0.022010810673236847,0.0013276503677945584,0.0006830656202509999,0.016554318368434906,0.4,1.4,1.8,0.06
PSO_final,slow_sine,19,2.6380679607391357,0.016367118805646896,0.005276136100292206,3.1021032237474775,0.007602922152727842,0.010568010620772839,0.0030381674878299236,0.0047814021818339825,0.01202410738915205,19.980619430541992,0.039951522350311276,0.025765701032802464,0.00786537304520607,0.001391430251969723,0.0001785772037692368,0.014762748964130878,0.4,1.4,1.8,0.06
PSO_final,aggressive_sine,0,2.626969575881958,0.015385807491838932,0.005253939423710108,2.9284326009556714,0.0026240600273013115,0.0010526226833462715,0.0030848118476569653,0.004388283472508192,0.001970522804185748,19.9340341091156,0.039858317852020264,0.004165742695424706,0.0006103075575083494,0.0008518575047492049,0.00018744691624306142,0.013560407795011997,0.7642247862881051,1.7588505621747443,1.1817731062227406,0.11111691433382198
PSO_final,aggressive_sine,1,2.4840707778930664,0.02204652689397335,0.004968141671270132,4.437580156271396,0.0015668661799281836,0.0016664916183799505,0.0009539200691506267,0.0004708734049927443,0.003176179714500904,20.044408559799194,0.0400792727470398,0.005533931046305224,0.0009910317603498697,0.0009588094033417292,0.0002731665736064315,0.015505369752645493,0.6567305632401258,1.5681103856649656,1.413351638249391,0.08637988259880072
PSO_final,aggressive_sine,2,2.5691003799438477,0.013654648326337337,0.0051382011733949184,2.6574763940812036,0.0026525200810283422,0.0017135762609541416,0.0029149323236197233,0.0021701394580304623,0.003811432048678398,20.069974184036255,0.04013039827346802,0.004238707319227979,0.0007676266832277179,0.000870068056602031,0.00024244081578217447,0.014061463996767998,0.7127196982386522,1.6585299829053444,1.2979711323093233,0.09825329324600136
PSO_final,aggressive_sine,3,2.5595223903656006,0.016014711931347847,0.005119044799357653,3.1284570772573437,0.003798229154199362,0.0038977228105068207,0.0030117060523480177,0.0018087037606164813,0.006474784575402737,20.012094736099243,0.04001434135437012,0.006303432883741334,0.0007828604429960251,0.0009296369712799787,0.000228754710406065,0.015018907375633717,0.7629799531772732,1.7424747572781742,1.212310850671453,0.1105681676082392
PSO_final,aggressive_sine,4,2.6127829551696777,0.022721795365214348,0.00522556621581316,4.348197769737488,0.0038266549818217754,0.00424062879756093,0.0031114898156374693,0.0023591401986777782,0.005595361348241568,19.905336618423462,0.03980147695541382,0.00407652521415148,0.0006443074671551585,0.0008836193613766227,0.0002181985037168488,0.01598690077662468,0.7545676007051954,1.7245932118384961,1.2330067992609606,0.10835536846092611
PSO_final,aggressive_sine,5,2.579958200454712,0.02273814007639885,0.005159917287528515,4.406686931078679,0.0036214895080775023,0.0036210590042173862,0.0046911886893212795,0.0027237366884946823,0.003449973650276661,19.91257905960083,0.039815273284912106,0.003785871665517334,0.0004461081116460264,0.0007812334991700482,0.0001721679582260549,0.01482614316046238,0.7585051283589564,1.7518464289089186,1.1849156020703864,0.10965321264637354
PSO_final,aggressive_sine,6,2.5662355422973633,0.010748608037829399,0.005132471211254597,2.094236401026393,0.0025443709455430508,0.0010493870358914137,0.0025242127012461424,0.0027454248629510403,0.003858458949252963,19.950618982315063,0.03989166164398193,0.005182411763165146,0.0008158399723470211,0.0008794903546164278,0.0002104825689457357,0.013766715303063393,0.7373111354885623,1.6883158069013184,1.2766631907569226,0.10396068825814911
PSO_final,aggressive_sine,7,2.6457152366638184,0.013134665787220001,0.005291431210935116,2.4822520153103924,0.002730557695031166,0.00423332629725337,0.002868023468181491,0.0012144889915362,0.002606393303722143,20.092159748077393,0.040174483299255374,0.003883808015449904,0.000745690893381834,0.0008733983863727189,0.00022650155005976558,0.015301665291190147,0.7758178061689249,1.7593863088919264,1.2018903206540303,0.11380506516024408
PSO_final,aggressive_sine,8,2.526038885116577,0.01475795079022646,0.005052078049629927,2.921164448618822,0.0038063561078161,0.002585554262623191,0.0004870941338595003,0.005233097821474075,0.006919678300619125,20.1884925365448,0.04036744260787964,0.004949903284106404,0.0006982429185882211,0.0009147658444417175,0.00014663998445030302,0.014701774343848228,0.7422862723236903,1.7239548696961275,1.2115564207114264,0.10548722074765739
PSO_final,aggressive_sine,9,2.504648447036743,0.008800804615020752,0.005009297281503677,1.7568940552833292,0.0031129452399909496,0.004593541845679283,0.0013673799112439156,0.00024878146359696984,0.006242077797651291,19.876376390457153,0.03974309206008911,0.004823093573795631,0.0005405745469033718,0.0007942364330461714,0.00020275646238587797,0.015798872336745262,0.7435742437141016,1.7366214668697084,1.186499974392761,0.10584743932253934
PSO_final,aggressive_sine,10,2.5627598762512207,0.01650572381913662,0.005125519819557667,3.220302408383052,0.0033940384164452553,0.0020586212631314993,0.005433531478047371,0.001072842045687139,0.005011159460991621,19.88016366958618,0.03975057315826416,0.005622056453675032,0.0007262353901751339,0.0009480973443773109,0.00016548736311960965,0.014716065488755703,0.7604490404250102,1.647589017072521,1.3800431025513498,0.10725067907346313
PSO_final,aggressive_sine,11,2.5153398513793945,0.01224487368017435,0.0050306799821555614,2.43403947848172,0.0017180502181872725,0.001986162504181266,0.0013996583875268698,0.0009209284326061606,0.002565451432019472,19.906023502349854,0.03980203533172608,0.00431471399879083,0.0009466286865063012,0.0008174111506901681,0.00020268501248210669,0.015370159409940243,0.7040605394635351,1.6595055480272596,1.2801140984111017,0.09626226407363046
PSO_final,aggressive_sine,12,2.590561866760254,0.01994498446583748,0.005181123968213797,3.8495478178480167,0.0030825305730104446,0.003769910428673029,0.002535289153456688,0.0016109086573123932,0.004414013586938381,19.836759090423584,0.03966430568695068,0.0049782978235045445,0.0005781183717772365,0.000937688741274178,0.000233654078328982,0.015003180131316185,0.7417440557386725,1.677764801669742,1.3040135643110389,0.10468708284868374
PSO_final,aggressive_sine,13,2.4982075691223145,0.01176640298217535,0.004996415227651596,2.3549690019870044,0.0030776828061789274,0.004342847038060427,0.002935028402134776,0.002685213228687644,0.0023476434871554375,19.834887504577637,0.03966019582748413,0.003316602437593974,0.0006180210039019585,0.0007832108521834015,0.00019240615074522793,0.01502307690680027,0.7268760307109915,1.684362739023908,1.267211709975309,0.1016025517158122
PSO_final,aggressive_sine,14,2.639503002166748,0.014098839834332466,0.005279006436467171,2.67073738287914,0.0044601429253816605,0.0019743782468140125,0.0013406849466264248,0.0013254573568701744,0.013200052082538605,19.80115580558777,0.03959302759170532,0.006791795341623947,0.001818924443796277,0.0010456965878722258,0.0003059676382690668,0.014037271030247211,0.513737086765468,1.4308673072916567,1.639047306332571,0.06570193547311765
PSO_final,aggressive_sine,15,2.601733684539795,0.011016798205673695,0.0052034687250852585,2.1172027329698584,0.0020836135372519493,0.0023543110582977533,0.004030193667858839,0.0005677317967638373,0.0013822171604260802,20.127453804016113,0.04024509429931641,0.006094853467447683,0.0009827273897826672,0.0009105878224829212,0.00021115299023222178,0.014803862199187279,0.7291274049552157,1.6792235247598781,1.2818096020634788,0.10205371502966548
PSO_final,aggressive_sine,16,2.4871628284454346,0.0161407683044672,0.004974326118826866,3.244815060150058,0.004077074117958546,0.008802859112620354,0.0033654174767434597,0.002599657978862524,0.0015403622528538108,20.39014196395874,0.04077032375335694,0.005975374567788095,0.0009181291679851711,0.0009000731209060178,0.00017230791854672134,0.013794666156172752,0.7769077711040153,1.7433653296597686,1.2335336004292106,0.11363333350230981
PSO_final,aggressive_sine,17,2.495025634765625,0.022993169724941254,0.0049900515004992485,4.60780208834334,0.002905977424234152,0.002017853781580925,0.0019260605331510305,0.0004099460202269256,0.007270048372447491,20.348050594329834,0.04068662643432617,0.004381883966107853,0.0008350568823516369,0.0008831717573513743,0.00020096192019991577,0.0143820745870471,0.7211868261569181,1.6821326317256986,1.2616693269000672,0.1002786598679553
PSO_final,aggressive_sine,18,2.7848668098449707,0.011726200580596924,0.005569733679294586,2.1053431377139136,0.006531700491905212,0.004559510387480259,0.007053387816995382,0.0015315714990720153,0.012982331216335297,20.192298650741577,0.040375086784362794,0.006309328998439014,0.0007179304375313222,0.000968178377696313,0.0002207369834650308,0.015374494716525078,0.7396637919358909,1.722501660082756,1.2093962699226575,0.10483877958160814
PSO_final,aggressive_sine,19,2.583073616027832,0.014580590650439262,0.005166147369891405,2.8223334733762644,0.0026306016370654106,0.001668476965278387,0.002038913778960705,0.00036997831193730235,0.006445037201046944,20.271570205688477,0.040533458709716794,0.0047414572104811665,0.0007387474179267883,0.0008436549274832942,0.0002006865106523037,0.015123214572668076,0.7649251909228043,1.7510867752670292,1.1987509292776575,0.11116472623324267
PSO_final,random_smooth,0,2.5652034282684326,0.009040974080562592,0.0051304069347679615,1.7622333268133823,0.003423995105549693,0.007618671283125877,0.00302680185995996,0.0010223542340099812,0.002028153045102954,21.145891904830933,0.042284059524536136,0.004915318310004659,0.0008535780943930149,0.0008708610352943651,0.0001561793906148523,0.014624489471316338,0.7658679006621242,1.7357205181582807,1.230323107050201,0.11107307112339324
PSO_final,random_smooth,1,2.6742146015167236,0.015223011374473572,0.005348429083824158,2.846258431380197,0.002959576202556491,0.0046608103439211845,0.0017362786456942558,0.0016550514847040176,0.003786164801567793,21.90498924255371,0.043801289081573484,0.00876702330103144,0.001306588645093143,0.0011916972298175097,0.00026928697479888797,0.01593291014432907,0.7313927557319402,1.6653619264158426,1.3131480664068564,0.10231672520641777
PSO_final,random_smooth,2,2.6071059703826904,0.018666371703147888,0.005214211996644735,3.5799027187922947,0.004728550091385841,0.007835843600332737,0.003876855131238699,0.001990298507735133,0.00521120335906744,20.384910821914673,0.04076177406311035,0.004965028678206727,0.0008321920759044588,0.000835322681395337,0.0002049724425887689,0.014524228870868683,0.7193026485387237,1.6039670358125604,1.4140961082815848,0.09854548003197268
PSO_final,random_smooth,3,2.5437307357788086,0.007197811268270016,0.005087461322546005,1.4148139537438078,0.00331069715321064,0.0031984299421310425,0.003329286351799965,0.0014847213169559836,0.005230351351201534,20.49655270576477,0.040985047817230225,0.0038716122556943446,0.0005501116393133998,0.0008369261177198496,0.00022237058146856725,0.01554859522730112,0.7595918255159632,1.7226192763246833,1.2452114050444614,0.10942104792817632
PSO_final,random_smooth,4,2.6165149211883545,0.008941370993852615,0.005233030300587416,1.7086411658745666,0.0039420360699296,0.0059731705114245415,0.0020527327433228493,0.0011181824374943972,0.006624057423323393,20.13542127609253,0.04026292657852173,0.0072199151231907305,0.001303199678659439,0.0011371712536783888,0.00044699988211505115,0.014160707592964172,0.5742510941112413,1.504376750905959,1.461741541977462,0.07120534940632944
PSO_final,random_smooth,5,2.577460289001465,0.010938677005469799,0.0051549202762544155,2.121987619451194,0.0020241050515323877,0.0030721768271178007,0.0016156182391569018,0.0006395845557563007,0.0027690406423062086,23.70960259437561,0.047409852027893065,0.003946791988494806,0.0009624994127079844,0.0008402354516787455,0.0002583219320513308,0.014737900346517563,0.7282553482567891,1.6731496795587284,1.2928388204535177,0.10178642068770363
PSO_final,random_smooth,6,2.603997230529785,0.019628193229436874,0.005207994487136602,3.76885829620542,0.004450094886124134,0.009773422963917255,0.005843750201165676,0.0012169238179922104,0.0009662827360443771,20.366936206817627,0.04072543573379517,0.003979690419463441,0.000984299462288618,0.0008302673388971016,0.0002116553660016507,0.014376820996403694,0.710177889885381,1.542165645476215,1.514708571756648,0.09500202812879943
PSO_final,random_smooth,7,2.6251373291015625,0.008221260271966457,0.005250275135040283,1.5658722753590282,0.003012966364622116,0.00618206849321723,0.0025652763433754444,0.0016613531624898314,0.0016431675758212805,20.208014249801636,0.04040779733657837,0.004456600722810253,0.001345998840406537,0.000779961101943627,0.0002469188184477389,0.015379313379526138,0.6619956161361188,1.5035312809977674,1.5512112414466488,0.08648750543590095
PSO_final,random_smooth,8,2.5595579147338867,0.012847407720983028,0.005119116045534611,2.5096926122996925,0.0015360477846115828,0.001867519924417138,0.0013196850195527077,0.0014292788691818714,0.0015277074417099357,20.31943917274475,0.04063083362579346,0.007089423703402281,0.0012591044651344419,0.0009431194855133072,0.00024662254145368934,0.015444150194525719,0.6504303499590606,1.5846983574914508,1.3623918467266887,0.08476197146679401
PSO_final,random_smooth,9,2.631913661956787,0.011095722205936909,0.005263828206807375,2.1079187560846906,0.003667904529720545,0.004401690326631069,0.0025267833843827248,0.001606540521606803,0.006136603653430939,20.1074857711792,0.04020739650726318,0.005285461518215015,0.001646492164582014,0.000935836174513679,0.000270829041255638,0.015263982117176056,0.594240908138454,1.3603170547668937,1.7928657251789568,0.07393638194711215
PSO_final,random_smooth,10,2.620967149734497,0.007735643535852432,0.005241934675723314,1.4757229943513215,0.002425065264105797,0.003952468745410442,0.002186340047046542,0.001113650156185031,0.002447802573442459,20.012231588363647,0.040016477584838867,0.0036407890708651395,0.001028396305628121,0.0008102653680543881,0.00021234853193163872,0.01480436697602272,0.6795895987655968,1.6107175053946872,1.3493026535206494,0.09093793289376383
PSO_final,random_smooth,11,2.6081974506378174,0.00952437985688448,0.005216395482420921,1.8258546325678953,0.0033687956165522337,0.004961037077009678,0.002015633275732398,0.0025434207636862993,0.003955090418457985,19.958078384399414,0.03990777015686035,0.011011963444389403,0.004035902209579945,0.001237636406859383,0.0004793669213540852,0.013977652415633202,0.5382742444984615,1.388753436603865,1.7451968094039696,0.06911695406429494
PSO_final,random_smooth,12,2.5667366981506348,0.014134278520941734,0.00513347378000617,2.7533555496069457,0.0038344506174325943,0.0022391113452613354,0.0047181094996631145,0.0016757939010858536,0.006704787723720074,20.20783495903015,0.040407409191131595,0.00524429987706244,0.0010224835714325309,0.0009876522419333923,0.0002411517343716696,0.014587867073714733,0.626544494042173,1.5329642804268118,1.4572771498442056,0.08081155587970491
PSO_final,random_smooth,13,2.5388429164886475,0.01487443782389164,0.005077685695141554,2.9293734817268904,0.001993693644180894,0.0022458680905401707,0.00270666042342782,0.0010196240618824959,0.002002622000873089,20.061036825180054,0.040113757133483884,0.004574948541889898,0.0008149680797941983,0.0008659400440228637,0.0002337978658033535,0.013931456953287125,0.6769254760351032,1.6108687362002536,1.3444670575632394,0.09034770704882861
PSO_final,random_smooth,14,2.709096670150757,0.022129042074084282,0.005418193526566029,4.084210348999723,0.004853788763284683,0.008537158370018005,0.004522549454122782,0.002764973556622863,0.0035904748365283012,19.83432626724243,0.03966075038909912,0.009290126629127189,0.0013633787166327238,0.001156901901261881,0.0004486876423470676,0.014643730595707893,0.5907567337621005,1.5447191201585353,1.3430663387707829,0.0709938354148078
PSO_final,random_smooth,15,2.565279006958008,0.020930428057909012,0.0051305582746863365,4.079561509159278,0.003284342586994171,0.005647415295243263,0.0028822016902267933,0.0016710516065359116,0.0029367017559707165,19.83038568496704,0.039652613639831545,0.004854524614568799,0.002250575926154852,0.0008891992276359815,0.0001322223397437483,0.014155424199998379,0.7020095069659874,1.564556305834032,1.4692372604129913,0.09445446028660828
PSO_final,random_smooth,16,2.630805015563965,0.010898185893893242,0.005261610262095928,2.071264375547272,0.0024580201134085655,0.0034976720344275236,0.0013671641936525702,0.0010432517156004906,0.0039239926263689995,19.874313831329346,0.03974065637588501,0.008424852644279598,0.005873949266970158,0.0010730935557861812,0.00034234646591357887,0.015914522111415863,0.4496506932191551,1.37162817530334,1.82837182469666,0.062837182469666
PSO_final,random_smooth,17,2.5762948989868164,0.014411384239792824,0.005152590107172728,2.796920372092334,0.004769544117152691,0.008198397234082222,0.004538843873888254,0.0016921721398830414,0.004648762755095959,19.865882396697998,0.039723472118377685,0.007293426559353247,0.0012719761580228806,0.001029066592163872,0.00028940592892467976,0.0156547948718071,0.689409205550328,1.5778140516076122,1.4321546381839751,0.09261262063799028
PSO_final,random_smooth,18,2.6312222480773926,0.00832311250269413,0.005262444727122784,1.5816056860030436,0.002115938812494278,0.0036891689524054527,0.0016214819625020027,0.0006711903843097389,0.002481914358213544,19.9239559173584,0.0398394832611084,0.005587862908351235,0.0009701134986244142,0.0009953930246119852,0.00019217237422708422,0.015887822955846786,0.7432151353335938,1.707998564167102,1.2467289122669478,0.10555072270034842
PSO_final,random_smooth,19,2.5961623191833496,0.024314062669873238,0.005192324984818697,4.682692770765046,0.0021962327882647514,0.0029202401638031006,0.0018072323873639107,0.0010380411986261606,0.003019417403265834,19.825417280197144,0.039642409801483154,0.004589749448769726,0.0004252349608577788,0.0008634461457317229,0.00020559127733577043,0.016355246305465698,0.7405956101487391,1.6952010004115228,1.2681816806798571,0.10478230526641472
