method,trajectory_id,seed,final_best_fitness,nominal_fitness,optimized_fitness,improvement_ratio,absolute_DH_error_mean,theta_error,d_error,a_error,alpha_error,runtime_total,runtime_per_measurement,mean_Dx,min_Dx,mean_Dv,min_Dv,max_Dv,final_w,final_c1,final_c2,final_vmax_scale
PSO,smooth_sine,0,10.79342269897461,0.05118713900446892,0.021586846560239792,2.3712189208195453,0.007025624625384808,0.007381528150290251,0.0033190245740115643,0.00907917506992817,0.008322769775986671,26.423176527023315,0.05283739328384399,0.00032753286939398547,3.62020227839821e-06,0.00033448456521227853,3.7391080240922747e-06,0.01877131313085556,nan,nan,nan,nan
PSO,smooth_sine,1,11.647598266601562,0.03732819855213165,0.023295197635889053,1.6023988778967504,0.007161405868828297,0.009109577164053917,0.004104112274944782,0.006730492226779461,0.008701442740857601,26.286001443862915,0.05256375026702881,0.0002560797990646279,4.163908670307137e-06,0.00026265751850742164,4.779631126439199e-06,0.01922472193837166,nan,nan,nan,nan
PSO,smooth_sine,2,11.019516944885254,0.03356630727648735,0.022039035335183144,1.523038861093074,0.016011010855436325,0.00672737043350935,0.009901932440698147,0.029658569023013115,0.01775616779923439,26.369810104370117,0.052731498718261716,0.00047438057319186555,8.91558920557145e-06,0.0004670782068247718,9.520379535388201e-06,0.018063854426145554,nan,nan,nan,nan
PSO,smooth_sine,3,15.155827522277832,0.029694439843297005,0.03031165525317192,0.9796376870639445,0.00923836138099432,0.012922159396111965,0.007306552492082119,0.0039776405319571495,0.012747093103826046,26.228704690933228,0.05244886970520019,0.0005101246686292143,7.86933014751412e-06,0.0004714187079343901,8.381121006095782e-06,0.017430415377020836,nan,nan,nan,nan
PSO,smooth_sine,4,11.007548332214355,0.054882243275642395,0.022015098482370377,2.4929365326070165,0.007962683215737343,0.007827293127775192,0.005615474656224251,0.006209125742316246,0.012198839336633682,25.984482049942017,0.051960290908813475,0.0002885132613954738,6.452876732510049e-06,0.000293418722262777,7.178109626693185e-06,0.017634030431509018,nan,nan,nan,nan
PSO,smooth_sine,5,6.958337306976318,0.057910218834877014,0.013916675001382828,4.161210837295746,0.006048087030649185,0.006472091190516949,0.0047407131642103195,0.00501286843791604,0.00796667393296957,24.9815833568573,0.04995466756820679,0.000313281968956062,5.760882231697906e-06,0.00031175680980195466,6.2349649851967115e-06,0.01935097761452198,nan,nan,nan,nan
PSO,smooth_sine,6,11.889028549194336,0.033740997314453125,0.02377806045114994,1.418997036523278,0.00920736975967884,0.011158188804984093,0.006069844122976065,0.0020518386736512184,0.017549604177474976,24.24087929725647,0.048473883152008054,0.0001466650994579595,3.0767387215746567e-06,0.00014847111320998466,3.090405471084523e-06,0.01776047982275486,nan,nan,nan,nan
PSO,smooth_sine,7,14.120378494262695,0.0335254929959774,0.028240758925676346,1.1871314465807858,0.01183231920003891,0.006232227198779583,0.010786938481032848,0.013955540955066681,0.016354568302631378,24.786221265792847,0.0495640869140625,0.00047222846939048394,9.58095279202098e-06,0.0004521664725071787,1.0927435141638853e-05,0.016981754451990128,nan,nan,nan,nan
PSO,smooth_sine,8,13.425622940063477,0.04183711111545563,0.026851247996091843,1.5581067636612256,0.008661325089633465,0.006241512950509787,0.0036394072230905294,0.006849655415862799,0.017914723604917526,24.78434419631958,0.04956056308746338,0.00031271698765908694,3.8447951737907715e-06,0.0003198689522640052,4.1394787331228144e-06,0.018622983247041702,nan,nan,nan,nan
PSO,smooth_sine,9,17.8155517578125,0.023728376254439354,0.03563110530376434,0.6659455566182648,0.010042812675237656,0.012225629761815071,0.004899106919765472,0.012179109267890453,0.010867401957511902,24.871756553649902,0.0497353048324585,0.00038691551914316736,4.823969902645331e-06,0.0003839889325507556,5.369656719267368e-06,0.01886199414730072,nan,nan,nan,nan
PSO,smooth_sine,10,8.065125465393066,0.03513853996992111,0.016130251809954643,2.178424762608831,0.03418517857789993,0.02038181759417057,0.05020527169108391,0.05989260599017143,0.006261005997657776,25.85005211830139,0.051691083431243894,0.0014120869338850753,2.2075182641856372e-05,0.0013127254712851936,2.3852946469560266e-05,0.01773168332874775,nan,nan,nan,nan
PSO,smooth_sine,11,14.473758697509766,0.026501771062612534,0.02894752100110054,0.9155109020079811,0.010387154296040535,0.017958465963602066,0.0035897705238312483,0.007979321293532848,0.012021060101687908,25.758684873580933,0.051508301258087155,0.00039878959977822885,1.3761403351963963e-05,0.0004029465665996213,1.3934596609033179e-05,0.017091989517211914,nan,nan,nan,nan
PSO,smooth_sine,12,15.401360511779785,0.04366666451096535,0.03080272302031517,1.4176235160172717,0.014548802748322487,0.01715116575360298,0.008576089516282082,0.015563374385237694,0.01690458133816719,26.24186897277832,0.05247455739974976,0.000465650918008032,9.548687557980884e-06,0.0004266520925751138,1.0679123079171404e-05,0.01924584060907364,nan,nan,nan,nan
PSO,smooth_sine,13,12.293907165527344,0.0277560967952013,0.02458781749010086,1.1288556540805625,0.007594260387122631,0.00830308347940445,0.005615045316517353,0.0068647535517811775,0.009594161063432693,26.309784412384033,0.052610723495483395,0.00041581337227912627,4.120153334952192e-06,0.0004204212451786134,4.917269507132005e-06,0.01790069229900837,nan,nan,nan,nan
PSO,smooth_sine,14,17.700733184814453,0.04162133112549782,0.035401467233896255,1.1756950877348427,0.011488351039588451,0.016033679246902466,0.0051224250346422195,0.006119962781667709,0.01867733523249626,26.663269758224487,0.05331745195388794,0.0005541914970640847,7.1465592554886825e-06,0.0005364197689804314,7.898724106780719e-06,0.017593398690223694,nan,nan,nan,nan
PSO,smooth_sine,15,6.823155403137207,0.04376599192619324,0.013646312057971954,3.2071662834813934,0.023917142301797867,0.008011148311197758,0.0763469785451889,0.0031749880872666836,0.00813545286655426,26.71074104309082,0.05341205453872681,0.0012683053903157998,1.4632627426180989e-05,0.0009793104818099892,1.3822109394823201e-05,0.018277820199728012,nan,nan,nan,nan
PSO,smooth_sine,16,4.8222150802612305,0.04638778418302536,0.009644431062042713,4.809799964830722,0.004616903606802225,0.0075290268287062645,0.0035955195780843496,0.0012692806776612997,0.006073786877095699,27.327476024627686,0.054645132541656496,0.0007468596191865799,3.227474371669814e-05,0.0006736789408350887,3.3875250665005296e-05,0.01797141507267952,nan,nan,nan,nan
PSO,smooth_sine,17,11.808557510375977,0.03555324673652649,0.02361711673438549,1.5054016600071471,0.011330390349030495,0.01280077826231718,0.007232073228806257,0.014290518127381802,0.010998192243278027,26.402011394500732,0.05279511785507202,0.0003500212834809645,7.969936632434838e-06,0.0003540125490171249,7.085096058290219e-06,0.01869967393577099,nan,nan,nan,nan
PSO,smooth_sine,18,15.932392120361328,0.03598078340291977,0.03186478465795517,1.1291707692095456,0.02511465549468994,0.011899067088961601,0.07310254126787186,0.00288441963493824,0.012572599574923515,26.490158319473267,0.05297117567062378,0.001087362036529612,7.873635695432313e-06,0.0008990130151539233,8.34072216093773e-06,0.01633123867213726,nan,nan,nan,nan
PSO,smooth_sine,19,15.379521369934082,0.033149391412734985,0.030759043991565704,1.0777120193275425,0.01189863495528698,0.013245257548987865,0.005931301042437553,0.014584844931960106,0.013833134435117245,26.427660942077637,0.05284558534622193,0.000501828037257792,5.20224830324878e-06,0.00048821604433310314,6.067881258786656e-06,0.018963001668453217,nan,nan,nan,nan
PSO,multi_frequency,0,15.755985260009766,0.05109918490052223,0.03151197358965874,1.6215799608721244,0.010164513252675533,0.017124373465776443,0.003948352765291929,0.009701089933514595,0.009884236380457878,26.54305934906006,0.05307661533355713,0.00046143940393244523,3.82846610591514e-06,0.0004539211446356603,4.176525180810131e-06,0.01922282576560974,nan,nan,nan,nan
PSO,multi_frequency,1,5.528079032897949,0.03797793760895729,0.011056158691644669,3.4350029398237454,0.009226800873875618,0.011923151090741158,0.00958400871604681,0.004331083968281746,0.011068960651755333,26.48675227165222,0.052964396476745605,0.00034803106404315257,1.9585966128943255e-06,0.00035339220250500604,2.4077337457129033e-06,0.018957380205392838,nan,nan,nan,nan
PSO,multi_frequency,2,11.627656936645508,0.03333106264472008,0.02325531467795372,1.4332664643028146,0.011526971124112606,0.01153639703989029,0.008593681268393993,0.011404631659388542,0.0145731745287776,26.516865491867065,0.053024538516998294,0.00031910187874791517,4.269884357199771e-06,0.00032843689027945404,4.587972853187239e-06,0.01786828599870205,nan,nan,nan,nan
PSO,multi_frequency,3,17.60514259338379,0.02830386720597744,0.03521028533577919,0.8038522532851007,0.013106061145663261,0.016320940107107162,0.017246395349502563,0.003138432977721095,0.015718474984169006,26.663052797317505,0.05331693601608276,0.0004338619863777694,6.566866431967355e-06,0.00043681526713166934,6.758345080015715e-06,0.01852472312748432,nan,nan,nan,nan
PSO,multi_frequency,4,9.13776969909668,0.055171385407447815,0.018275540322065353,3.0188648015421737,0.018077228218317032,0.014875966124236584,0.0035111967008560896,0.037433721125125885,0.016488030552864075,26.95004391670227,0.05389004516601562,0.0008958570887391261,2.3882817004050594e-06,0.0007949227145282293,2.1729294985561864e-06,0.018352240324020386,nan,nan,nan,nan
PSO,multi_frequency,5,7.8677778244018555,0.05829494446516037,0.015735557302832603,3.7046634792316206,0.005662073846906424,0.007457243278622627,0.002114471746608615,0.0052614412270486355,0.00781513936817646,26.523194074630737,0.053036962509155273,0.00043502694171870647,3.149782969558146e-06,0.00042579944449778394,3.755196530619287e-06,0.01935097761452198,nan,nan,nan,nan
PSO,multi_frequency,6,8.835144996643066,0.03410196676850319,0.017670290544629097,1.929904133855259,0.05962161347270012,0.006840341724455357,0.20778903365135193,0.013597453013062477,0.010259626433253288,26.19710874557495,0.052384618759155274,0.0015967969623407042,1.2656115359277464e-05,0.0013098442806498496,1.1771895515266806e-05,0.018932290375232697,nan,nan,nan,nan
PSO,multi_frequency,7,9.386984825134277,0.03207334876060486,0.018773971125483513,1.7083944865063185,0.03314236178994179,0.008682601153850555,0.0993090271949768,0.00766720250248909,0.016910608857870102,26.341173887252808,0.05267341423034668,0.0013223682808345075,8.319103471876588e-06,0.0012069641607261473,9.379922630614601e-06,0.016981754451990128,nan,nan,nan,nan
PSO,multi_frequency,8,13.175960540771484,0.041280340403318405,0.026351923123002052,1.5665020048303664,0.024272454902529716,0.009111050516366959,0.052313633263111115,0.0056315092369914055,0.03003362938761711,26.6585431098938,0.05330792236328125,0.0012070471852695846,1.1705490578606259e-05,0.0008177245301792936,1.1354663001839072e-05,0.018285682424902916,nan,nan,nan,nan
PSO,multi_frequency,9,9.939453125,0.02429182641208172,0.01987890712916851,1.2219900346754018,0.006751984357833862,0.011104924604296684,0.005707645323127508,0.0027865830343216658,0.007408785633742809,26.521238803863525,0.05303317785263061,0.0002768786450428706,4.835025720240083e-06,0.0002862576345389698,5.047770173405297e-06,0.0188714899122715,nan,nan,nan,nan
PSO,multi_frequency,10,4.707674026489258,0.03276646509766579,0.009415347129106522,3.4801122729051404,0.008436789736151695,0.0038395884912461042,0.006992829963564873,0.01550709456205368,0.007407646160572767,26.477994918823242,0.05294627141952515,0.0006932123111420878,1.5128791346796788e-05,0.0006860085260781488,1.792921648302581e-05,0.018841519951820374,nan,nan,nan,nan
PSO,multi_frequency,11,6.819707870483398,0.026601407676935196,0.013639416545629501,1.9503332556742776,0.0063247643411159515,0.012676737271249294,0.0023435628972947598,0.0011599831050261855,0.00911877490580082,26.32093596458435,0.05263172197341919,0.0003723956335287312,5.526811037270818e-06,0.00036762961080048627,5.764823072240688e-06,0.017126981168985367,nan,nan,nan,nan
PSO,multi_frequency,12,7.686587810516357,0.04295014590024948,0.015373175032436848,2.7938370446980674,0.016818705946207047,0.015951763838529587,0.02570781111717224,0.01598375476896763,0.009631491266191006,26.79352641105652,0.053577518939971924,0.0009369076678385681,2.236471846117638e-05,0.0008466858540541579,2.1575120626948774e-05,0.01776314713060856,nan,nan,nan,nan
PSO,multi_frequency,13,8.60810661315918,0.02698768489062786,0.017216214910149574,1.5675736525987287,0.011335521936416626,0.009133483283221722,0.007676695939153433,0.014461880549788475,0.014070029370486736,26.679830312728882,0.053350102424621584,0.0004577719243319734,2.3576834792038426e-05,0.0004638721000026635,2.423033947707154e-05,0.0187876857817173,nan,nan,nan,nan
PSO,multi_frequency,14,7.268465995788574,0.04093090817332268,0.014536933042109013,2.8156494946188757,0.011548876762390137,0.012766158208251,0.00571083091199398,0.0060054464265704155,0.021713074296712875,26.33241868019104,0.05265489721298218,0.00031218736350665496,2.933928044512868e-06,0.00032237245010305744,2.9537604859797284e-06,0.017593398690223694,nan,nan,nan,nan
PSO,multi_frequency,15,6.356232166290283,0.04511197656393051,0.012712464667856693,3.548641254279792,0.007222026586532593,0.007460514083504677,0.003992803860455751,0.0012587736127898097,0.0161760151386261,26.221702575683594,0.05243413496017456,0.0003190916504161805,1.5021017816252424e-06,0.00032821056139715663,1.487847839598544e-06,0.01803000457584858,nan,nan,nan,nan
PSO,multi_frequency,16,7.546549320220947,0.047051865607500076,0.01509309932589531,3.1174422556653387,0.007668998092412949,0.010096188634634018,0.003595855552703142,0.006764012388885021,0.010219939053058624,25.21749782562256,0.05042666673660278,0.0005190608167688197,2.3177326511358842e-06,0.0004966394532578079,2.639518925207085e-06,0.018129533156752586,nan,nan,nan,nan
PSO,multi_frequency,17,10.666074752807617,0.0368848480284214,0.0213321503251791,1.729073134501818,0.015250134281814098,0.010288194753229618,0.004819667898118496,0.02556838095188141,0.02032429538667202,25.61998677253723,0.05123131036758423,0.0005565254106896873,2.79970527117257e-06,0.0005248904386379081,3.0412238629651256e-06,0.016696518287062645,nan,nan,nan,nan
PSO,multi_frequency,18,5.795037269592285,0.03715959191322327,0.011590075679123402,3.206156106483144,0.0059555149637162685,0.00683596869930625,0.004201041534543037,0.0015979245072230697,0.011187124066054821,25.4776508808136,0.05094672775268555,0.0004505558487757298,4.29435340265627e-06,0.0004497219146595853,4.681827704189345e-06,0.017078157514333725,nan,nan,nan,nan
PSO,multi_frequency,19,7.446259021759033,0.03247109800577164,0.014892518520355225,2.1803631106041506,0.09295368194580078,0.023684758692979813,0.33382493257522583,0.0037552013527601957,0.010549879632890224,24.915411472320557,0.04982263278961182,0.0027430390837412232,4.9173031584359705e-06,0.0013289731071691676,5.484534995048307e-06,0.019041605293750763,nan,nan,nan,nan
PSO,slow_sine,0,5.303109169006348,0.052525844424963,0.010606219060719013,4.952362771715388,0.011448401026427746,0.013094606809318066,0.006265935953706503,0.010657786391675472,0.015775274485349655,24.88054633140564,0.049753100395202636,0.0005897762144941453,2.7710652830137406e-06,0.000559697367650233,2.607350324979052e-06,0.017002716660499573,nan,nan,nan,nan
PSO,slow_sine,1,5.386073112487793,0.03781970217823982,0.01077214814722538,3.5108783931811387,0.011323265731334686,0.016120227053761482,0.008441547863185406,0.013814575970172882,0.00691671296954155,24.75668501853943,0.04950545120239258,0.0010747604743746705,1.6377229258068837e-05,0.00102126670343323,1.4755373740626965e-05,0.017632892355322838,nan,nan,nan,nan
PSO,slow_sine,2,6.146541595458984,0.03470998629927635,0.012293083593249321,2.8235378077423268,0.010371875017881393,0.009743472561240196,0.0058606406673789024,0.005187512841075659,0.020695872604846954,24.787575006484985,0.04956709623336792,0.0011480927270302345,1.9409573724260554e-05,0.0010553953739450663,2.0833060261793435e-05,0.01659313589334488,nan,nan,nan,nan
PSO,slow_sine,3,5.77695369720459,0.023702356964349747,0.01155390776693821,2.0514580384806793,0.008155329152941704,0.013127799145877361,0.007854066789150238,0.0015165548538789153,0.010122894309461117,24.825955867767334,0.049643709659576415,0.0007974395848423228,1.9069178961217403e-05,0.0007841987885500203,1.5166357115958817e-05,0.019126471132040024,nan,nan,nan,nan
PSO,slow_sine,4,6.029136657714844,0.06591521948575974,0.012058273889124393,5.466389310099353,0.012474045157432556,0.013056967407464981,0.018628336489200592,0.006402328610420227,0.011808548122644424,24.802435398101807,0.04959692335128784,0.0014019233329090638,1.5362404155894183e-05,0.0012496182442439932,1.0904653208854143e-05,0.01722230762243271,nan,nan,nan,nan
PSO,slow_sine,5,5.5950212478637695,0.05345597118139267,0.011190042831003666,4.777101570450205,0.00984235666692257,0.008737320080399513,0.00940375030040741,0.011175548657774925,0.01005280576646328,24.834841012954712,0.049661695003509525,0.0006530507075784044,2.8920816475874744e-05,0.0006401438258353665,2.8650736567215063e-05,0.02036946266889572,nan,nan,nan,nan
PSO,slow_sine,6,5.446608543395996,0.03374284505844116,0.010893217287957668,3.097601394194487,0.007623691111803055,0.007290234323590994,0.006511105224490166,0.004042226821184158,0.012651197612285614,24.83238124847412,0.049656834602355954,0.0008818745186888918,2.6748692107503302e-05,0.0008466786733913978,2.6171808713115752e-05,0.01837177574634552,nan,nan,nan,nan
PSO,slow_sine,7,7.133415222167969,0.030583644285798073,0.014266830869019032,2.143688711710435,0.009724888019263744,0.00853864848613739,0.004559563472867012,0.010352946817874908,0.015448393300175667,24.796347618103027,0.04958480358123779,0.0013145187654728943,8.998670637083706e-06,0.0011689818575859135,8.308178621518891e-06,0.01927366852760315,nan,nan,nan,nan
PSO,slow_sine,8,4.7518310546875,0.028425389900803566,0.009503662586212158,2.9909931716265796,0.007878786884248257,0.005279737524688244,0.0031789932399988174,0.011988712474703789,0.011067703366279602,24.818970441818237,0.04962966966629028,0.0007266288364997308,1.5865916793700308e-05,0.0006838787084096111,1.542981044622138e-05,0.01753385365009308,nan,nan,nan,nan
PSO,slow_sine,9,5.851019382476807,0.025104306638240814,0.011702039279043674,2.145293315088959,0.00925849936902523,0.006490039639174938,0.005922304466366768,0.010067466646432877,0.014554186724126339,24.81474995613098,0.04962140417098999,0.0010029012652080383,1.370362861052854e-05,0.0009293106735186484,1.108630658563925e-05,0.01886199414730072,nan,nan,nan,nan
PSO,slow_sine,10,6.223484516143799,0.03616736829280853,0.01244696881622076,2.905716952200892,0.007752331905066967,0.010668246075510979,0.006036985665559769,0.004069378133863211,0.010234716348350048,24.83675241470337,0.049665403842926024,0.0008588157365669758,3.124693103018217e-05,0.0008064237620601488,3.350050974404439e-05,0.018857423216104507,nan,nan,nan,nan
PSO,slow_sine,11,7.963319778442383,0.02802504226565361,0.01592664048075676,1.7596330060639374,0.01583009585738182,0.014888561330735683,0.007704475428909063,0.021111398935317993,0.01961595006287098,24.860671997070312,0.0497131872177124,0.001302602958420266,1.4901376744091976e-05,0.0011846238781035936,1.8110615201294422e-05,0.01805581897497177,nan,nan,nan,nan
PSO,slow_sine,12,8.384389877319336,0.04607975110411644,0.01676878146827221,2.7479486921159286,0.018640730530023575,0.021900024265050888,0.010725518688559532,0.02564055472612381,0.01629682630300522,24.767621755599976,0.04952744245529175,0.0016419319995839032,1.6165198758244514e-05,0.0013910796669251795,1.9632516341516748e-05,0.018993325531482697,nan,nan,nan,nan
PSO,slow_sine,13,4.975354194641113,0.021943766623735428,0.009950708597898483,2.2052466322217286,0.0066192797385156155,0.008924746885895729,0.004685352556407452,0.007234023418277502,0.005632997490465641,24.769413948059082,0.04953091621398926,0.0005104225447308636,1.800815516617149e-05,0.0005147631855001236,2.171919732063543e-05,0.017733532935380936,nan,nan,nan,nan
PSO,slow_sine,14,5.842185974121094,0.0438789427280426,0.011684373952448368,3.7553524824364355,0.010088753886520863,0.012666461989283562,0.004581678193062544,0.010045021772384644,0.013061854057013988,24.781323194503784,0.04955475091934204,0.0007654183220636696,1.3741762813879177e-05,0.0007261966320504143,1.4544179975928273e-05,0.01930893026292324,nan,nan,nan,nan
PSO,slow_sine,15,4.237327575683594,0.04289836063981056,0.008474655449390411,5.061959261470185,0.006357329897582531,0.007486303336918354,0.0069195288233459,0.003632553853094578,0.007390932645648718,24.807533264160156,0.04960701370239258,0.0006394635625249066,2.395271076238714e-05,0.0006336266256334056,2.3176544345915318e-05,0.01880364865064621,nan,nan,nan,nan
PSO,slow_sine,16,5.4810075759887695,0.049707479774951935,0.010962015949189663,4.534519928209594,0.006723308004438877,0.011166581884026527,0.0022329213097691536,0.0058979131281375885,0.007595815695822239,24.815794467926025,0.04962313556671143,0.0009079895575650881,2.3242677343660034e-05,0.0008990255598702788,2.2876647562952712e-05,0.019067268818616867,nan,nan,nan,nan
PSO,slow_sine,17,4.890204429626465,0.03192812576889992,0.00978040974587202,3.2644977663001997,0.006530633196234703,0.007829666137695312,0.005122852511703968,0.0037670775782316923,0.00940293725579977,25.764947175979614,0.0515207839012146,0.0005348011540666449,1.4925711184332613e-05,0.0005461290920875399,1.408317439199891e-05,0.018598709255456924,nan,nan,nan,nan
PSO,slow_sine,18,4.98677921295166,0.05033985897898674,0.009973558597266674,5.047331751054507,0.010114041157066822,0.01063842885196209,0.007701647933572531,0.012103302404284477,0.010012784972786903,26.70526146888733,0.053400336265563966,0.0006823476297625348,1.4422946151171345e-05,0.0006744263613967632,1.705017166386824e-05,0.017406102269887924,nan,nan,nan,nan
PSO,slow_sine,19,8.433210372924805,0.0405489057302475,0.016866421326994896,2.404120289901007,0.01620974764227867,0.015044553205370903,0.009313235990703106,0.02708590030670166,0.013395304791629314,26.635369777679443,0.05326075172424317,0.0012072894271212135,2.059779035334941e-05,0.0011234903556516657,2.1424455553642474e-05,0.01813015528023243,nan,nan,nan,nan
PSO,aggressive_sine,0,18.78740882873535,0.05275551229715347,0.03757482022047043,1.40401236752725,0.012332099489867687,0.02356897108256817,0.007780216168612242,0.0034292652271687984,0.014549940824508667,26.689062118530273,0.053367221355438234,0.0005955920315312142,7.55494420445757e-06,0.0005329769619875151,8.457182048005052e-06,0.019059443846344948,nan,nan,nan,nan
PSO,aggressive_sine,1,9.860610961914062,0.038162555545568466,0.019721223041415215,1.9351008538073855,0.026946526020765305,0.0080841900780797,0.08703199028968811,0.0006360914558172226,0.012033835053443909,26.00924777984619,0.05200907468795776,0.0019166635556979144,6.343142558762338e-06,0.0011385273272306222,5.9581734603852965e-06,0.01872142404317856,nan,nan,nan,nan
PSO,aggressive_sine,2,11.791967391967773,0.03562626987695694,0.02358393557369709,1.5106159769487555,0.009745271876454353,0.010067730210721493,0.011426879093050957,0.0060669416561722755,0.011419538408517838,27.45487689971924,0.05490014362335205,0.0004662547966089278,3.667806595331058e-06,0.0004703913267905591,3.927248144464102e-06,0.017421483993530273,nan,nan,nan,nan
PSO,aggressive_sine,3,5.590681076049805,0.028800802305340767,0.01118136290460825,2.5757863823086273,0.02105262503027916,0.006045671179890633,0.06427695602178574,0.0069254375994205475,0.006962434854358435,26.96667218208313,0.053923731803894044,0.0008661611270251342,8.668701411806978e-06,0.0007739999343923955,1.005324247671524e-05,0.018874339759349823,nan,nan,nan,nan
PSO,aggressive_sine,4,8.602494239807129,0.05285540968179703,0.01720498874783516,3.0720978930281273,0.007847167551517487,0.004672807641327381,0.011692984029650688,0.0018752135802060366,0.013147667050361633,26.649099826812744,0.05328822898864746,0.0002623200560642999,3.916096829925664e-06,0.00026803368368332484,4.241030183038674e-06,0.01862546242773533,nan,nan,nan,nan
PSO,aggressive_sine,5,10.270648956298828,0.05593672767281532,0.020541299134492874,2.723134856591742,0.005578826647251844,0.005966545548290014,0.004902105312794447,0.005767235066741705,0.0056794206611812115,26.770578622817993,0.053531607151031495,0.00023226520122038893,3.4619738471519668e-06,0.00023981508855890752,4.007387815363472e-06,0.01935097761452198,nan,nan,nan,nan
PSO,aggressive_sine,6,11.175918579101562,0.03418845683336258,0.022351838648319244,1.5295590385774995,0.008795611560344696,0.01273691188544035,0.005965213291347027,0.0014613026287406683,0.015019018203020096,28.85614585876465,0.05770195436477661,0.00029227008828943324,5.0708995331660844e-06,0.0003061641291140404,5.385514668887481e-06,0.01926019787788391,nan,nan,nan,nan
PSO,aggressive_sine,7,8.866231918334961,0.03330828249454498,0.017732463777065277,1.8783787133756944,0.004901302978396416,0.008572516962885857,0.00182430911809206,0.0008021340472623706,0.008406253531575203,28.48478364944458,0.056959642887115476,0.0002768656257152315,3.6263659239921253e-06,0.0002779628405729909,4.028360308439005e-06,0.019289784133434296,nan,nan,nan,nan
PSO,aggressive_sine,8,9.388190269470215,0.04351924732327461,0.018776381388306618,2.3177654108782177,0.02259611338376999,0.008696401491761208,0.06663964688777924,0.005890104919672012,0.009158310480415821,26.872113943099976,0.05373535871505737,0.000858512392335797,6.096539436839521e-06,0.0008277223002662595,6.813661912019597e-06,0.01701989583671093,nan,nan,nan,nan
PSO,aggressive_sine,9,10.673466682434082,0.023877179250121117,0.021346934139728546,1.1185296724030998,0.025335699319839478,0.014814132824540138,0.05209403485059738,0.014088044874370098,0.02034658007323742,26.897315979003906,0.05378496885299683,0.0007837089308994109,1.6497540855198167e-05,0.0007398144639322708,1.4560728232027031e-05,0.017380792647600174,nan,nan,nan,nan
PSO,aggressive_sine,10,5.251999855041504,0.03753094747662544,0.010503999888896942,3.5730148394514774,0.0022514972370117903,0.001511676236987114,0.0009525732020847499,0.0006851448561064899,0.005856594070792198,26.859614372253418,0.053710250854492186,0.0003748428023829092,4.603197794494918e-06,0.0003730874587701237,5.6391218095086515e-06,0.018820863217115402,nan,nan,nan,nan
PSO,aggressive_sine,11,6.55107307434082,0.026404831558465958,0.013102146796882153,2.0153057333130606,0.005433311685919762,0.004673064686357975,0.004988555330783129,0.0015164311043918133,0.010555196553468704,27.132737636566162,0.054254703998565676,0.00046739073786545757,2.4247158307844074e-06,0.0004421293582688804,2.826843001457746e-06,0.019036494195461273,nan,nan,nan,nan
PSO,aggressive_sine,12,4.968316078186035,0.04780161753296852,0.009936632588505745,4.810645569029423,0.05935317277908325,0.01106164138764143,0.22238606214523315,0.001224406179971993,0.0027405801229178905,27.967195987701416,0.05592450141906738,0.0015654557935806223,3.220512735424563e-05,0.0012813749740162165,2.944715743069537e-05,0.018763821572065353,nan,nan,nan,nan
PSO,aggressive_sine,13,6.46451473236084,0.030155381187796593,0.012929029762744904,2.3323777376311368,0.005531614180654287,0.003932180814445019,0.01144905760884285,0.0007221511332318187,0.006023065652698278,27.030805349349976,0.05405175352096558,0.000523219458991889,3.886703780153766e-06,0.0005267494187578904,4.2051615309901536e-06,0.018419574946165085,nan,nan,nan,nan
PSO,aggressive_sine,14,7.086678504943848,0.04182986542582512,0.014173357747495174,2.9513024486535393,0.036256395280361176,0.0094405896961689,0.12547343969345093,0.001997813116759062,0.008113743737339973,26.54409432411194,0.053079085826873776,0.0011792082712446246,2.991462906720699e-06,0.0009859295972663403,2.9536086003645323e-06,0.017593398690223694,nan,nan,nan,nan
PSO,aggressive_sine,15,10.216880798339844,0.03928017616271973,0.020433763042092323,1.9223172981797296,0.03992465138435364,0.007512681186199188,0.1315973699092865,0.0016478614415973425,0.018940700218081474,26.516013622283936,0.05302226638793945,0.0013248953427902506,6.000860594213009e-06,0.0011452692490996925,7.02012130204821e-06,0.01803000457584858,nan,nan,nan,nan
PSO,aggressive_sine,16,6.356029510498047,0.04903044179081917,0.012712059542536736,3.8570022132727497,0.03567991405725479,0.010071828030049801,0.10826633870601654,0.018927281722426414,0.005454200319945812,26.174943685531616,0.05234032678604126,0.0014089782582295811,2.0506773580564186e-05,0.0012006604147838517,2.3053862605593167e-05,0.018394343554973602,nan,nan,nan,nan
PSO,aggressive_sine,17,7.141290664672852,0.03920245170593262,0.014282582327723503,2.7447733754587142,0.02129032276570797,0.009554300457239151,0.0650017261505127,0.002721469383686781,0.007883790880441666,26.565309047698975,0.05312109375,0.003507822418053729,2.3753684217808768e-05,0.0013375447820035333,2.8566340915858746e-05,0.01711641252040863,nan,nan,nan,nan
PSO,aggressive_sine,18,6.871071815490723,0.03900307044386864,0.013742144219577312,2.8382084935700314,0.009222885593771935,0.006323938257992268,0.007900897413492203,0.002303178422152996,0.02036353014409542,26.759601593017578,0.05350986337661743,0.00041215997943263574,3.855568138533272e-06,0.00040624974899519656,4.384865860629361e-06,0.017695341259241104,nan,nan,nan,nan
PSO,aggressive_sine,19,8.027993202209473,0.038089677691459656,0.016055986285209656,2.3723038258040146,0.08129985630512238,0.016851071268320084,0.3010382354259491,0.0012218956835567951,0.006088241934776306,27.148916482925415,0.05428824424743652,0.001849398755360744,2.0562561985570937e-05,0.0014087748367137465,2.24755349336192e-05,0.01837766356766224,nan,nan,nan,nan
PSO,random_smooth,0,4.55946159362793,0.02123754657804966,0.009118923917412758,2.3289531495592546,0.004120294004678726,0.005914151668548584,0.0033784634433686733,0.001173166441731155,0.006015395279973745,26.893893241882324,0.05377960824966431,0.000250203987362579,3.6694730169983814e-06,0.0002610797652801466,4.6634941099910066e-06,0.01874145120382309,nan,nan,nan,nan
PSO,random_smooth,1,4.603724479675293,0.05382566526532173,0.009207449853420258,5.845881989281463,0.009020192548632622,0.0027376804500818253,0.02643800899386406,0.000409719068557024,0.00649536307901144,26.63831400871277,0.05326859664916992,0.0006212261925832536,1.2381902706692927e-05,0.0006082339560699438,1.3224040230852552e-05,0.018494972959160805,nan,nan,nan,nan
PSO,random_smooth,2,4.8771138191223145,0.036689333617687225,0.00975422840565443,3.761377332154615,0.04732206463813782,0.010329985991120338,0.17076586186885834,0.0009350270847789943,0.00725738238543272,26.298069715499878,0.05258799791336059,0.0018314490824852328,2.4111908714985475e-05,0.0016244642498317262,2.5945259039872326e-05,0.018548987805843353,nan,nan,nan,nan
PSO,random_smooth,3,5.410333633422852,0.025881128385663033,0.010820668190717697,2.3918234927363047,0.005087110213935375,0.005047989077866077,0.0021356232464313507,0.0005597014096565545,0.012605126015841961,26.67222285270691,0.053336246967315676,0.00027479179604747515,2.71054250333691e-06,0.0002878049155194049,3.3369919947290327e-06,0.018492814153432846,nan,nan,nan,nan
PSO,random_smooth,4,5.2763261795043945,0.03023866005241871,0.01055265311151743,2.8655030856093884,0.008693598210811615,0.011566347442567348,0.006800720002502203,0.001108250580728054,0.015299074351787567,26.813596963882446,0.05361892604827881,0.0002228471137832912,4.8523811528866645e-06,0.00023516163028616574,4.286649527784903e-06,0.018598288297653198,nan,nan,nan,nan
PSO,random_smooth,5,5.50588321685791,0.03166684880852699,0.011011767201125622,2.875728139738553,0.016899604350328445,0.006963844411075115,0.04393301531672478,0.0012273676693439484,0.015474188141524792,26.50786781311035,0.053007186889648436,0.0008616250137026328,8.98234429769218e-06,0.0008065622989049189,8.847501703712624e-06,0.017521630972623825,nan,nan,nan,nan
PSO,random_smooth,6,4.751809120178223,0.036948174238204956,0.009503618814051151,3.887800527476637,0.004250497557222843,0.011249041184782982,0.0026825235690921545,0.0009146581287495792,0.00215576752088964,26.827364683151245,0.05364620780944824,0.00036109129128715267,2.5038434614543803e-06,0.0003701123508791625,2.1589864900306566e-06,0.019334720447659492,nan,nan,nan,nan
PSO,random_smooth,7,6.049574851989746,0.03273564204573631,0.012099150568246841,2.7056148992515334,0.0338822677731514,0.005998283624649048,0.11325740814208984,0.0018676270265132189,0.014405734837055206,26.752857208251953,0.05349713468551636,0.0017340840096984722,1.0433333955006674e-05,0.0014075080876298671,1.0215429938398302e-05,0.018376506865024567,nan,nan,nan,nan
PSO,random_smooth,8,4.7159247398376465,0.0418514683842659,0.009431851096451283,4.437248632987054,0.004734775982797146,0.004480555187910795,0.0056983185932040215,0.0010163106489926577,0.007743918802589178,26.71225094795227,0.05341597509384155,0.00029502288737701294,2.5442318474233616e-06,0.0003003108343801614,2.3338175196840893e-06,0.0184192955493927,nan,nan,nan,nan
PSO,random_smooth,9,4.4814534187316895,0.01791973225772381,0.008962906897068024,1.9993214772303136,0.0031348569318652153,0.0028565179090946913,0.003267019521445036,0.0009129254030995071,0.005502965301275253,27.027195692062378,0.05404567956924439,0.0002668526864691103,6.6516581682662945e-06,0.000277659744734774,7.876820745877922e-06,0.01778395101428032,nan,nan,nan,nan
PSO,random_smooth,10,5.476274490356445,0.02503741718828678,0.010952549055218697,2.2859899610636205,0.00522057618945837,0.002186412690207362,0.008710961788892746,0.0008046887232922018,0.009180240333080292,25.690968990325928,0.051374004364013674,0.00020537748587207716,4.36376103607472e-06,0.00021283570392465663,4.764166078530252e-06,0.017323559150099754,nan,nan,nan,nan
PSO,random_smooth,11,4.459161758422852,0.032953545451164246,0.008918323554098606,3.6950381146487716,0.003756194142624736,0.004316044971346855,0.005075491964817047,0.0009743338450789452,0.004658905789256096,27.108153104782104,0.054207828044891354,0.00024742419982453614,3.072491381317377e-06,0.0002603192561736933,3.276245934102917e-06,0.01869434118270874,nan,nan,nan,nan
PSO,random_smooth,12,5.584897994995117,0.03470304235816002,0.0111697968095541,3.1068642473851207,0.022401904687285423,0.0030247517861425877,0.06780734658241272,0.0005849503795616329,0.018190575763583183,26.417178630828857,0.05282603597640991,0.001250135508585663,3.214663593098521e-05,0.0010387323870325418,3.003006895596627e-05,0.01948549598455429,nan,nan,nan,nan
PSO,random_smooth,13,4.88265323638916,0.05225708335638046,0.009765306487679482,5.351299871879213,0.013392185792326927,0.010861432179808617,0.03454868495464325,0.0010806358186528087,0.0070779891684651375,26.2855544090271,0.05256266450881958,0.000822448553405593,1.1229642950638663e-05,0.0008074783813165595,1.225165124196792e-05,0.01792985014617443,nan,nan,nan,nan
PSO,random_smooth,14,6.356551170349121,0.05812936648726463,0.012713102623820305,4.572398116125384,0.007273528724908829,0.006996144540607929,0.005807970650494099,0.004654891788959503,0.011635107919573784,26.465527057647705,0.052922670364379885,0.0002418509632772839,4.819635250896681e-06,0.0002503755547361834,5.765887181041762e-06,0.017781846225261688,nan,nan,nan,nan
PSO,random_smooth,15,4.756120681762695,0.06590894609689713,0.009512241929769516,6.928855109396289,0.004230793099850416,0.0022869969252496958,0.005164394620805979,0.0009259646758437157,0.008545815013349056,26.51243805885315,0.0530169677734375,0.00029777106291444395,5.676313321600901e-06,0.00030605272240522935,6.1554874264402315e-06,0.017949365079402924,nan,nan,nan,nan
PSO,random_smooth,16,5.413326263427734,0.02406804822385311,0.010826652869582176,2.223036843775887,0.005749937146902084,0.007360362913459539,0.006929771509021521,0.0011027178261429071,0.0076068975031375885,26.752116203308105,0.053495949268341066,0.00025866717056926517,3.653427484096028e-06,0.0002746244507384745,4.390481535665458e-06,0.01899467408657074,nan,nan,nan,nan
PSO,random_smooth,17,6.044556617736816,0.04496113210916519,0.01208911370486021,3.7191421312456825,0.007131743244826794,0.011852960102260113,0.003387653734534979,0.0011254497803747654,0.012160908430814743,27.0712149143219,0.054133718490600585,0.0002472633416060489,5.048090315540321e-06,0.0002604214178771599,5.4804268074803986e-06,0.01789693720638752,nan,nan,nan,nan
PSO,random_smooth,18,4.327564239501953,0.025870779529213905,0.008655129000544548,2.9890692013471103,0.003019746858626604,0.0021008949261158705,0.001778389560058713,0.0030143060721457005,0.00518539734184742,26.497182369232178,0.05298587465286255,0.00031076248786421275,3.6099222597840708e-06,0.00032267908271385294,3.1059498724061996e-06,0.018658868968486786,nan,nan,nan,nan
PSO,random_smooth,19,5.271273612976074,0.06320739537477493,0.010542547330260277,5.995457586740041,0.01046567689627409,0.005227340385317802,0.025063879787921906,0.001356468885205686,0.01021501887589693,26.616280794143677,0.053223512172698974,0.0005825599103134664,9.532087460684124e-06,0.0005271010897388806,1.2449887435650453e-05,0.01793278008699417,nan,nan,nan,nan
PSO_topology,smooth_sine,0,4.261491775512695,0.05118713900446892,0.008522983640432358,6.005776986552126,0.007592064794152975,0.010869121178984642,0.007477582432329655,0.007622308097779751,0.004399249795824289,49.995635747909546,0.09998191976547241,0.05229606647752225,0.035655416548252106,0.018506586109614,0.004449646454304457,0.08412610739469528,nan,nan,nan,nan
PSO_topology,smooth_sine,1,4.11509895324707,0.03732819855213165,0.008230198174715042,4.535516370287655,0.00964324176311493,0.007433741353452206,0.007347192615270615,0.004103492014110088,0.019688542932271957,49.049832582473755,0.09809042596817016,0.059077310075238344,0.04411838948726654,0.0175629689862486,0.004546096082776785,0.17758306860923767,nan,nan,nan,nan
PSO_topology,smooth_sine,2,4.084601879119873,0.03356630727648735,0.008169203996658325,4.108883471415074,0.004902105312794447,0.0032640909776091576,0.0031624282710254192,0.004537755623459816,0.008644145913422108,49.29452586174011,0.09858023357391357,0.04106745250429958,0.013138673268258572,0.015016938024933915,0.0012451965594664216,0.0922049731016159,nan,nan,nan,nan
PSO_topology,smooth_sine,3,4.251982688903809,0.029694439843297005,0.00850396603345871,3.491834248451221,0.006703170947730541,0.006509863771498203,0.007899763062596321,0.004564832895994186,0.007838224992156029,49.00032830238342,0.0979905595779419,0.04443342494182289,0.02153351902961731,0.01732567031092476,0.003713432466611266,0.10271230340003967,nan,nan,nan,nan
PSO_topology,smooth_sine,4,4.544018745422363,0.054882243275642395,0.00908803753554821,6.038954291393315,0.007002023980021477,0.00627621915191412,0.009006747975945473,0.001853207009844482,0.01087192352861166,48.42312264442444,0.09683709049224853,0.06556267509013414,0.04565088823437691,0.021403399670915677,0.004622108768671751,0.10048862546682358,nan,nan,nan,nan
PSO_topology,smooth_sine,5,4.287071704864502,0.057910218834877014,0.00857414398342371,6.75405252662355,0.006810841150581837,0.004875617101788521,0.00364722590893507,0.007145107723772526,0.01157541386783123,48.353339195251465,0.09669743919372559,0.06669276863709092,0.05040602385997772,0.026312092006299644,0.008852485567331314,0.09339843690395355,nan,nan,nan,nan
PSO_topology,smooth_sine,6,4.5177202224731445,0.033740997314453125,0.009035441093146801,3.734294426427614,0.00831503327935934,0.007391054183244705,0.010277323424816132,0.011104768142104149,0.004486986435949802,49.91236329078674,0.0998152256011963,0.06399106053225696,0.049907322973012924,0.023361367182526738,0.006728284060955048,0.1461961567401886,nan,nan,nan,nan
PSO_topology,smooth_sine,7,4.328775405883789,0.0335254929959774,0.008657551370561123,3.8723989683707196,0.008636930026113987,0.007400149013847113,0.0053785121999681,0.013457929715514183,0.008311128243803978,49.0716438293457,0.09813283014297486,0.05878266616202891,0.03683217614889145,0.01858350993178319,0.0029760084580630064,0.09208779036998749,nan,nan,nan,nan
PSO_topology,smooth_sine,8,4.150079727172852,0.04183711111545563,0.008300160057842731,5.04051859529193,0.0074967085383832455,0.007701885886490345,0.004015863873064518,0.004651101306080818,0.013617981225252151,48.13220953941345,0.09625553750991821,0.04506597624197602,0.027840631082654,0.016746499306126497,0.0030557613354176283,0.07343672215938568,nan,nan,nan,nan
PSO_topology,smooth_sine,9,4.144570350646973,0.023728376254439354,0.008289140649139881,2.8625857925213896,0.0037623911630362272,0.003144349902868271,0.0033637164160609245,0.004354091361165047,0.004187406972050667,47.90300750732422,0.09579679775238037,0.05147305187433958,0.03211001679301262,0.018357549828337507,0.00514408852905035,0.17728891968727112,nan,nan,nan,nan
PSO_topology,smooth_sine,10,4.144136428833008,0.03513853996992111,0.008288273587822914,4.239548754947768,0.007880499586462975,0.005777791142463684,0.006005510222166777,0.00574858020991087,0.013990115374326706,47.977264165878296,0.09594481897354126,0.052393203439936045,0.037027016282081604,0.018132378070428966,0.004467709455639124,0.1599685549736023,nan,nan,nan,nan
PSO_topology,smooth_sine,11,4.575064182281494,0.026501771062612534,0.009150129742920399,2.8963273535129246,0.006807195022702217,0.004718128591775894,0.003394380211830139,0.010637186467647552,0.008479084819555283,47.945342779159546,0.09588139533996581,0.06003636316470802,0.051499828696250916,0.0199151771586854,0.007117492612451315,0.12366437911987305,nan,nan,nan,nan
PSO_topology,smooth_sine,12,4.3634772300720215,0.04366666451096535,0.008726953528821468,5.003654983007834,0.013822093605995178,0.01644280180335045,0.015805888921022415,0.014938036911189556,0.008101647719740868,48.76039671897888,0.0975112042427063,0.062312476034089924,0.03442912921309471,0.020440892641991375,0.004787640180438757,0.09401899576187134,nan,nan,nan,nan
PSO_topology,smooth_sine,13,4.474947452545166,0.0277560967952013,0.00894989538937807,3.101276114147975,0.00798344798386097,0.009000260382890701,0.0037101234775036573,0.010223574936389923,0.008999829180538654,51.78358197212219,0.10355593729019165,0.061521318431198596,0.04824712499976158,0.016178971457784064,0.0028646946884691715,0.22715148329734802,nan,nan,nan,nan
PSO_topology,smooth_sine,14,4.524993896484375,0.04162133112549782,0.009049988351762295,4.59904803274061,0.007063880562782288,0.0028335785027593374,0.00808234978467226,0.003681883215904236,0.013657709583640099,48.03767013549805,0.09606564998626708,0.053428007537126544,0.02375740557909012,0.01967988673937507,0.002900198567658663,0.12154662609100342,nan,nan,nan,nan
PSO_topology,smooth_sine,15,4.223529815673828,0.04376599192619324,0.008447060361504555,5.181209799996957,0.012757917866110802,0.009897561743855476,0.013720511458814144,0.007993730716407299,0.019419867545366287,47.78820991516113,0.09556709098815917,0.06409579911977052,0.03977060317993164,0.021479484573332593,0.005505918525159359,0.08599963784217834,nan,nan,nan,nan
PSO_topology,smooth_sine,16,4.075895309448242,0.04638778418302536,0.00815179105848074,5.690502105640416,0.006420919205993414,0.004549847915768623,0.00368515495210886,0.015583071857690811,0.0018656011670827866,48.74768948554993,0.09748528003692628,0.0632462371379137,0.04372182488441467,0.020547333063418046,0.0049924543127417564,0.07996319979429245,nan,nan,nan,nan
PSO_topology,smooth_sine,17,4.414534568786621,0.03555324673652649,0.008829069323837757,4.026839685190336,0.006586893927305937,0.005360094364732504,0.007443881593644619,0.00882147066295147,0.004722129553556442,48.515795946121216,0.09702187299728393,0.055595783246681095,0.03496915102005005,0.020349466943461448,0.006853410042822361,0.7244498133659363,nan,nan,nan,nan
PSO_topology,smooth_sine,18,4.321132659912109,0.03598078340291977,0.008642265573143959,4.163350813325025,0.010919546708464622,0.0024823471903800964,0.010551875457167625,0.005211350973695517,0.025432612746953964,45.8023681640625,0.09159607648849487,0.07937845710255205,0.04844418168067932,0.02763692697342485,0.006292519625276327,0.20681196451187134,nan,nan,nan,nan
PSO_topology,smooth_sine,19,4.3836870193481445,0.033149391412734985,0.00876737479120493,3.780993992179859,0.007569971960037947,0.011490100994706154,0.0059938812628388405,0.002857845276594162,0.00993806030601263,45.119972229003906,0.09023143291473389,0.0602138588540256,0.036456286907196045,0.021148432208132,0.007294944953173399,0.1687423586845398,nan,nan,nan,nan
PSO_topology,multi_frequency,0,4.5417890548706055,0.05109918490052223,0.009083578363060951,5.625446587032362,0.008623809553682804,0.0073502263985574245,0.0034563816152513027,0.008468931540846825,0.015219698660075665,45.138710260391235,0.0902693920135498,0.06311044115908444,0.04746527224779129,0.021869570227432997,0.006123473402112722,0.08629564940929413,nan,nan,nan,nan
PSO_topology,multi_frequency,1,4.200434684753418,0.03797793760895729,0.00840086955577135,4.520715070842477,0.009003297425806522,0.01137513481080532,0.012524662539362907,0.0019990624859929085,0.010114330798387527,44.87598514556885,0.08974410915374756,0.05960070634894073,0.05120737850666046,0.018591817832319064,0.005766134709119797,0.13535091280937195,nan,nan,nan,nan
PSO_topology,multi_frequency,2,4.252442359924316,0.03333106264472008,0.008504885248839855,3.9190490723277827,0.010801645927131176,0.011547699570655823,0.009902809746563435,0.008957241661846638,0.01279882900416851,44.97636151313782,0.08994458055496216,0.06883424376174807,0.05939338356256485,0.01956318250815384,0.006136810407042503,0.12760061025619507,nan,nan,nan,nan
PSO_topology,multi_frequency,3,4.516268253326416,0.02830386720597744,0.00903253722935915,3.133545590488042,0.00823209062218666,0.0048883408308029175,0.006432379595935345,0.011941018514335155,0.009666623547673225,45.19912791252136,0.09039012718200684,0.061557043072208766,0.05149102583527565,0.01960887864595279,0.008374401368200779,0.15671205520629883,nan,nan,nan,nan
PSO_topology,multi_frequency,4,4.638518333435059,0.055171385407447815,0.009277037344872952,5.947091011543555,0.007891195826232433,0.008533881977200508,0.010014374740421772,0.0064459387212991714,0.0065705860033631325,44.99166464805603,0.0899749584197998,0.06544641605503858,0.05414805933833122,0.01863960229428485,0.004893444944173098,0.16516272723674774,nan,nan,nan,nan
PSO_topology,multi_frequency,5,4.182147026062012,0.05829494446516037,0.008364294655621052,6.969499146707422,0.008623380213975906,0.006715608295053244,0.0072302911430597305,0.003147341078147292,0.01740027777850628,45.195080280303955,0.09038205242156983,0.061388889322802426,0.03929034247994423,0.019260149783315136,0.0034731561318039894,0.12033821642398834,nan,nan,nan,nan
PSO_topology,multi_frequency,6,4.265774726867676,0.03410196676850319,0.008531549945473671,3.9971596001258423,0.007504680659621954,0.004933392629027367,0.010655803605914116,0.005725247319787741,0.008704280480742455,45.150585651397705,0.09029307270050049,0.059564223903045055,0.04046471416950226,0.021099927655560895,0.00469464436173439,0.10516764968633652,nan,nan,nan,nan
PSO_topology,multi_frequency,7,4.455353736877441,0.03207334876060486,0.008910708129405975,3.599416375760363,0.006300661712884903,0.0055694421753287315,0.004078710451722145,0.002176085952669382,0.013378409668803215,45.218101978302,0.0904281063079834,0.0443095242600888,0.031657565385103226,0.012953506068163551,0.0011205208720639348,0.08069218695163727,nan,nan,nan,nan
PSO_topology,multi_frequency,8,3.9626054763793945,0.041280340403318405,0.007925211451947689,5.208736783063801,0.003724380861967802,0.0036802832037210464,0.0028290110640227795,0.0032822545617818832,0.005105973687022924,44.905176877975464,0.08980180740356446,0.04812970777247101,0.027586903423070908,0.01828120281607844,0.002465097466483712,0.07726813107728958,nan,nan,nan,nan
PSO_topology,multi_frequency,9,4.227664947509766,0.02429182641208172,0.00845533050596714,2.8729600096576196,0.008476732298731804,0.008807956241071224,0.010077706538140774,0.010468828491866589,0.004552434664219618,45.036885499954224,0.09006585264205932,0.04580590789988637,0.0368584543466568,0.016410204245895146,0.0053641535341739655,0.0839899331331253,nan,nan,nan,nan
PSO_topology,multi_frequency,10,4.246976375579834,0.03276646509766579,0.008493954315781593,3.8576220073124676,0.005220015998929739,0.00439877063035965,0.003892684355378151,0.002663437742739916,0.009925173595547676,45.24115252494812,0.09047458457946778,0.04262942535094917,0.027563877403736115,0.015567749550845474,0.0022433605045080185,0.1321260631084442,nan,nan,nan,nan
PSO_topology,multi_frequency,11,4.527404308319092,0.026601407676935196,0.009054808877408504,2.937821000651374,0.008972475305199623,0.005337054841220379,0.00648163165897131,0.013999013230204582,0.010072199627757072,44.89942955970764,0.08979012060165405,0.050505981285870076,0.042777612805366516,0.014242576484009624,0.004235750529915094,0.08541311323642731,nan,nan,nan,nan
PSO_topology,multi_frequency,12,4.540595054626465,0.04295014590024948,0.009081191383302212,4.729571714480422,0.008967077359557152,0.005928795784711838,0.006541648879647255,0.00589205464348197,0.017505807802081108,44.9119176864624,0.08981584692001343,0.07757994247376919,0.06491094827651978,0.025940583795215934,0.009828587993979454,0.16369026899337769,nan,nan,nan,nan
PSO_topology,multi_frequency,13,3.9596199989318848,0.02698768489062786,0.00791924074292183,3.4078626684949938,0.005509868264198303,0.004521343391388655,0.0029583515133708715,0.006785751786082983,0.007774025201797485,44.93903112411499,0.08986968803405762,0.04372887478582561,0.031244643032550812,0.015278375651221723,0.004996603820472956,0.08900406211614609,nan,nan,nan,nan
PSO_topology,multi_frequency,14,4.585567951202393,0.04093090817332268,0.009171136654913425,4.4630136605143695,0.011684050783514977,0.01330523006618023,0.006710659712553024,0.010834068059921265,0.01588624343276024,44.89032864570618,0.0897725372314453,0.06018272081054747,0.04859163612127304,0.018572247943794355,0.00686217425391078,0.09104855358600616,nan,nan,nan,nan
PSO_topology,multi_frequency,15,4.345694541931152,0.04511197656393051,0.008691389113664627,5.1904219192079815,0.005977567285299301,0.009823577478528023,0.006504818331450224,0.004994919989258051,0.0025869535747915506,45.21546530723572,0.09042231130599976,0.04750233256388456,0.027895592153072357,0.0155313121127896,0.004350326489657164,0.13168787956237793,nan,nan,nan,nan
PSO_topology,multi_frequency,16,4.179694652557373,0.047051865607500076,0.008359390310943127,5.628624081101385,0.00805264338850975,0.01040705293416977,0.006730029359459877,0.0044091325253248215,0.010664356872439384,45.00975155830383,0.0900112476348877,0.06816060895547271,0.05957081913948059,0.018617092937976122,0.0070019974373281,0.10406386852264404,nan,nan,nan,nan
PSO_topology,multi_frequency,17,4.128790855407715,0.0368848480284214,0.008257582783699036,4.466785134898593,0.00806895550340414,0.0078123025596141815,0.006489704363048077,0.0064007132314145565,0.011573100462555885,45.143269062042236,0.09027832126617431,0.05709556219652295,0.041935622692108154,0.01921512143271975,0.006031218450516462,0.33602410554885864,nan,nan,nan,nan
PSO_topology,multi_frequency,18,4.3480682373046875,0.03715959191322327,0.008696136996150017,4.273114824395555,0.009274691343307495,0.010129382833838463,0.007948518730700016,0.0036487095057964325,0.015372153371572495,45.27758479118347,0.09054685974121093,0.06557085837833583,0.046647779643535614,0.022894610098656266,0.008210958912968636,0.1659909188747406,nan,nan,nan,nan
PSO_topology,multi_frequency,19,4.183216094970703,0.03247109800577164,0.008366432972252369,3.8811161355697723,0.009604248218238354,0.017350612208247185,0.008315714076161385,0.010536665096879005,0.0022140019573271275,44.947017669677734,0.08988561010360718,0.05940036419965327,0.045024603605270386,0.018701107129687443,0.0041418531909585,0.08051353693008423,nan,nan,nan,nan
PSO_topology,slow_sine,0,4.9275803565979,0.052525844424963,0.009855161421000957,5.32978022186755,0.012814505957067013,0.010475944727659225,0.012374172918498516,0.015884920954704285,0.0125229861587286,44.918877363204956,0.08983018064498902,0.06870964770168066,0.06023498252034187,0.022643053917400537,0.010080985724925995,0.12880222499370575,nan,nan,nan,nan
PSO_topology,slow_sine,1,4.693282127380371,0.03781970217823982,0.00938656460493803,4.0291313989725115,0.010611544363200665,0.009778984822332859,0.0097911162301898,0.01509576290845871,0.007780313491821289,44.973581314086914,0.08993923473358155,0.07236718526370824,0.05677461996674538,0.025899639454949646,0.010856982320547104,0.13753825426101685,nan,nan,nan,nan
PSO_topology,slow_sine,2,4.201848030090332,0.03470998629927635,0.008403696119785309,4.130323824722389,0.007202531676739454,0.006890496239066124,0.010501786135137081,0.003907162696123123,0.007510682102292776,44.934813499450684,0.08986133623123169,0.061833912548050284,0.054903194308280945,0.02227381585119292,0.009399106726050377,0.08449483662843704,nan,nan,nan,nan
PSO_topology,slow_sine,3,4.751166820526123,0.023702356964349747,0.009502335451543331,2.4943717347402323,0.008007081225514412,0.005743694491684437,0.0052003334276378155,0.007540284655988216,0.013544010929763317,44.93138074874878,0.08985479354858399,0.0559486494410783,0.04705052822828293,0.017454254365898668,0.0056188227608799934,0.08288963884115219,nan,nan,nan,nan
PSO_topology,slow_sine,4,4.723847389221191,0.06591521948575974,0.009447695687413216,6.976856756042209,0.006168222986161709,0.012593506835401058,0.0037559382617473602,0.003931781742721796,0.0043916646391153336,44.93252992630005,0.0898564624786377,0.08482060744389891,0.06549649685621262,0.031698883010540156,0.012198721058666706,0.1251678168773651,nan,nan,nan,nan
PSO_topology,slow_sine,5,4.8419880867004395,0.05345597118139267,0.009683976881206036,5.520043246399748,0.011579099111258984,0.01394172664731741,0.006682341918349266,0.0071930959820747375,0.018499227240681648,44.99783158302307,0.08998738574981689,0.07449076121822,0.06614035367965698,0.024468558149784804,0.011409486643970013,0.14932142198085785,nan,nan,nan,nan
PSO_topology,slow_sine,6,4.74916410446167,0.03374284505844116,0.009498328901827335,3.5525033305542353,0.021047895774245262,0.0077504850924015045,0.01527700386941433,0.015338565222918987,0.0458255261182785,44.918452978134155,0.08982835006713867,0.07491240930706262,0.06272266060113907,0.023080539050139487,0.01079194713383913,0.13342013955116272,nan,nan,nan,nan
PSO_topology,slow_sine,7,5.869778633117676,0.030583644285798073,0.011739558540284634,2.605178395835705,0.01639145240187645,0.009704004973173141,0.020414596423506737,0.011938223615288734,0.023508986458182335,44.946378231048584,0.08988469409942627,0.08540172025933862,0.06991374492645264,0.029419554806035014,0.012645167298614979,0.17315693199634552,nan,nan,nan,nan
PSO_topology,slow_sine,8,5.946789741516113,0.028425389900803566,0.011893580667674541,2.389977475669769,0.013466514647006989,0.006201844196766615,0.012084457091987133,0.011717095039784908,0.02386266551911831,44.924206495285034,0.08983982086181641,0.07201876055672765,0.06365542113780975,0.025796801716741175,0.012109885923564434,0.08855828642845154,nan,nan,nan,nan
PSO_topology,slow_sine,9,5.329323768615723,0.025104306638240814,0.010658648796379566,2.3552991676363346,0.011845147237181664,0.011758126318454742,0.008343856781721115,0.013711586594581604,0.013567018322646618,44.934131383895874,0.08985990619659424,0.06818743156269193,0.05896163731813431,0.02591036698380485,0.013175527565181255,0.09615354239940643,nan,nan,nan,nan
PSO_topology,slow_sine,10,4.815121173858643,0.03616736829280853,0.009630242362618446,3.755603123053145,0.0099490312859416,0.012614838778972626,0.004790457896888256,0.0117279551923275,0.010662872344255447,47.868412017822266,0.0957280797958374,0.07834193802326918,0.06958971917629242,0.032083805999718606,0.01735401339828968,0.2176925390958786,nan,nan,nan,nan
PSO_topology,slow_sine,11,4.925500392913818,0.02802504226565361,0.00985100120306015,2.844892786831435,0.012163820676505566,0.012654025107622147,0.014551961794495583,0.008559823036193848,0.012889469973742962,45.16269659996033,0.09031649780273437,0.06600394947193564,0.060328565537929535,0.024463844939507543,0.013288561254739761,0.08068745583295822,nan,nan,nan,nan
PSO_topology,slow_sine,12,4.967563629150391,0.04607975110411644,0.009935128502547741,4.638062919095597,0.011627222411334515,0.016669441014528275,0.011672562919557095,0.007863638922572136,0.010303250513970852,44.28465437889099,0.08856054544448852,0.09168533320501447,0.07101301848888397,0.032978396479040384,0.01592976413667202,0.20202580094337463,nan,nan,nan,nan
PSO_topology,slow_sine,13,4.776157379150391,0.021943766623735428,0.009552315808832645,2.2972195499906842,0.007227735128253698,0.009377792477607727,0.0039136093109846115,0.005846426822245121,0.009773111902177334,44.898396730422974,0.08978861904144288,0.0634883960917592,0.05201727896928787,0.023536706528253855,0.010981297120451927,0.14858898520469666,nan,nan,nan,nan
PSO_topology,slow_sine,14,5.558197975158691,0.0438789427280426,0.011116397567093372,3.947226829843917,0.016127144917845726,0.012415330857038498,0.016662616282701492,0.018527589738368988,0.016903042793273926,45.30311036109924,0.09059731960296631,0.08006300428956747,0.06956407427787781,0.03283801942560822,0.015909409150481224,0.1105441302061081,nan,nan,nan,nan
PSO_topology,slow_sine,15,4.9926557540893555,0.04289836063981056,0.00998531375080347,4.296145490306575,0.008491845801472664,0.007894612848758698,0.003926754929125309,0.008653844706714153,0.013492168858647346,46.39846110343933,0.09278669357299804,0.07251934429183603,0.058407895267009735,0.02289562651142478,0.011396024376153946,0.1266980767250061,nan,nan,nan,nan
PSO_topology,slow_sine,16,5.212082386016846,0.049707479774951935,0.010424165055155754,4.768485486553841,0.008572597056627274,0.007421819027513266,0.004388606175780296,0.006963081657886505,0.015516882762312889,46.28654861450195,0.09256340217590332,0.07105588754080236,0.06172044202685356,0.02830755486600101,0.011181258596479893,0.32324880361557007,nan,nan,nan,nan
PSO_topology,slow_sine,17,4.688841819763184,0.03192812576889992,0.009377684444189072,3.404691846789997,0.011143608018755913,0.010805284604430199,0.006737908348441124,0.013755219988524914,0.01327601633965969,48.09831953048706,0.09618693351745605,0.0903441312596202,0.07088223099708557,0.036238817504048344,0.01800328865647316,0.39563626050949097,nan,nan,nan,nan
PSO_topology,slow_sine,18,5.611081123352051,0.05033985897898674,0.01122216321527958,4.485753594320061,0.011938594281673431,0.019470158964395523,0.010034398175776005,0.005840487312525511,0.012409335933625698,46.58932948112488,0.09316805839538574,0.07200876309201121,0.061881884932518005,0.025006559849344193,0.009956547059118748,0.14480796456336975,nan,nan,nan,nan
PSO_topology,slow_sine,19,4.909785270690918,0.0405489057302475,0.009819570928812027,4.129396897706722,0.012939716689288616,0.017060652375221252,0.010519903153181076,0.008174572139978409,0.016003739088773727,45.97321796417236,0.09193684720993042,0.06757159579209983,0.056931689381599426,0.027866403479501606,0.01182088814675808,0.1289803683757782,nan,nan,nan,nan
PSO_topology,aggressive_sine,0,4.091996192932129,0.05275551229715347,0.008183992467820644,6.446182899677326,0.006088223308324814,0.01053647231310606,0.00770370801910758,0.0013057924807071686,0.004806919954717159,47.61074471473694,0.09521128702163696,0.03242658178238198,0.01516407635062933,0.010534100407536608,0.0014459253288805485,0.06695154309272766,nan,nan,nan,nan
PSO_topology,aggressive_sine,1,4.338019371032715,0.038162555545568466,0.008676039054989815,4.398615002040613,0.005789502523839474,0.010284088551998138,0.008060315623879433,0.0009304424747824669,0.003883161349222064,47.98082709312439,0.095950590133667,0.04368966897167265,0.03452836722135544,0.012224426382035017,0.0016670147888362408,0.09149820357561111,nan,nan,nan,nan
PSO_topology,aggressive_sine,2,4.139373302459717,0.03562626987695694,0.008278746157884598,4.30334125452401,0.0063439905643463135,0.004115606192499399,0.003554668975993991,0.009937528520822525,0.0077681588008999825,49.22663497924805,0.09844229650497437,0.049667742102220656,0.035962723195552826,0.012692419560742565,0.0014122372958809137,0.09634437412023544,nan,nan,nan,nan
PSO_topology,aggressive_sine,3,4.5960235595703125,0.028800802305340767,0.009192047640681267,3.133230312893178,0.0055976263247430325,0.00841196533292532,0.010072190314531326,0.0012357415398582816,0.0026706079952418804,49.197426319122314,0.09838122797012329,0.0544285817053169,0.03983345627784729,0.015683240097388626,0.0038942075334489346,0.103009894490242,nan,nan,nan,nan
PSO_topology,aggressive_sine,4,4.324639320373535,0.05285540968179703,0.008649279363453388,6.110961094068941,0.009740874171257019,0.004988610278815031,0.019099699333310127,0.007408281322568655,0.007466905750334263,48.05950140953064,0.09610868835449218,0.03913884778730571,0.027623500674962997,0.011568487709527835,0.0016489375848323107,0.0757179707288742,nan,nan,nan,nan
PSO_topology,aggressive_sine,5,4.112551689147949,0.05593672767281532,0.008225105702877045,6.800730555140381,0.004510048311203718,0.0015579158207401633,0.005511581897735596,0.002542882226407528,0.008427813649177551,47.04695415496826,0.09408364343643189,0.03815450698826462,0.022202756255865097,0.012912629589531571,0.003926703706383705,0.09774362295866013,nan,nan,nan,nan
PSO_topology,aggressive_sine,6,4.282424449920654,0.03418845683336258,0.008564849384129047,3.9917172270086776,0.007829557172954082,0.005365395452827215,0.006252995692193508,0.013471494428813457,0.006228344514966011,47.001649379730225,0.09399338388442993,0.03954787207730114,0.031828511506319046,0.010135409450391307,0.0018003080040216446,0.1003531813621521,nan,nan,nan,nan
PSO_topology,aggressive_sine,7,4.215749263763428,0.03330828249454498,0.008431498892605305,3.9504580287328763,0.00472455145791173,0.003363444237038493,0.005019995849579573,0.0005826055421493948,0.009932159446179867,47.582186698913574,0.09515469980239868,0.037687639766931534,0.020397134125232697,0.01264940608611796,0.003331993240863085,0.09034395217895508,nan,nan,nan,nan
PSO_topology,aggressive_sine,8,4.158659934997559,0.04351924732327461,0.008317320607602596,5.232363807581863,0.005278422497212887,0.004171110223978758,0.006554680876433849,0.008514012210071087,0.0018738864455372095,46.838680028915405,0.09366664361953736,0.04741306507699192,0.030814461410045624,0.015480207381723449,0.004561481066048145,0.0999894067645073,nan,nan,nan,nan
PSO_topology,aggressive_sine,9,4.019176483154297,0.023877179250121117,0.00803835317492485,2.970406839625374,0.003473511664196849,0.002697594463825226,0.002459805691614747,0.004634543787688017,0.004102102946490049,47.44359040260315,0.09487703990936279,0.034294892068766056,0.020285282284021378,0.010857503740279936,0.0018248655833303928,0.06935423612594604,nan,nan,nan,nan
PSO_topology,aggressive_sine,10,4.279274940490723,0.03753094747662544,0.008558549918234348,4.385199342784015,0.0058097741566598415,0.010500289499759674,0.005172413773834705,0.0013922580983489752,0.0061741359531879425,47.33392953872681,0.09465724849700928,0.037748104331456124,0.02464880235493183,0.011660022418550216,0.0020821744110435247,0.07147875428199768,nan,nan,nan,nan
PSO_topology,aggressive_sine,11,4.269306182861328,0.026404831558465958,0.008538613095879555,3.092402860039183,0.007054474204778671,0.007141181733459234,0.006282805930823088,0.0034871003590524197,0.011306810192763805,47.27123427391052,0.09453161287307739,0.04264954975564033,0.029434848576784134,0.01335714829938952,0.003752307966351509,0.11747093498706818,nan,nan,nan,nan
PSO_topology,aggressive_sine,12,4.039515972137451,0.04780161753296852,0.00807903241366148,5.916750309373305,0.0051680393517017365,0.007123475894331932,0.007058450486510992,0.004860317334532738,0.001629912992939353,47.23335862159729,0.09445638561248779,0.03472197438199073,0.021839331835508347,0.010671557803160977,0.0006050321971997619,0.07504147291183472,nan,nan,nan,nan
PSO_topology,aggressive_sine,13,3.926508903503418,0.030155381187796593,0.007853018119931221,3.839973463356876,0.0033931811340153217,0.00025598600041121244,0.010015876963734627,0.0011917033698409796,0.0021091587841510773,46.86257600784302,0.09371397972106933,0.03457310687601566,0.023272573947906494,0.01056206608498469,0.002089408226311207,0.25891828536987305,nan,nan,nan,nan
PSO_topology,aggressive_sine,14,4.534415245056152,0.04182986542582512,0.009068830870091915,4.612487102805696,0.007489911746233702,0.00277510704472661,0.005043876823037863,0.0017092011403292418,0.020431462675333023,46.94774508476257,0.0938854022026062,0.02847943380791694,0.0014652799582108855,0.011673603150085546,0.0010198232484981418,0.08657608926296234,nan,nan,nan,nan
PSO_topology,aggressive_sine,15,4.093459606170654,0.03928017616271973,0.00818691961467266,4.797918876877879,0.006653692573308945,0.006329953670501709,0.012033904902637005,0.002461858093738556,0.0057890526950359344,47.33333873748779,0.09465665674209595,0.03738735200688243,0.027847984805703163,0.009978394964890322,0.0008032752084545791,0.09090302884578705,nan,nan,nan,nan
PSO_topology,aggressive_sine,16,4.059598922729492,0.04903044179081917,0.008119198493659496,6.038827826306793,0.004640117287635803,0.003057772759348154,0.004951068200170994,0.0028517672326415777,0.007699859794229269,46.665820360183716,0.09332139158248902,0.04173571937736124,0.031150836497545242,0.011225558937666937,0.0009015228133648634,0.0868024006485939,nan,nan,nan,nan
PSO_topology,aggressive_sine,17,4.142799377441406,0.03920245170593262,0.008285598829388618,4.731396307395841,0.004560986068099737,0.0034746071323752403,0.005196412093937397,0.004263973794877529,0.005308951251208782,46.304139852523804,0.09259812450408936,0.0499974066875875,0.03516454994678497,0.015250180101557634,0.003365756943821907,0.18894799053668976,nan,nan,nan,nan
PSO_topology,aggressive_sine,18,4.540258407592773,0.03900307044386864,0.00908051710575819,4.295247725389536,0.007362166419625282,0.006523968186229467,0.004841409157961607,0.0008360808715224266,0.017247207462787628,46.08978891372681,0.09216977453231812,0.045183630365505816,0.03132479265332222,0.01404630398398731,0.002671128837391734,0.08558822423219681,nan,nan,nan,nan
PSO_topology,aggressive_sine,19,4.3415446281433105,0.038089677691459656,0.008683091029524803,4.386649588486945,0.007582705467939377,0.015060760080814362,0.004551480524241924,0.004449028056114912,0.006269555538892746,46.67708683013916,0.09334465456008911,0.04816194876842201,0.038943834602832794,0.013146574100782163,0.0037093160208314657,0.09191468358039856,nan,nan,nan,nan
PSO_topology,random_smooth,0,4.753595352172852,0.02123754657804966,0.009507191367447376,2.2338402328543654,0.005821310915052891,0.006390237715095282,0.004262165632098913,0.0023436755873262882,0.010289164260029793,46.276599407196045,0.09254344844818116,0.0606065491233021,0.04964250326156616,0.025404992275964468,0.012395881116390228,0.08979164063930511,nan,nan,nan,nan
PSO_topology,random_smooth,1,4.13284969329834,0.05382566526532173,0.008265700191259384,6.511930510404916,0.002471688436344266,0.0035824186634272337,0.0024304327089339495,0.0013167503057047725,0.0025571519508957863,46.23846125602722,0.09246728515625,0.0407726532522589,0.028845734894275665,0.015168577987840399,0.006569782271981239,0.06986995041370392,nan,nan,nan,nan
PSO_topology,random_smooth,2,4.323237419128418,0.036689333617687225,0.008646475151181221,4.24327057860971,0.005379542708396912,0.010139347985386848,0.004169220104813576,0.003653446212410927,0.0035561572294682264,46.10727524757385,0.09220517921447755,0.038097665090672674,0.02957865595817566,0.01396442320086062,0.0038674576207995415,0.10603636503219604,nan,nan,nan,nan
PSO_topology,random_smooth,3,4.551252365112305,0.025881128385663033,0.009102504700422287,2.843297448059801,0.006486011669039726,0.00896163284778595,0.0066763958893716335,0.004875850398093462,0.005430168472230434,45.784985303878784,0.091560076713562,0.0475934359446168,0.04031779617071152,0.015131890839757398,0.0059023043140769005,0.07117652893066406,nan,nan,nan,nan
PSO_topology,random_smooth,4,4.504214286804199,0.03023866005241871,0.009008429013192654,3.356707369080095,0.00886172242462635,0.01127416081726551,0.01475546509027481,0.0005615547997877002,0.008855706080794334,45.82386112213135,0.0916367621421814,0.059127461802214384,0.04599801450967789,0.02241908109942451,0.010403696447610855,0.11718728393316269,nan,nan,nan,nan
PSO_topology,random_smooth,5,4.284524440765381,0.03166684880852699,0.008569049648940563,3.695491344532253,0.00367434648796916,0.002722563222050667,0.0073679666966199875,0.0011084707221016288,0.003498384263366461,49.23845887184143,0.09846536731719971,0.02943165856860578,0.015830572694540024,0.011657235885248519,0.0029051941819489002,0.0634462982416153,nan,nan,nan,nan
PSO_topology,random_smooth,6,4.299181938171387,0.036948174238204956,0.00859836395829916,4.297116802382213,0.007858235388994217,0.014023536816239357,0.013706102967262268,0.002065144944936037,0.0016381579916924238,49.02373027801514,0.09803646516799927,0.0744513062659651,0.05615264177322388,0.030307394172810018,0.009554099291563034,0.2651755213737488,nan,nan,nan,nan
PSO_topology,random_smooth,7,4.23534631729126,0.03273564204573631,0.008470692671835423,3.864576760597216,0.007598851807415485,0.017171088606119156,0.009611675515770912,0.0008593451930209994,0.0027532975655049086,51.174410581588745,0.1023385362625122,0.058137084483355285,0.04673738777637482,0.02213172812089324,0.010233629494905472,0.14540433883666992,nan,nan,nan,nan
PSO_topology,random_smooth,8,4.349246978759766,0.0418514683842659,0.008698494173586369,4.811346372036557,0.005790544208139181,0.01027608197182417,0.006925712339580059,0.0036075995303690434,0.0023527839221060276,48.56122922897339,0.09711229658126831,0.05282807906717062,0.043422676622867584,0.018626374373212455,0.00923116970807314,0.07459957152605057,nan,nan,nan,nan
PSO_topology,random_smooth,9,4.256155967712402,0.01791973225772381,0.008512312546372414,2.1051544054688685,0.0034011448733508587,0.004576559644192457,0.0046579353511333466,0.001030014012940228,0.003340070601552725,48.092535734176636,0.09617467308044433,0.04089365427419543,0.028667690232396126,0.014790127092041075,0.005187304690480232,0.10167454928159714,nan,nan,nan,nan
PSO_topology,random_smooth,10,4.466420650482178,0.02503741718828678,0.008932841941714287,2.802850128957044,0.006295776925981045,0.0046657840721309185,0.01213386096060276,0.003011804772540927,0.005371659062802792,47.00651836395264,0.09400246810913086,0.055307048780843616,0.046384476125240326,0.019607007024856283,0.007772679906338453,0.13668391108512878,nan,nan,nan,nan
PSO_topology,random_smooth,11,4.180912971496582,0.032953545451164246,0.00836182665079832,3.9409505634774313,0.004031452815979719,0.005143537651747465,0.005683702416718006,0.0011760888155549765,0.004122482147067785,45.266855239868164,0.09052523183822632,0.04979710532911122,0.0390983521938324,0.017260838268278168,0.007182968780398369,0.09736032783985138,nan,nan,nan,nan
PSO_topology,random_smooth,12,4.249377250671387,0.03470304235816002,0.008498755283653736,4.083308814045612,0.003908184822648764,0.003792924340814352,0.0035315193235874176,0.0016800544690340757,0.006628240458667278,46.43520927429199,0.09286091232299805,0.04656076360791921,0.034207943826913834,0.01426702205943875,0.0051781050860881805,0.08139756321907043,nan,nan,nan,nan
PSO_topology,random_smooth,13,4.380332946777344,0.05225708335638046,0.008760666474699974,5.964966650344956,0.004464995581656694,0.006562139373272657,0.005779222585260868,0.0035893279127776623,0.00192929245531559,47.13403511047363,0.09425774431228638,0.04582358062528074,0.035948678851127625,0.014639725162880495,0.005182069726288319,0.13048405945301056,nan,nan,nan,nan
PSO_topology,random_smooth,14,4.1031670570373535,0.05812936648726463,0.00820633489638567,7.0834748058925365,0.003797059878706932,0.0028149716090410948,0.008130913600325584,0.002168976468965411,0.002073378534987569,46.42877554893494,0.09284766292572022,0.044180598716065285,0.03298613801598549,0.017985613908711822,0.006305293180048466,0.08972176164388657,nan,nan,nan,nan
PSO_topology,random_smooth,15,4.0895466804504395,0.06590894609689713,0.008179092779755592,8.05822208791066,0.003956806845963001,0.00514627480879426,0.007061637006700039,0.0011851906310766935,0.002434126101434231,45.93019652366638,0.09185111856460572,0.03853032960128039,0.028321778401732445,0.013757810763129964,0.005246604327112436,0.0736580491065979,nan,nan,nan,nan
PSO_topology,random_smooth,16,4.30068302154541,0.02406804822385311,0.008601367473602295,2.7981653263528448,0.004214346408843994,0.005582060664892197,0.003988068550825119,0.0028564396779984236,0.004430817440152168,45.11911964416504,0.09022999715805054,0.03881534878294915,0.028572464361786842,0.013385356958396733,0.004489635117352009,0.1000177264213562,nan,nan,nan,nan
PSO_topology,random_smooth,17,4.2339582443237305,0.04496113210916519,0.008467917330563068,5.309585622297937,0.004948802758008242,0.009843168780207634,0.003009397303685546,0.0009067580103874207,0.006035887636244297,45.196415185928345,0.09038439178466796,0.039339771800301966,0.02841951698064804,0.013389961379719898,0.005340601317584515,0.1172747015953064,nan,nan,nan,nan
PSO_topology,random_smooth,18,4.198773384094238,0.025870779529213905,0.008397547528147697,3.080754165724906,0.003841191530227661,0.006445061415433884,0.004532583989202976,0.0006468028295785189,0.0037403181195259094,45.13358545303345,0.09025886726379395,0.044358107508346435,0.0270933136343956,0.01680515377493575,0.004952555522322655,0.09266704320907593,nan,nan,nan,nan
PSO_topology,random_smooth,19,4.4283599853515625,0.06320739537477493,0.00885672029107809,7.136659316027803,0.0042951758950948715,0.006396199576556683,0.004342328291386366,0.003742374014109373,0.0026998016983270645,45.08722949028015,0.0901658706665039,0.05674366753436625,0.046751875430345535,0.021966728033218533,0.010133858770132065,0.15603050589561462,nan,nan,nan,nan
GA,smooth_sine,0,0.002423371421173215,0.05118713900446892,0.023111462593078613,2.2147944466222733,0.007533947937190533,0.009490028023719788,0.004730379208922386,0.0033995904959738255,0.01251579262316227,36.99024772644043,0.0739729790687561,0.005988639867026359,0.004446115344762802,0.008665607293555514,0.006769592873752117,0.09021595120429993,nan,nan,nan,nan
GA,smooth_sine,1,0.002261146903038025,0.03732819855213165,0.029459167271852493,1.2671165551851096,0.0062979417853057384,0.007595115341246128,0.0038012987934052944,0.003703710390254855,0.01009164284914732,36.67612409591675,0.0733443865776062,0.005983072957955301,0.004232144448906183,0.008659161349060014,0.00647099781781435,0.08715824037790298,nan,nan,nan,nan
GA,smooth_sine,2,0.0026314950082451105,0.03356630727648735,0.021018637344241142,1.5969782782176467,0.005512833595275879,0.0028145243413746357,0.006526872515678406,0.0043286895379424095,0.008381249383091927,36.796547412872314,0.07358537530899048,0.005964835636969656,0.004173013381659985,0.00864353701621294,0.006676632910966873,0.08630013465881348,nan,nan,nan,nan
GA,smooth_sine,3,0.0022532145958393812,0.029694439843297005,0.027913479134440422,1.0638028925122123,0.005258738994598389,0.008287956938147545,0.0027536842972040176,0.0024793576449155807,0.007513958029448986,36.54812550544739,0.07308831882476807,0.005971946084173396,0.0044714477844536304,0.00864577976972796,0.006571967154741287,0.08843214064836502,nan,nan,nan,nan
GA,smooth_sine,4,0.005974310450255871,0.054882243275642395,0.02219453640282154,2.472781691834092,0.005538451950997114,0.006825083401054144,0.004644687287509441,0.0034708967432379723,0.007213139906525612,36.63721704483032,0.07326644277572632,0.00599363422812894,0.004502267576754093,0.00867459690826945,0.006691127084195614,0.09157946705818176,nan,nan,nan,nan
GA,smooth_sine,5,0.0026845645625144243,0.057910218834877014,0.029864953830838203,1.9390694244127575,0.006548750679939985,0.008900216780602932,0.004903394263237715,0.005561959929764271,0.0068294331431388855,36.44171476364136,0.07287565660476684,0.005993376356782392,0.004311847034841776,0.008674786753673107,0.006797853857278824,0.09349790960550308,nan,nan,nan,nan
GA,smooth_sine,6,0.0027554049156606197,0.033740997314453125,0.03580756485462189,0.9422868450128069,0.007465079426765442,0.008100112900137901,0.006327039562165737,0.005888473242521286,0.009544692002236843,36.45407438278198,0.07290006494522094,0.005929694979870692,0.004130085930228233,0.008582443707436323,0.006539671681821346,0.0862998217344284,nan,nan,nan,nan
GA,smooth_sine,7,0.0017685743514448404,0.0335254929959774,0.032477252185344696,1.0322761545419696,0.00915494840592146,0.010125200264155865,0.004294868092983961,0.005236323922872543,0.016963403671979904,36.59440779685974,0.07318091583251952,0.005980919250287115,0.004460006952285767,0.008655683893710376,0.006704852916300297,0.09351702034473419,nan,nan,nan,nan
GA,smooth_sine,8,0.0026974466163665056,0.04183711111545563,0.037776507437229156,1.1074901824890435,0.009062323719263077,0.011091555468738079,0.00527325039729476,0.0058071850799024105,0.014077305793762207,36.59859848022461,0.07318901872634888,0.005983918578131124,0.004402437247335911,0.00866319845779799,0.006761008407920599,0.09243758767843246,nan,nan,nan,nan
GA,smooth_sine,9,0.00210169842466712,0.023728376254439354,0.01960640214383602,1.2102361300336393,0.003985932096838951,0.0055176867172122,0.001582617755047977,0.0031001127790659666,0.0057433112524449825,36.47545146942139,0.07294299173355102,0.005963675379287451,0.004486856982111931,0.008643169645452873,0.006477979943156242,0.08622431755065918,nan,nan,nan,nan
GA,smooth_sine,10,0.0018595618894323707,0.03513853996992111,0.023600386455655098,1.4888968041242077,0.006502038799226284,0.008496097289025784,0.005949872545897961,0.0040269275195896626,0.007535256445407867,36.57453274726868,0.07314110040664673,0.005969002012396231,0.004382055252790451,0.008646387753868475,0.006762330885976553,0.0915442407131195,nan,nan,nan,nan
GA,smooth_sine,11,0.0018126226495951414,0.026501771062612534,0.029248040169477463,0.9061041666056358,0.00701290275901556,0.009846039116382599,0.005509992595762014,0.003701257286593318,0.008994322270154953,36.5163300037384,0.07302448225021363,0.0059831687554251405,0.004438051953911781,0.008660834431555122,0.006641589570790529,0.08492463082075119,nan,nan,nan,nan
GA,smooth_sine,12,0.002271429169923067,0.04366666451096535,0.02828768454492092,1.5436634427120595,0.007652734871953726,0.011434165760874748,0.005247767083346844,0.003415449056774378,0.010513557121157646,36.593220710754395,0.07317843437194824,0.005993174349842593,0.004399487748742104,0.008674150163820013,0.006599833257496357,0.0937991738319397,nan,nan,nan,nan
GA,smooth_sine,13,0.002224395517259836,0.0277560967952013,0.03415461629629135,0.8126601849195763,0.004535097628831863,0.00647901464253664,0.003991666249930859,0.002022863831371069,0.0056468467228114605,36.679970264434814,0.0733518214225769,0.005990516596101224,0.004624347668141127,0.008673950917227193,0.00672236317768693,0.0860014259815216,nan,nan,nan,nan
GA,smooth_sine,14,0.0013894671574234962,0.04162133112549782,0.02543480694293976,1.636392649602994,0.006544231902807951,0.006523919757455587,0.0029425963293761015,0.0035254654940217733,0.013184945099055767,36.85676455497742,0.07370539855957031,0.00597327784569934,0.004365663509815931,0.008651146795041859,0.006617262028157711,0.09155867248773575,nan,nan,nan,nan
GA,smooth_sine,15,0.0019144332036376,0.04376599192619324,0.02349632792174816,1.8626736940321431,0.0066126808524131775,0.00657951645553112,0.003221584251150489,0.006364596541970968,0.0102850291877985,36.688772439956665,0.07336964464187622,0.005979950033314526,0.004417362157255411,0.008656710808956995,0.006766492035239935,0.08810176700353622,nan,nan,nan,nan
GA,smooth_sine,16,0.001832502195611596,0.04638778418302536,0.024167940020561218,1.9193933841097046,0.006343737244606018,0.010970759205520153,0.0045283883810043335,0.00476380530744791,0.005111996084451675,36.42323708534241,0.07283814144134522,0.005967832311382517,0.004418590571731329,0.00864477331088856,0.006547131575644016,0.08610045909881592,nan,nan,nan,nan
GA,smooth_sine,17,0.0012109626550227404,0.03555324673652649,0.016950519755482674,2.0974723636439956,0.00833764299750328,0.007302857935428619,0.005048835650086403,0.003713437356054783,0.017285440117120743,36.466383934020996,0.0729246129989624,0.005995344663690776,0.004410124383866787,0.008678669991716742,0.006370972376316786,0.08493533730506897,nan,nan,nan,nan
GA,smooth_sine,18,0.0020822640508413315,0.03598078340291977,0.035887330770492554,1.0026040563736787,0.009533200412988663,0.013870607130229473,0.004175184294581413,0.007160121574997902,0.012926885858178139,36.64809036254883,0.07328813600540161,0.005961793631082401,0.004350570961833,0.008627377764508129,0.006447664927691221,0.08624497056007385,nan,nan,nan,nan
GA,smooth_sine,19,0.001827153842896223,0.033149391412734985,0.034716829657554626,0.9548507666085646,0.008003510534763336,0.015188249759376049,0.004811939783394337,0.005863260477781296,0.006150591187179089,36.43923282623291,0.07287032222747802,0.005978985316492617,0.004446184262633324,0.008653304854501038,0.0066477763466537,0.09116174280643463,nan,nan,nan,nan
GA,multi_frequency,0,0.0025893370620906353,0.05109918490052223,0.02558935433626175,1.996892310335139,0.00795696210116148,0.01080070249736309,0.004129805602133274,0.005781325977295637,0.01111601572483778,36.459341287612915,0.0729107894897461,0.0059882978337351235,0.004559651017189026,0.008674327661888673,0.006812178995460272,0.0907863974571228,nan,nan,nan,nan
GA,multi_frequency,1,0.0022397928405553102,0.03797793760895729,0.022431138902902603,1.693090028703042,0.005836068652570248,0.0074254549108445644,0.0034544309601187706,0.0035713070537894964,0.008893080055713654,36.53950214385986,0.07307100248336793,0.005998473080620169,0.004400948993861675,0.00868264357210137,0.006731978617608547,0.08683863282203674,nan,nan,nan,nan
GA,multi_frequency,2,0.0009705335833132267,0.03333106264472008,0.037825994193553925,0.8811681848774818,0.00930867251008749,0.007652956061065197,0.0067082061432302,0.006049656309187412,0.016823872923851013,36.71392273902893,0.07341965246200562,0.005992712904466316,0.004375930409878492,0.008679725188342854,0.006823962554335594,0.08610577881336212,nan,nan,nan,nan
GA,multi_frequency,3,0.0027056869585067034,0.02830386720597744,0.03406476974487305,0.8308838550196671,0.005778079852461815,0.009184451773762703,0.0032831523567438126,0.0030803510453552008,0.0075643640011549,37.08136963844299,0.07415425682067871,0.005977712964592502,0.004401763901114464,0.008656556840194389,0.006622697226703167,0.08747987449169159,nan,nan,nan,nan
GA,multi_frequency,4,0.005753158591687679,0.055171385407447815,0.028029847890138626,1.9683084126495756,0.006417447235435247,0.007794800214469433,0.00474165566265583,0.003828455228358507,0.009304877370595932,36.95230746269226,0.07389622879028321,0.005988754132436588,0.004582705441862345,0.008672031641704962,0.0069347163662314415,0.09088975191116333,nan,nan,nan,nan
GA,multi_frequency,5,0.0035004490055143833,0.05829494446516037,0.03189940005540848,1.8274620953341905,0.0064604198560118675,0.010856732726097107,0.0041436562314629555,0.0034245119895786047,0.007416778709739447,36.982905626297,0.07395749616622925,0.005999705327628181,0.00435015931725502,0.008687093133339659,0.0068547772243618965,0.09399518370628357,nan,nan,nan,nan
GA,multi_frequency,6,0.0022403900511562824,0.03410196676850319,0.03814223036170006,0.8940737456912368,0.007321925368160009,0.008653093129396439,0.005554402247071266,0.00406926404684782,0.011010940186679363,37.237343072891235,0.07446636343002319,0.0059798288294114176,0.004485044162720442,0.008657553551578894,0.00682024285197258,0.08670598268508911,nan,nan,nan,nan
GA,multi_frequency,7,0.00290581863373518,0.03207334876060486,0.03402876481413841,0.9425363787309403,0.00819287821650505,0.007457443978637457,0.004078675527125597,0.005578633397817612,0.015656761825084686,37.571651458740234,0.07513503170013427,0.00598520097923465,0.0045083253644406796,0.008660867548407987,0.006644248031079769,0.09396198391914368,nan,nan,nan,nan
GA,multi_frequency,8,0.0018306392012163997,0.041280340403318405,0.056305043399333954,0.7331552896699609,0.009760238230228424,0.011320879682898521,0.0063592009246349335,0.005072320345789194,0.016288552433252335,37.056121826171875,0.07410429000854492,0.005997748527349904,0.004324772860854864,0.008681837403494866,0.006769727915525436,0.0920230895280838,nan,nan,nan,nan
GA,multi_frequency,9,0.0025972190778702497,0.02429182641208172,0.02028169296681881,1.1977218298207923,0.003890996566042304,0.004369523376226425,0.0016038836911320686,0.003928691148757935,0.005661888048052788,37.133790731430054,0.07425931835174561,0.00598225948442705,0.004620053339749575,0.008667118501663207,0.006866711191833019,0.0856887698173523,nan,nan,nan,nan
GA,multi_frequency,10,0.002034320030361414,0.03276646509766579,0.021429119631648064,1.529062586839728,0.006236163433641195,0.009203527122735977,0.004542559385299683,0.0038945572450757027,0.007304010447114706,37.689542293548584,0.07537027835845947,0.005990995527757332,0.0044277124106884,0.008676646105386317,0.006638382561504841,0.09140443801879883,nan,nan,nan,nan
GA,multi_frequency,11,0.0018434092635288835,0.026601407676935196,0.027338864281773567,0.9730253386813137,0.006370930932462215,0.008618773892521858,0.004963166080415249,0.003569419961422682,0.008332363329827785,37.471245765686035,0.07493421363830566,0.005990669581014663,0.004526121541857719,0.008671165907103569,0.006681780330836773,0.08457630127668381,nan,nan,nan,nan
GA,multi_frequency,12,0.0017913964111357927,0.04295014590024948,0.024684013798832893,1.7399984560971298,0.006153281778097153,0.00952865183353424,0.00392976775765419,0.004027682822197676,0.007127024233341217,37.4679741859436,0.07492769765853882,0.006008659859281033,0.004380261525511742,0.00869413452972658,0.00648661982268095,0.09387604892253876,nan,nan,nan,nan
GA,multi_frequency,13,0.002743172226473689,0.02698768489062786,0.033682115375995636,0.801246732557103,0.004005798138678074,0.005843339022248983,0.0031357700936496258,0.001700699096545577,0.005343382712453604,37.76809334754944,0.07552820825576782,0.005993124464340508,0.004496486857533455,0.008679608583217487,0.006790122017264366,0.0885491743683815,nan,nan,nan,nan
GA,multi_frequency,14,0.0011833605822175741,0.04093090817332268,0.03458038717508316,1.1836451675941724,0.006914970930665731,0.008021693676710129,0.0031413063406944275,0.003515745047479868,0.012981139123439789,36.88848948478699,0.07376912021636962,0.005974475582549348,0.004324755165725946,0.00865843788809143,0.006520964205265045,0.0931900218129158,nan,nan,nan,nan
GA,multi_frequency,15,0.003198309103026986,0.04511197656393051,0.05310642346739769,0.8494636546485754,0.010686403140425682,0.018847348168492317,0.007260274142026901,0.008544579148292542,0.008093412965536118,36.86681580543518,0.07372544717788697,0.006000190495327115,0.004351038485765457,0.008683783672656865,0.006926015485078096,0.08901530504226685,nan,nan,nan,nan
GA,multi_frequency,16,0.0024744446855038404,0.047051865607500076,0.023248538374900818,2.0238633865386304,0.0060462369583547115,0.011237501166760921,0.0027889690827578306,0.0031487932428717613,0.007009685039520264,36.46718144416809,0.07292638683319091,0.0059867007972672585,0.004483173135668039,0.00866781437806785,0.0066225603222846985,0.0855783224105835,nan,nan,nan,nan
GA,multi_frequency,17,0.0013135992921888828,0.0368848480284214,0.015465948730707169,2.3849069119948436,0.00590997701510787,0.007855206727981567,0.0027865960728377104,0.003841050434857607,0.009157054126262665,36.562373638153076,0.07311642837524414,0.005994937304733321,0.004402864724397659,0.008679742841329425,0.006663153413683176,0.0825732946395874,nan,nan,nan,nan
GA,multi_frequency,18,0.001420418033376336,0.03715959191322327,0.03611947223544121,1.0287966466121692,0.009723343886435032,0.013720400631427765,0.00449933297932148,0.007392498664557934,0.013281143270432949,36.62499213218689,0.0732417721748352,0.005914755138056353,0.004328087903559208,0.00856420777295716,0.006455219350755215,0.08830396831035614,nan,nan,nan,nan
GA,multi_frequency,19,0.0021987573709338903,0.03247109800577164,0.02388683520257473,1.359372128220302,0.008338120765984058,0.015822580084204674,0.003965221345424652,0.007276373915374279,0.006288306787610054,36.717164516448975,0.07342592096328736,0.005993441758025438,0.0045872824266552925,0.008676634429721162,0.006798664107918739,0.09139426052570343,nan,nan,nan,nan
GA,slow_sine,0,0.001485356013290584,0.052525844424963,0.0150133166462183,3.498616972032873,0.009269138798117638,0.012944980524480343,0.005898686125874519,0.004227112978696823,0.014005772769451141,36.77399253845215,0.0735397686958313,0.006019773697014898,0.004599888809025288,0.008716291748685762,0.006752113811671734,0.09133508801460266,nan,nan,nan,nan
GA,slow_sine,1,0.001803714083507657,0.03781970217823982,0.021847642958164215,1.731065554790524,0.006102792918682098,0.00712217204272747,0.0037440757732838392,0.004387779161334038,0.009157145395874977,36.76176071166992,0.07351456880569458,0.006053536928258836,0.004435206763446331,0.008755987054109573,0.006651094648987055,0.08765971660614014,nan,nan,nan,nan
GA,slow_sine,2,0.0014584616292268038,0.03470998629927635,0.011366816237568855,3.0536243019883775,0.006101017817854881,0.00447890255600214,0.007048110943287611,0.004143227357417345,0.008733831346035004,36.6807177066803,0.073353364944458,0.0060175430758390575,0.004289747215807438,0.008719690102804453,0.006692272145301104,0.08679249882698059,nan,nan,nan,nan
GA,slow_sine,3,0.0026900661177933216,0.023702356964349747,0.016760868951678276,1.4141484569018372,0.005636123940348625,0.0078111616894602776,0.0036397918593138456,0.002071388764306903,0.009022155776619911,36.607951164245605,0.07320749473571778,0.006039050185028464,0.00445932149887085,0.008739954562392085,0.0068234470672905445,0.09022989124059677,nan,nan,nan,nan
GA,slow_sine,4,0.002241365844383836,0.06591521948575974,0.022545354440808296,2.9236719102738817,0.00986330397427082,0.010641882196068764,0.006688049994409084,0.010058890096843243,0.012064395472407341,36.87527942657471,0.07374261379241943,0.006028642874723301,0.004160522483289242,0.008720554750273004,0.0067801824770867825,0.09132567048072815,nan,nan,nan,nan
GA,slow_sine,5,0.0033730813302099705,0.05345597118139267,0.016656747087836266,3.209268346304505,0.007697100751101971,0.009328586980700493,0.00598925119265914,0.007025491446256638,0.008445072919130325,37.02104330062866,0.0740339469909668,0.005967105432739482,0.0042459070682525635,0.00863759541939944,0.006675818935036659,0.0930614173412323,nan,nan,nan,nan
GA,slow_sine,6,0.0016561505617573857,0.03374284505844116,0.01495934184640646,2.255637006286268,0.007534317672252655,0.005500887520611286,0.004751596599817276,0.005861019250005484,0.014023768715560436,36.98454999923706,0.07396096277236938,0.0060412178733851764,0.00448561878874898,0.008743832744006067,0.006966057233512402,0.08546508848667145,nan,nan,nan,nan
GA,slow_sine,7,0.0021215081214904785,0.030583644285798073,0.011846023611724377,2.581764589387488,0.007717601023614407,0.007221476640552282,0.003540960606187582,0.004983953665941954,0.015124013647437096,36.79866147041321,0.07358846998214721,0.006037901047663764,0.004448651801794767,0.008736263329070062,0.006630615331232548,0.09098836779594421,nan,nan,nan,nan
GA,slow_sine,8,0.0021911722142249346,0.028425389900803566,0.015980245545506477,1.778783049350363,0.006377826910465956,0.0068043614737689495,0.0021923508029431105,0.00575245451182127,0.010762140154838562,37.57758045196533,0.07514704036712647,0.006041496872110292,0.004390114918351173,0.00874570277784951,0.006703467108309269,0.09306054562330246,nan,nan,nan,nan
GA,slow_sine,9,0.0022657562512904406,0.025104306638240814,0.012267239391803741,2.046451188929602,0.0041978019289672375,0.0033579166047275066,0.003068966791033745,0.004521731287240982,0.005842593498528004,36.688387870788574,0.07336787462234497,0.006017019811226055,0.004285185597836971,0.008716642704047263,0.006884629372507334,0.08853588998317719,nan,nan,nan,nan
GA,slow_sine,10,0.0018547018989920616,0.03616736829280853,0.01594780571758747,2.267858596554298,0.008378583006560802,0.009751345030963421,0.008478105068206787,0.005871025379747152,0.009413857012987137,36.60314702987671,0.07319755220413209,0.006014732414018363,0.0043275258503854275,0.008701856763241813,0.006346333306282759,0.09209532290697098,nan,nan,nan,nan
GA,slow_sine,11,0.0025768079794943333,0.02802504226565361,0.015261183492839336,1.836361005606359,0.00667542964220047,0.009845813736319542,0.004768977873027325,0.0032835619058459997,0.008803363889455795,36.583213806152344,0.07315758466720582,0.006044645207375288,0.004575514234602451,0.008744484899099916,0.006706377491354942,0.08423911780118942,nan,nan,nan,nan
GA,slow_sine,12,0.0033621562179178,0.04607975110411644,0.0171193890273571,2.6916703061353497,0.006908429320901632,0.014259818010032177,0.00439981697127223,0.0030870428308844566,0.005887040868401527,36.72285079956055,0.07343732357025147,0.00604475433700718,0.004335280507802963,0.008748407607339323,0.006724953651428223,0.0917205661535263,nan,nan,nan,nan
GA,slow_sine,13,0.0028940411284565926,0.021943766623735428,0.013475277461111546,1.6284463668420328,0.0056442986242473125,0.008713935501873493,0.0046931481920182705,0.004001071210950613,0.0051690395921468735,36.87317156791687,0.07373754835128785,0.006039038757188245,0.004543496295809746,0.008741896281158552,0.00666945893317461,0.08883275836706161,nan,nan,nan,nan
GA,slow_sine,14,0.0023281127214431763,0.0438789427280426,0.01826442778110504,2.402426358707846,0.005257243290543556,0.005130422301590443,0.002485051052644849,0.0028931237757205963,0.01052037626504898,36.48744058609009,0.07296629095077514,0.006014695209311321,0.004356738179922104,0.0087152843631804,0.00687689334154129,0.09206277132034302,nan,nan,nan,nan
GA,slow_sine,15,0.0035609963815659285,0.04289836063981056,0.013193836435675621,3.2513940012030966,0.006638528313487768,0.006957764737308025,0.0035099152009934187,0.006171827670186758,0.00991460494697094,36.378867626190186,0.07274955606460572,0.006034460151847452,0.004350460600107908,0.008732699037250132,0.006836133077740669,0.08711987733840942,nan,nan,nan,nan
GA,slow_sine,16,0.0023593162186443806,0.049707479774951935,0.01547521073371172,3.2120712687076685,0.006028501316905022,0.009956137277185917,0.0047664218582212925,0.004456798080354929,0.0049346499145030975,36.39253854751587,0.07277682638168335,0.0060326750112231825,0.004572968930006027,0.0087337577377446,0.006956237368285656,0.0860840380191803,nan,nan,nan,nan
GA,slow_sine,17,0.0011766948737204075,0.03192812576889992,0.014735838398337364,2.1666989624765667,0.008587333373725414,0.0074342889711260796,0.005714491009712219,0.0029955364298075438,0.01820501685142517,36.56507086753845,0.07312148332595825,0.006042407887754962,0.004297799430787563,0.008743216659408063,0.006489899009466171,0.08569657802581787,nan,nan,nan,nan
GA,slow_sine,18,0.003118057269603014,0.05033985897898674,0.00990904401987791,5.080193293924531,0.006894618272781372,0.008993128314614296,0.0063870674930512905,0.006131348200142384,0.0060669295489788055,37.66686224937439,0.07532500648498536,0.006004207631619647,0.004261970520019531,0.008692295553535224,0.00648609921336174,0.08678565174341202,nan,nan,nan,nan
GA,slow_sine,19,0.002148549072444439,0.0405489057302475,0.02688240259885788,1.5083810154666104,0.009907283820211887,0.01360032893717289,0.009605517610907555,0.0033492441289126873,0.01307404413819313,36.501795530319214,0.0729956636428833,0.005945662844134495,0.0045311772264540195,0.008601266560144722,0.0066063497215509415,0.0885450690984726,nan,nan,nan,nan
GA,aggressive_sine,0,0.0019718550611287355,0.05275551229715347,0.03149833530187607,1.6748666807801524,0.00720490887761116,0.010007685050368309,0.0035565635189414024,0.0052254959009587765,0.010029892437160015,36.577022552490234,0.07314616203308105,0.005901318097114563,0.004416502080857754,0.00854891814403236,0.0065717389807105064,0.09460219740867615,nan,nan,nan,nan
GA,aggressive_sine,1,0.0011684750206768513,0.038162555545568466,0.03654870763421059,1.0441560869267856,0.008598004467785358,0.009023590013384819,0.007062892429530621,0.007615010719746351,0.01069052517414093,36.596301794052124,0.07318414974212646,0.005824580432008952,0.004209587350487709,0.008435655119782315,0.006511799059808254,0.08645422756671906,nan,nan,nan,nan
GA,aggressive_sine,2,0.0017584164161235094,0.03562626987695694,0.04665297269821167,0.7636441541981865,0.008095139637589455,0.007066709455102682,0.007289310451596975,0.0045186057686805725,0.01350593101233244,36.56026029586792,0.07311240863800049,0.005909158265544102,0.004377612844109535,0.00855992968911305,0.006611236371099949,0.08734432607889175,nan,nan,nan,nan
GA,aggressive_sine,3,0.0020341076888144016,0.028800802305340767,0.033864427357912064,0.8504736253457351,0.0063933394849300385,0.010249744169414043,0.005388389341533184,0.0030807710718363523,0.006854454055428505,36.55681133270264,0.07310542106628418,0.005901786368247121,0.004463722929358482,0.008546757003013045,0.0064004031009972095,0.08995208889245987,nan,nan,nan,nan
GA,aggressive_sine,4,0.0029464331455528736,0.05285540968179703,0.05860358849167824,0.9019142179203333,0.008687933906912804,0.01186441071331501,0.00450991140678525,0.0067060175351798534,0.011671396903693676,36.46669554710388,0.07292472600936889,0.005908105513453483,0.0045781671069562435,0.008550279019447044,0.00662264134734869,0.09318727254867554,nan,nan,nan,nan
GA,aggressive_sine,5,0.001963420305401087,0.05593672767281532,0.05176733434200287,1.080541008800399,0.007364464923739433,0.008871594443917274,0.005394305102527142,0.005697369109839201,0.009494591504335403,36.46566653251648,0.07292325210571289,0.005905868528271094,0.004287830553948879,0.008556646972568705,0.0066805025562644005,0.0957355946302414,nan,nan,nan,nan
GA,aggressive_sine,6,0.002171955769881606,0.03418845683336258,0.03737230598926544,0.9148072597709821,0.00890627782791853,0.010863474570214748,0.005438193213194609,0.004633769392967224,0.014689672738313675,36.424153566360474,0.07283987283706665,0.005816103618079796,0.004327292554080486,0.0084261713384185,0.006724420003592968,0.09000439196825027,nan,nan,nan,nan
GA,aggressive_sine,7,0.0017889769515022635,0.03330828249454498,0.046378761529922485,0.7181796450742925,0.006248563528060913,0.00788076501339674,0.0039366306737065315,0.00448340829461813,0.008693450130522251,36.731783390045166,0.07345539426803589,0.0058961718340869995,0.004399277735501528,0.008541676517669112,0.0066724433563649654,0.09356220066547394,nan,nan,nan,nan
GA,aggressive_sine,8,0.001621381496079266,0.04351924732327461,0.06205875054001808,0.7012588385132179,0.010054030455648899,0.014338876120746136,0.006529808975756168,0.006882844027131796,0.012464593164622784,36.4441397190094,0.07287977218627929,0.005897945813927799,0.0043981680646538734,0.008546540983114392,0.006841747555881739,0.09186898171901703,nan,nan,nan,nan
GA,aggressive_sine,9,0.0014533221255987883,0.023877179250121117,0.039027824997901917,0.6117988704572884,0.007481706328690052,0.006320887710899115,0.004734996240586042,0.006109179463237524,0.012761762365698814,36.47160577774048,0.07293496704101562,0.005897848661104217,0.004426158033311367,0.008547869321331381,0.006727869622409344,0.08499807119369507,nan,nan,nan,nan
GA,aggressive_sine,10,0.0020039621740579605,0.03753094747662544,0.030726583674550056,1.2214487583177445,0.006703145802021027,0.010469809174537659,0.0038360673934221268,0.007038499228656292,0.005468207877129316,36.45962047576904,0.07291083335876465,0.005887711588013917,0.004439296200871468,0.00853026677747257,0.006471266038715839,0.09052161127328873,nan,nan,nan,nan
GA,aggressive_sine,11,0.0014494305942207575,0.026404831558465958,0.03368997201323509,0.7837593794406487,0.007539206650108099,0.008488099090754986,0.007934882305562496,0.0034444991033524275,0.010289347730576992,36.41208553314209,0.07281582736968994,0.005913488582381978,0.004461029544472694,0.008564204817311839,0.0065230680629611015,0.08600883185863495,nan,nan,nan,nan
GA,aggressive_sine,12,0.001566625782288611,0.04780161753296852,0.04218284413218498,1.1332004400456366,0.00757420202717185,0.013584795407950878,0.004378906451165676,0.00441947765648365,0.007913629524409771,36.42658019065857,0.07284466600418091,0.0059195694490801545,0.004381115548312664,0.008569677569530905,0.006425107829272747,0.0921405553817749,nan,nan,nan,nan
GA,aggressive_sine,13,0.0018045854521915317,0.030155381187796593,0.038874756544828415,0.7757059816702112,0.006031072698533535,0.009211242198944092,0.0038868612609803677,0.003758131992071867,0.00726805254817009,36.464760541915894,0.07292148351669311,0.005909502840787172,0.00440675113350153,0.00856224953099154,0.006943326909095049,0.09111632406711578,nan,nan,nan,nan
GA,aggressive_sine,14,0.0026202513836324215,0.04182986542582512,0.04012511670589447,1.0424858258338776,0.006846894510090351,0.0064101554453372955,0.003604691009968519,0.0020054897759109735,0.015367242507636547,36.412659645080566,0.07281729555130005,0.005893896647170186,0.00438719941303134,0.008542646777909248,0.006636220961809158,0.09393230825662613,nan,nan,nan,nan
GA,aggressive_sine,15,0.0022848539520055056,0.03928017616271973,0.05578979104757309,0.7040746241409064,0.009936969727277756,0.012204859405755997,0.008754005655646324,0.007010559551417828,0.011778454296290874,36.534961462020874,0.07306186962127685,0.005859198005497455,0.004373686853796244,0.008486855780147016,0.006663702428340912,0.09324080497026443,nan,nan,nan,nan
GA,aggressive_sine,16,0.002452797256410122,0.04903044179081917,0.03946801275014877,1.2422830128591755,0.008205596357584,0.013568243943154812,0.002848095027729869,0.006041762884706259,0.010364284738898277,36.62760853767395,0.07324692296981812,0.005902511357096955,0.004449620842933655,0.008550330561073497,0.00653504952788353,0.08485710620880127,nan,nan,nan,nan
GA,aggressive_sine,17,0.0020445953123271465,0.03920245170593262,0.03621404990553856,1.08252050815054,0.007132019381970167,0.007744792383164167,0.0033284537494182587,0.006120819598436356,0.0113340113312006,36.62488651275635,0.07324131298065185,0.005872537914384157,0.004297735169529915,0.008503518139524385,0.006504041608422995,0.08498908579349518,nan,nan,nan,nan
GA,aggressive_sine,18,0.0017007383285090327,0.03900307044386864,0.03524312004446983,1.1066860821248088,0.007779556326568127,0.010785344056785107,0.005594690330326557,0.0031817425042390823,0.01155644841492176,36.6482629776001,0.07328779888153077,0.0058633056020364165,0.004236510023474693,0.008492040976928548,0.006377148441970348,0.0886264443397522,nan,nan,nan,nan
GA,aggressive_sine,19,0.0019590293522924185,0.038089677691459656,0.033809587359428406,1.1265939831364926,0.010652358643710613,0.016253069043159485,0.005090454593300819,0.008880595676600933,0.012385314330458641,37.37224793434143,0.07473603200912475,0.005898004852235317,0.004425602499395609,0.008538512177113444,0.006778300274163485,0.09023537486791611,nan,nan,nan,nan
GA,random_smooth,0,0.002964181825518608,0.02123754657804966,0.017948109656572342,1.1832748397697008,0.007229698356240988,0.00645830575376749,0.006212472915649414,0.004570260643959045,0.011677755042910576,38.846487045288086,0.07768293142318726,0.006041200347454287,0.0038127696607261896,0.008741896414663643,0.006553205195814371,0.08333228528499603,nan,nan,nan,nan
GA,random_smooth,1,0.0018355828942731023,0.05382566526532173,0.024433709681034088,2.202926447435947,0.005811547394841909,0.007022505160421133,0.002901846542954445,0.005124109797179699,0.008197728544473648,38.59161305427551,0.07717393827438354,0.006041174645069987,0.00451089208945632,0.008748431359697134,0.0064768800511956215,0.09081675857305527,nan,nan,nan,nan
GA,random_smooth,2,0.0030746704433113337,0.036689333617687225,0.01709955930709839,2.145630361506259,0.006734298076480627,0.012431039474904537,0.00382504565641284,0.004620150662958622,0.0060609555803239346,38.23730206489563,0.0764653468132019,0.006037994157476351,0.0042719123885035515,0.00874282284406945,0.00658775819465518,0.0909750759601593,nan,nan,nan,nan
GA,random_smooth,3,0.0018703620880842209,0.025881128385663033,0.016103848814964294,1.607139304587443,0.00548803573474288,0.0063095069490373135,0.005946651101112366,0.005992033984512091,0.003703951369971037,38.04574394226074,0.07608196592330932,0.006018030480993912,0.004445628263056278,0.008710310053173452,0.006430341396480799,0.0873737633228302,nan,nan,nan,nan
GA,random_smooth,4,0.0017415297916159034,0.03023866005241871,0.014805259183049202,2.0424269294143444,0.008453544229269028,0.009660972282290459,0.005680964794009924,0.004390912130475044,0.014081327244639397,38.32075238227844,0.07663188171386719,0.006016552400309592,0.0044996533542871475,0.00871373501145281,0.0065599470399320126,0.0887041911482811,nan,nan,nan,nan
GA,random_smooth,5,0.002064791973680258,0.03166684880852699,0.02125723287463188,1.4896976005902356,0.007551549933850765,0.008673124946653843,0.00408516637980938,0.0054029799066483974,0.012044928036630154,38.130677700042725,0.07625185585021972,0.006038869773084298,0.004470763728022575,0.008737880071625114,0.006718981545418501,0.08740605413913727,nan,nan,nan,nan
GA,random_smooth,6,0.001049084821715951,0.036948174238204956,0.012873501516878605,2.870095147754615,0.005886526312679052,0.010806923732161522,0.004763961769640446,0.004001475404947996,0.003973742946982384,38.2295355796814,0.0764500241279602,0.006011428825370967,0.0044197929091751575,0.008703709380049258,0.006374451331794262,0.08953145146369934,nan,nan,nan,nan
GA,random_smooth,7,0.003284298814833164,0.03273564204573631,0.015621962957084179,2.095488392570506,0.0064168511889874935,0.009211537428200245,0.0038700997829437256,0.004102890379726887,0.008482879027724266,38.48236322402954,0.07695579767227173,0.006036008814815432,0.004416300915181637,0.008738014396419748,0.006707930937409401,0.08580200374126434,nan,nan,nan,nan
GA,random_smooth,8,0.002097096759825945,0.0418514683842659,0.015043276362121105,2.7820713637653887,0.005063192918896675,0.001928965444676578,0.004335375037044287,0.005454446189105511,0.00853398535400629,38.487576484680176,0.07696575117111205,0.006039594756858424,0.004331525880843401,0.008740311691723764,0.006783105432987213,0.09297691285610199,nan,nan,nan,nan
GA,random_smooth,9,0.0022426974028348923,0.01791973225772381,0.022981947287917137,0.7797308049324954,0.006576939485967159,0.008038799278438091,0.002396872965618968,0.007425364106893539,0.00844672229140997,37.917452812194824,0.07582529067993164,0.006044504688540474,0.004563750699162483,0.008747025569481775,0.006806162651628256,0.09408833086490631,nan,nan,nan,nan
GA,random_smooth,10,0.0020019710063934326,0.02503741718828678,0.03952035307884216,0.6335322242272919,0.00981287844479084,0.014093833975493908,0.007262334227561951,0.007846846245229244,0.010048499330878258,37.74193072319031,0.07547475671768189,0.006011154020531103,0.0044706594198942184,0.008699518333468586,0.006805033423006535,0.08919303119182587,nan,nan,nan,nan
GA,random_smooth,11,0.0018672673031687737,0.032953545451164246,0.016279248520731926,2.02426699298787,0.007101313676685095,0.010343224741518497,0.005271746776998043,0.005562093108892441,0.007228189613670111,38.41643762588501,0.07682366371154785,0.006043460830114782,0.004511922597885132,0.008742204744089394,0.00660276273265481,0.08262992650270462,nan,nan,nan,nan
GA,random_smooth,12,0.001976579427719116,0.03470304235816002,0.024581285193562508,1.4117668008362825,0.009696121327579021,0.014552026987075806,0.007150125689804554,0.0034192041493952274,0.013663128018379211,38.534934520721436,0.07706031799316407,0.006036692818813026,0.004494606051594019,0.008731894983816891,0.006518235430121422,0.08984900265932083,nan,nan,nan,nan
GA,random_smooth,13,0.002409309847280383,0.05225708335638046,0.023886974900960922,2.187681092856939,0.00634419173002243,0.007247983478009701,0.003983891569077969,0.004120015539228916,0.01002487726509571,37.6783971786499,0.07534735441207886,0.0060189081660937515,0.004456718452274799,0.008716652039298788,0.006807902827858925,0.08968022465705872,nan,nan,nan,nan
GA,random_smooth,14,0.0020344220101833344,0.05812936648726463,0.017709853127598763,3.2823178186992825,0.007525150664150715,0.009279693476855755,0.004833254963159561,0.007007064297795296,0.008980588987469673,37.81208825111389,0.07561472606658935,0.006013596189860255,0.00437180558219552,0.0086973430944141,0.006758331321179867,0.09059180319309235,nan,nan,nan,nan
GA,random_smooth,15,0.0023457203060388565,0.06590894609689713,0.03790195286273956,1.7389327229545082,0.008046254515647888,0.014150261878967285,0.0031427587382495403,0.004003037698566914,0.010888956487178802,37.89568090438843,0.0757824535369873,0.0059194271753076465,0.0043692863546311855,0.008570009984029457,0.0066932858899235725,0.07965116947889328,nan,nan,nan,nan
GA,random_smooth,16,0.002674972405657172,0.02406804822385311,0.015160818584263325,1.5875164055346815,0.005151916295289993,0.004442939069122076,0.005561291240155697,0.0031607344280928373,0.007442701142281294,37.949483156204224,0.07588933086395264,0.0060175570330116895,0.004573999438434839,0.008707471605809406,0.006763826124370098,0.08404512703418732,nan,nan,nan,nan
GA,random_smooth,17,0.0020885313861072063,0.04496113210916519,0.0177045539021492,2.539523580072088,0.008503338322043419,0.012281808070838451,0.0037874653935432434,0.00520327826961875,0.012740801088511944,40.27425026893616,0.08053980016708374,0.006030632796976716,0.004567505791783333,0.008723477930016816,0.006961628794670105,0.09397868812084198,nan,nan,nan,nan
GA,random_smooth,18,0.0016593951731920242,0.025870779529213905,0.024480745196342468,1.0567807197747852,0.006795085966587067,0.00824002642184496,0.0050111738964915276,0.0034054554998874664,0.010523690842092037,38.580740213394165,0.07715283727645875,0.006026566101470962,0.0045026494190096855,0.008718085048673675,0.006540603935718536,0.08564203977584839,nan,nan,nan,nan
GA,random_smooth,19,0.0015976708382368088,0.06320739537477493,0.04887718707323074,1.2931880732022039,0.01106233149766922,0.014964409172534943,0.011750965379178524,0.007152958773076534,0.010380994528532028,38.13837027549744,0.07626725339889526,0.006026572719262913,0.004413158167153597,0.008724384865537286,0.006876709405332804,0.0900353491306305,nan,nan,nan,nan
APSO,smooth_sine,0,4.289809703826904,0.05118713900446892,0.008579620160162449,5.966131139714666,0.003747546812519431,0.0058622462674975395,0.0021911361254751682,0.0020374958403408527,0.004899309948086739,27.745912075042725,0.05548316431045532,0.0013368738730649057,0.00010544212273089215,0.0018199443214427446,0.00013686419697478414,0.01914050430059433,nan,nan,nan,nan
APSO,smooth_sine,1,3.988069534301758,0.03732819855213165,0.007976139895617962,4.679982929165964,0.003878281218931079,0.0042792088352143764,0.004120866302400827,0.004373172763735056,0.0027398772072046995,28.424870252609253,0.05684119701385498,0.000957058659393806,9.842762665357441e-05,0.0013257626282429556,0.0001451315765734762,0.018567968159914017,nan,nan,nan,nan
APSO,smooth_sine,2,5.367440700531006,0.03356630727648735,0.010734882205724716,3.1268444900668824,0.010571213439106941,0.0017056134529411793,0.005956924520432949,0.015887558460235596,0.018734756857156754,27.39135479927063,0.05477358388900757,0.0012372375180901144,9.076126298168674e-05,0.001683619108345738,0.00010824485798366368,0.01752319373190403,nan,nan,nan,nan
APSO,smooth_sine,3,7.339352607727051,0.029694439843297005,0.014678705483675003,2.0229603949968085,0.009978795424103737,0.012623674236238003,0.00818902999162674,0.002488831989467144,0.016613643616437912,27.376996755599976,0.054744002342224124,0.0012973073121829656,0.00022985573741607368,0.0017917056108097313,0.0003104790230281651,0.016980644315481186,nan,nan,nan,nan
APSO,smooth_sine,4,4.20570182800293,0.054882243275642395,0.008411403745412827,6.524742473047085,0.005482753738760948,0.0058865114115178585,0.004054361023008823,0.004283561371266842,0.007706582546234131,27.374346494674683,0.05473889446258545,0.0011279422785919451,0.0001111697347369045,0.001539593763911398,0.0001288554340135306,0.017276566475629807,nan,nan,nan,nan
APSO,smooth_sine,5,5.7125396728515625,0.057910218834877014,0.0114250797778368,5.068692732213167,0.004928869195282459,0.0022781325969845057,0.00297217583283782,0.0016917207976803184,0.01277344860136509,27.433841943740845,0.05485843467712402,0.0008148813086678273,9.00251034181565e-05,0.0011544983398911427,0.00012678935308940709,0.01888887956738472,nan,nan,nan,nan
APSO,smooth_sine,6,10.948518753051758,0.033740997314453125,0.02189704030752182,1.5408930540655215,0.00748341903090477,0.007564405910670757,0.0019468327518552542,0.005237291567027569,0.01518514659255743,27.42951226234436,0.0548502721786499,0.001651373330786737,7.09088344592601e-05,0.002166514181142702,9.930871601682156e-05,0.017728043720126152,nan,nan,nan,nan
APSO,smooth_sine,7,5.087596893310547,0.0335254929959774,0.010175194591283798,3.294825734801747,0.009050501510500908,0.002062755636870861,0.009297996759414673,0.0043693408370018005,0.02047191560268402,28.294788599014282,0.056580294609069826,0.00126031322203562,9.605876402929425e-05,0.0016570522304704355,0.00011208412615815178,0.016979040578007698,nan,nan,nan,nan
APSO,smooth_sine,8,3.9474759101867676,0.04183711111545563,0.007894951850175858,5.299223087031711,0.004042311105877161,0.0020176542457193136,0.002822035923600197,0.0039209285750985146,0.007408625446259975,27.3943510055542,0.054779383182525634,0.0011308650017730541,9.01793537195772e-05,0.001572949726958177,0.00013401586329564452,0.01913936249911785,nan,nan,nan,nan
APSO,smooth_sine,9,4.062088966369629,0.023728376254439354,0.008124178275465965,2.920710926063277,0.0054770661517977715,0.004043840803205967,0.005419145803898573,0.006516759749501944,0.005928517784923315,27.418676137924194,0.0548273286819458,0.0011604939448516234,0.00011947622988373041,0.0016324255512314267,0.00015391019405797124,0.018491458147764206,nan,nan,nan,nan
APSO,smooth_sine,10,4.014645576477051,0.03513853996992111,0.008029291406273842,4.3762940204742025,0.00513800885528326,0.006711320020258427,0.0036920150741934776,0.004723279736936092,0.005425421055406332,29.508566856384277,0.0590063886642456,0.0010514512905167067,0.0001586922735441476,0.001417782687219733,0.0002305743400938809,0.017040004953742027,nan,nan,nan,nan
APSO,smooth_sine,11,4.411475658416748,0.026501771062612534,0.008822952397167683,3.0037304826806106,0.0034314696677029133,0.004662103019654751,0.0024860985577106476,0.0016657167579978704,0.004911960568279028,31.806952953338623,0.06359938764572144,0.0009372787018604868,7.918534538475797e-05,0.0012901648318511434,0.00010721319995354861,0.017463793978095055,nan,nan,nan,nan
APSO,smooth_sine,12,4.069314002990723,0.04366666451096535,0.008138628676533699,5.365358986934798,0.006184945814311504,0.008633105084300041,0.006332308053970337,0.003988031297922134,0.005786338355392218,31.233208179473877,0.06245368766784668,0.0010408578866881726,7.286448089871556e-05,0.0014597591413446935,8.860869274940342e-05,0.01808433048427105,nan,nan,nan,nan
APSO,smooth_sine,13,4.39999532699585,0.0277560967952013,0.008799991570413113,3.154104929886689,0.004155393224209547,0.007671495899558067,0.004133505281060934,0.0015470910584554076,0.003269479377195239,33.00662851333618,0.06599930429458618,0.0008558958789832104,4.171217733528465e-05,0.0011993506177677773,4.957557757734321e-05,0.01742118038237095,nan,nan,nan,nan
APSO,smooth_sine,14,4.085353851318359,0.04162133112549782,0.00817070808261633,5.093968687248745,0.005917876027524471,0.006483177654445171,0.0028808065690100193,0.002239360474050045,0.012068159878253937,31.526774168014526,0.06304065942764282,0.0011933161926805042,8.419372898060828e-05,0.001631117739988258,0.00011179938155692071,0.01739431731402874,nan,nan,nan,nan
APSO,smooth_sine,15,3.985208511352539,0.04376599192619324,0.00797041691839695,5.491054279127431,0.004560948349535465,0.00571733433753252,0.007989092729985714,0.0019488836405798793,0.0025884825736284256,31.49894666671753,0.0629852204322815,0.0012831784513269667,0.00015050076763145626,0.0017281296049273807,0.00019341740699019283,0.01800350286066532,nan,nan,nan,nan
APSO,smooth_sine,16,3.9505722522735596,0.04638778418302536,0.007901144213974476,5.871021073249229,0.0047156247310340405,0.005640947259962559,0.001171944080851972,0.003139026463031769,0.008910581469535828,31.11293387413025,0.06221374702453613,0.0009060849233035697,0.00010998363723047078,0.001281640845288348,0.00015414356312248856,0.018472813069820404,nan,nan,nan,nan
APSO,smooth_sine,17,4.218093395233154,0.03555324673652649,0.008436187170445919,4.214373865610573,0.004771638195961714,0.002622228814288974,0.005289008375257254,0.005519844125956297,0.005655471235513687,31.22929549217224,0.06244430208206177,0.0010716281559674827,9.070303349290043e-05,0.0015085280405706726,0.00012631801655516028,0.017626989632844925,nan,nan,nan,nan
APSO,smooth_sine,18,4.309202194213867,0.03598078340291977,0.00861840508878231,4.174877257713524,0.004607290029525757,0.00368444062769413,0.005566942971199751,0.0018202450592070818,0.007357531692832708,32.92428660392761,0.06583508443832398,0.0011853445500237285,6.286219286266714e-05,0.0016075249396824802,8.617011189926416e-05,0.017180608585476875,nan,nan,nan,nan
APSO,smooth_sine,19,8.130271911621094,0.033149391412734985,0.01626054383814335,2.0386397738416617,0.014800265431404114,0.018715403974056244,0.004432643763720989,0.014267328195273876,0.021785683929920197,31.3335702419281,0.06265450668334961,0.0013182596049540734,8.908634481485933e-05,0.0017624870475716307,0.0001097816857509315,0.018560118973255157,nan,nan,nan,nan
APSO,multi_frequency,0,4.251064300537109,0.05109918490052223,0.008502130396664143,6.010162455350165,0.0056671141646802425,0.0045511904172599316,0.005439867731183767,0.0021985801868140697,0.01047881692647934,34.611629009246826,0.06920726203918456,0.0012083928315376397,0.00014500577526632696,0.0015790485251956851,0.0002031642070505768,0.018263431265950203,nan,nan,nan,nan
APSO,multi_frequency,1,3.979944944381714,0.03797793760895729,0.007959890179336071,4.7711635152389755,0.005740122403949499,0.00802541896700859,0.007447151001542807,0.0023589427582919598,0.005128977820277214,32.62774682044983,0.06524265289306641,0.0008457176392912515,0.0002077157550957054,0.0011929756404366345,0.000296936952508986,0.017848988994956017,nan,nan,nan,nan
APSO,multi_frequency,2,5.198984146118164,0.03333106264472008,0.010397969745099545,3.205535644150981,0.0052171070128679276,0.003718918887898326,0.005037046503275633,0.005929144099354744,0.006183319725096226,32.14600491523743,0.06428048896789551,0.0009808819018304348,6.126017979113385e-05,0.00133030305127686,6.75365372444503e-05,0.017323145642876625,nan,nan,nan,nan
APSO,multi_frequency,3,4.107568740844727,0.02830386720597744,0.008215137757360935,3.445330807826878,0.004771126434206963,0.007147033698856831,0.005589538253843784,0.0011608696077018976,0.005187064874917269,31.608555793762207,0.06320335006713867,0.0008394956716132583,0.0001321905292570591,0.0011685422329668655,0.0001874373119790107,0.017909888178110123,nan,nan,nan,nan
APSO,multi_frequency,4,5.634827136993408,0.055171385407447815,0.011269655078649521,4.895570008346625,0.011333735659718513,0.011540547013282776,0.01584833860397339,0.010166654363274574,0.007779398467391729,32.19759440422058,0.06438136053085328,0.0012301641124508023,1.4358212865772657e-05,0.0015449918634807545,1.999209234782029e-05,0.018213961273431778,nan,nan,nan,nan
APSO,multi_frequency,5,4.99045467376709,0.05829494446516037,0.009980909526348114,5.840644513535605,0.0036099478602409363,0.0054953433573246,0.002632650313898921,0.0034264016430824995,0.0028853961266577244,31.340678691864014,0.06266761255264282,0.0009753744509005628,0.00010655361984390765,0.0013190453889255877,0.00011444602569099516,0.01888887956738472,nan,nan,nan,nan
APSO,multi_frequency,6,4.290072917938232,0.03410196676850319,0.008580147288739681,3.974519972781534,0.004724872298538685,0.00538895046338439,0.003118577878922224,0.0019397188443690538,0.008452240377664566,31.912774085998535,0.06381156301498413,0.000931364580708032,7.508193084504455e-05,0.0012595601498549512,0.00010282894072588533,0.018567543476819992,nan,nan,nan,nan
APSO,multi_frequency,7,6.029956817626953,0.03207334876060486,0.012059913948178291,2.659500631465923,0.008627956733107567,0.003573284251615405,0.007299342658370733,0.0016054878942668438,0.02203371375799179,31.594305992126465,0.06317638444900513,0.0011497904784802814,0.00012393943325150758,0.00158768236774049,0.00017610650684218854,0.016952965408563614,nan,nan,nan,nan
APSO,multi_frequency,8,4.184294700622559,0.041280340403318405,0.008368589915335178,4.932771329572916,0.004924601875245571,0.007061660289764404,0.004210590850561857,0.005109029822051525,0.003317125141620636,31.684731245040894,0.06335730075836182,0.001053363471175544,7.405718497466296e-05,0.0014456917237344897,7.235375232994556e-05,0.017849668860435486,nan,nan,nan,nan
APSO,multi_frequency,9,4.417131423950195,0.02429182641208172,0.008834263309836388,2.749728591973744,0.008210345171391964,0.011313418857753277,0.0054114945232868195,0.006486427970230579,0.009630037471652031,31.64078402519226,0.06326818084716797,0.0008493581665454258,0.00011439529043855146,0.0011686238158086781,0.0001772016694303602,0.018491458147764206,nan,nan,nan,nan
APSO,multi_frequency,10,3.9875245094299316,0.03276646509766579,0.007975049316883087,4.108622253695605,0.0031407761853188276,0.006004285998642445,0.0029078819788992405,0.0006621400825679302,0.002988797379657626,32.198071002960205,0.06438389205932617,0.0010258121882361594,8.330307173309848e-05,0.0013764463419080129,0.00010251074854750186,0.01839263178408146,nan,nan,nan,nan
APSO,multi_frequency,11,4.092276573181152,0.026601407676935196,0.008184553124010563,3.2501967149429505,0.004166656639426947,0.004266857635229826,0.003275086870416999,0.001986835151910782,0.007137847598642111,33.44039750099182,0.06686788415908813,0.0008180032640440914,7.375422137556598e-05,0.0011319258274612367,9.744428098201752e-05,0.01750573329627514,nan,nan,nan,nan
APSO,multi_frequency,12,4.475250244140625,0.04295014590024948,0.008950500749051571,4.798630501740435,0.0056704990565776825,0.010653071105480194,0.005711466073989868,0.0013835164718329906,0.004933941178023815,33.92579770088196,0.06783825016021729,0.0010224657642706005,5.583278471021913e-05,0.0014021187329635722,7.24054261809215e-05,0.01805765926837921,nan,nan,nan,nan
APSO,multi_frequency,13,5.080735206604004,0.02698768489062786,0.010161470621824265,2.6558837687002854,0.011257849633693695,0.011496175080537796,0.010053829289972782,0.010125873610377312,0.013355518691241741,32.684101581573486,0.06535621452331543,0.001180134204562637,0.00011923653073608875,0.001576016503064602,0.00014867617574054748,0.018572987988591194,nan,nan,nan,nan
APSO,multi_frequency,14,5.65201997756958,0.04093090817332268,0.011304040439426899,3.6209095670395377,0.009078789502382278,0.0034100243356078863,0.007693886756896973,0.016200654208660126,0.00901059340685606,31.53430962562561,0.06305584573745728,0.0011333831412190193,4.4546788558363914e-05,0.001505444643138253,5.6581317039672285e-05,0.01739431731402874,nan,nan,nan,nan
APSO,multi_frequency,15,6.105278491973877,0.04511197656393051,0.01221055630594492,3.6945062480050126,0.010709589347243309,0.017836328595876694,0.014382794499397278,0.001833828166127205,0.008785400539636612,32.58561444282532,0.06515861940383912,0.001045798698714134,3.329158425913192e-05,0.0013944473717921937,4.3426967749837786e-05,0.017600350081920624,nan,nan,nan,nan
APSO,multi_frequency,16,4.239663124084473,0.047051865607500076,0.008479326963424683,5.5490094686119384,0.005430679302662611,0.00865587592124939,0.0030878782272338867,0.00391518697142601,0.00606377562507987,33.03984045982361,0.06606615018844604,0.0008913218023230002,5.1258670282550156e-05,0.001254182281611429,6.705077976221219e-05,0.018189361318945885,nan,nan,nan,nan
APSO,multi_frequency,17,4.268689155578613,0.0368848480284214,0.00853737909346819,4.320394775094549,0.005085675045847893,0.002616415498778224,0.003006937447935343,0.009370828047394753,0.005348518490791321,32.41110157966614,0.06480736303329468,0.0011076225558863371,7.226765592349693e-05,0.0014897874163420056,9.314268390880898e-05,0.01668490469455719,nan,nan,nan,nan
APSO,multi_frequency,18,4.109437942504883,0.03715959191322327,0.008218876086175442,4.521249806372863,0.00496453233063221,0.002209192141890526,0.004009072668850422,0.0027037574909627438,0.01093610655516386,33.20616388320923,0.06639931631088257,0.0011201889190153452,0.00010088379349326715,0.001486973629014392,0.00013566257257480174,0.016615644097328186,nan,nan,nan,nan
APSO,multi_frequency,19,4.940626621246338,0.03247109800577164,0.009881253354251385,3.2861315100073845,0.005452351178973913,0.010256947949528694,0.0021247665863484144,0.0033808040898293257,0.0060468874871730804,31.23464822769165,0.06245741319656372,0.0009467521325939742,9.700748341856524e-05,0.0012874560600525,0.00013539963401854038,0.01899627596139908,nan,nan,nan,nan
APSO,slow_sine,0,4.430619239807129,0.052525844424963,0.00886123813688755,5.927596529237656,0.007839417085051537,0.008976181969046593,0.006525296717882156,0.0021647890098392963,0.01369139738380909,30.98488974571228,0.06195621061325073,0.000871730990416836,0.0001660636335145682,0.0012253360274393345,0.00023462812532670796,0.017186490818858147,nan,nan,nan,nan
APSO,slow_sine,1,4.572393894195557,0.03781970217823982,0.009144788607954979,4.135656251839519,0.007148709148168564,0.013546544127166271,0.00534738227725029,0.0041477493941783905,0.005553161259740591,31.44362497329712,0.06287112379074097,0.0009298421221246826,6.18502963334322e-05,0.0012797397652153449,7.215516234282404e-05,0.01750817894935608,nan,nan,nan,nan
APSO,slow_sine,2,5.284701347351074,0.03470998629927635,0.010569402948021889,3.284006340752907,0.01346731185913086,0.007224693428725004,0.014982077293097973,0.014513443224132061,0.01714903488755226,30.357468843460083,0.06070321416854858,0.0012620715544959238,0.00011335164163028821,0.001584073976930813,0.00014355432358570397,0.016391701996326447,nan,nan,nan,nan
APSO,slow_sine,3,4.636051177978516,0.023702356964349747,0.009272103197872639,2.5563085805373627,0.006082623265683651,0.00891796313226223,0.00441037118434906,0.003114215563982725,0.007887943647801876,29.955776929855347,0.059899871349334714,0.0008791692118698848,9.371191845275462e-05,0.0012064502874971367,0.00011378590716049075,0.01796971634030342,nan,nan,nan,nan
APSO,slow_sine,4,4.431464195251465,0.06591521948575974,0.008862928487360477,7.437182820527343,0.006930293049663305,0.004730610176920891,0.002903836779296398,0.007824081927537918,0.01226264238357544,29.546966075897217,0.05908208656311035,0.0011762220139818964,0.00018626244855113328,0.001610466303746216,0.0002453202905599028,0.017276566475629807,nan,nan,nan,nan
APSO,slow_sine,5,4.519737243652344,0.05345597118139267,0.00903947465121746,5.913614811032528,0.006566169671714306,0.006540828850120306,0.005773847457021475,0.0026647523045539856,0.011285248212516308,29.936893939971924,0.05986227607727051,0.0012416427848555031,0.00014823110541328788,0.0017043683632306057,0.00021123065380379558,0.019416965544223785,nan,nan,nan,nan
APSO,slow_sine,6,4.303859233856201,0.03374284505844116,0.008607719093561172,3.9200681030218334,0.005388464778661728,0.0030006524175405502,0.003983359783887863,0.00313277798704803,0.0114370696246624,28.010910749435425,0.056011815547943114,0.0008585827760369284,0.00018913132953457534,0.001210809529776452,0.00022247599554248154,0.01889091357588768,nan,nan,nan,nan
APSO,slow_sine,7,5.170801162719727,0.030583644285798073,0.010341602377593517,2.957340958308519,0.008296499028801918,0.006754988804459572,0.0021638101898133755,0.003569734748452902,0.020697463303804398,27.47793436050415,0.05494605016708374,0.0008313060633736313,0.00013134529581293464,0.0011432864552858519,0.00016811754903756082,0.018773913383483887,nan,nan,nan,nan
APSO,slow_sine,8,4.18614387512207,0.028425389900803566,0.008372288197278976,3.395175754943782,0.006266123615205288,0.004402717109769583,0.005081625655293465,0.004779221024364233,0.010800930671393871,27.516412258148193,0.05502314710617066,0.00095562205594033,0.00017163560551125556,0.0013088464538843255,0.00020850800501648337,0.0168943889439106,nan,nan,nan,nan
APSO,slow_sine,9,4.919787883758545,0.025104306638240814,0.009839576669037342,2.5513604378161627,0.007382969371974468,0.010978732258081436,0.005896127782762051,0.00387988006696105,0.008777136914432049,27.463053941726685,0.05491685676574707,0.0011120721435436281,0.00013686060265172273,0.001484641806090076,0.0001874063746072352,0.018491458147764206,nan,nan,nan,nan
APSO,slow_sine,10,4.797769546508789,0.03616736829280853,0.009595539420843124,3.769185525333462,0.00712866336107254,0.01179203949868679,0.00552605465054512,0.0012532572727650404,0.009943301789462566,27.521069049835205,0.05503179121017456,0.0008614604713729932,0.00015155511209741235,0.001181483458976436,0.00018860406999010593,0.018114905804395676,nan,nan,nan,nan
APSO,slow_sine,11,4.6596269607543945,0.02802504226565361,0.009319254197180271,3.00721942686499,0.006483539938926697,0.009737979620695114,0.0021568587981164455,0.0015666782855987549,0.012472644448280334,27.481120824813843,0.05495220899581909,0.0005645515746880846,7.676631503272802e-05,0.0007973132103303214,9.613655129214749e-05,0.018342968076467514,nan,nan,nan,nan
APSO,slow_sine,12,3.979975700378418,0.04607975110411644,0.007959951646625996,5.788948620516857,0.009185506962239742,0.01458093523979187,0.006830942817032337,0.004504485055804253,0.010825663805007935,27.530542373657227,0.055051326751708984,0.001243062018645287,0.000190479593584314,0.0017170793483499438,0.0002919854305218905,0.018832528963685036,nan,nan,nan,nan
APSO,slow_sine,13,4.927129745483398,0.021943766623735428,0.009854258969426155,2.2268307228192605,0.007384642027318478,0.007981165312230587,0.0026288318913429976,0.0055820695124566555,0.01334650069475174,27.493908882141113,0.054977826118469235,0.0009729630227084271,0.0001114381302613765,0.0012831686597477529,0.0001654252118896693,0.01712486892938614,nan,nan,nan,nan
APSO,slow_sine,14,4.234055519104004,0.0438789427280426,0.008468111045658588,5.181668319115673,0.006161471828818321,0.006051921751350164,0.002854765858501196,0.004960865713655949,0.010778333991765976,27.473728895187378,0.05493755292892456,0.0008087328956382407,8.249236270785332e-05,0.0011337366798899893,0.00011491865734569728,0.018451957032084465,nan,nan,nan,nan
APSO,slow_sine,15,4.869729518890381,0.04289836063981056,0.009739460423588753,4.404593147266321,0.006686530075967312,0.009541800245642662,0.005462954752147198,0.00378738297149539,0.00795398186892271,27.42161726951599,0.05483235740661621,0.0007437977842659166,0.00011955363879678771,0.0010411044730819412,0.00015219741908367723,0.01897190883755684,nan,nan,nan,nan
APSO,slow_sine,16,3.997365951538086,0.049707479774951935,0.00799473188817501,6.217529301823636,0.005676938220858574,0.009715911000967026,0.004958606790751219,0.00407650601118803,0.003956730477511883,27.383861541748047,0.054757981300354,0.000834153665532358,9.992943523684517e-05,0.0011635011833262979,0.00013374569243751466,0.018570097163319588,nan,nan,nan,nan
APSO,slow_sine,17,4.871501922607422,0.03192812576889992,0.009743004105985165,3.2770309261479578,0.007035689428448677,0.006422565784305334,0.004451638087630272,0.0033259752672165632,0.013942579738795757,27.367535829544067,0.05472508525848389,0.0009306373474100838,0.0001360307214781642,0.0012432595718535595,0.0001516010524937883,0.018113473430275917,nan,nan,nan,nan
APSO,slow_sine,18,4.810425758361816,0.05033985897898674,0.009620851837098598,5.232370254874224,0.007662862539291382,0.00894004013389349,0.0051114256493747234,0.003697765525430441,0.012902218848466873,27.39026379585266,0.05477095603942871,0.0009933000012912088,0.00015161099145188928,0.0013784859669511206,0.00019118396448902786,0.01825552061200142,nan,nan,nan,nan
APSO,slow_sine,19,5.242290496826172,0.0405489057302475,0.01048458181321621,3.8674795478379576,0.00917034037411213,0.0054829358123242855,0.006527441553771496,0.009524556808173656,0.015146424993872643,27.42525625228882,0.05484044408798218,0.0010880744656133175,8.821550727589056e-05,0.0014512287122706766,0.00011642702156677842,0.018104270100593567,nan,nan,nan,nan
APSO,aggressive_sine,0,4.574825286865234,0.05275551229715347,0.009149651043117046,5.7658496535602355,0.004430114291608334,0.008993863128125668,0.00308852712623775,0.0027978401631116867,0.0028402255848050117,28.340907096862793,0.05667124938964844,0.0009101392022203071,0.00010528202255954966,0.0012741952804899484,0.00010230422776658088,0.01824008859694004,nan,nan,nan,nan
APSO,aggressive_sine,1,4.591861248016357,0.038162555545568466,0.009183722548186779,4.155456063195553,0.002973287831991911,0.002956791315227747,0.0029845775570720434,0.000834267120808363,0.005117515102028847,30.112215757369995,0.06021294403076172,0.0010135497522074728,7.192503107944503e-05,0.0014177351731152158,0.00010403939813841134,0.018073678016662598,nan,nan,nan,nan
APSO,aggressive_sine,2,5.3914899826049805,0.03562626987695694,0.010782980360090733,3.303935339511011,0.0049619292840361595,0.003186887828633189,0.0061881160363554955,0.001602318836376071,0.00887039490044117,29.742319107055664,0.059472598552703856,0.0011167142282196437,0.00013203039998188615,0.0015589318220911082,0.00018128674128092825,0.017227252945303917,nan,nan,nan,nan
APSO,aggressive_sine,3,4.217651844024658,0.028800802305340767,0.008435304276645184,3.4143169423160598,0.0032226599287241697,0.004450724460184574,0.0030134455300867558,0.0017557302489876747,0.003670739708468318,29.563923120498657,0.05911529684066773,0.0008627038296515821,6.61542362649925e-05,0.0012142237053143618,8.971543866209686e-05,0.018647920340299606,nan,nan,nan,nan
APSO,aggressive_sine,4,11.677267074584961,0.05285540968179703,0.023354535922408104,2.2631753359347875,0.008832097984850407,0.015368352644145489,0.007835079915821552,0.002967533655464649,0.009157424792647362,29.668628454208374,0.0593241753578186,0.0012831769299707957,6.772876076865941e-05,0.001761364070604759,8.643210458103567e-05,0.018403399735689163,nan,nan,nan,nan
APSO,aggressive_sine,5,4.345737457275391,0.05593672767281532,0.008691475726664066,6.435814749066184,0.0045609185472130775,0.0020966501906514168,0.005855675786733627,0.0004892532015219331,0.009802094660699368,30.096790075302124,0.060181107521057126,0.0009014946191113267,8.66231566760689e-05,0.0012634656560083387,0.00011318194447085261,0.01888887956738472,nan,nan,nan,nan
APSO,aggressive_sine,6,12.225810050964355,0.03418845683336258,0.024451620876789093,1.3982082008238668,0.012554451823234558,0.012210614047944546,0.006817612797021866,0.001770636416040361,0.0294189490377903,30.15682816505432,0.06030060148239136,0.0014751949493431312,6.780716648790985e-05,0.0019919993032446654,8.716916636331007e-05,0.018398631364107132,nan,nan,nan,nan
APSO,aggressive_sine,7,4.172767162322998,0.03330828249454498,0.008345535025000572,3.9911500454750892,0.00293953949585557,0.0028177034109830856,0.003776882542297244,0.000614547694567591,0.004549023695290089,29.937979459762573,0.05986407566070557,0.000959371285342786,7.519499195041135e-05,0.0012967750365009123,8.894826169125736e-05,0.019998032599687576,nan,nan,nan,nan
APSO,aggressive_sine,8,3.9291317462921143,0.04351924732327461,0.00785826425999403,5.538022886915192,0.0035834340378642082,0.007184316869825125,0.0025661077816039324,0.0016112152952700853,0.0029720962047576904,30.387160539627075,0.060761134147644044,0.0010402810165956906,0.00011836345220217481,0.0014509950653402485,0.0001578373630763963,0.017428729683160782,nan,nan,nan,nan
APSO,aggressive_sine,9,4.101120471954346,0.023877179250121117,0.00820224266499281,2.911054966957875,0.0029378742910921574,0.0014640912413597107,0.004511463921517134,0.0013612692710012197,0.004414672031998634,32.02069878578186,0.06402842903137207,0.0009905481632653391,0.0001328805083176121,0.0013655303849445773,0.00018281063239555806,0.01760363206267357,nan,nan,nan,nan
APSO,aggressive_sine,10,4.405123710632324,0.03753094747662544,0.008810248225927353,4.259919415911235,0.0022640321403741837,0.003945403732359409,0.002647764515131712,0.0006039728759787977,0.0018589869141578674,29.861717224121094,0.05971089792251587,0.000737191733239888,9.64906212175265e-05,0.0010561955839933944,0.00013574669719673693,0.018078794702887535,nan,nan,nan,nan
APSO,aggressive_sine,11,4.011445045471191,0.026404831558465958,0.00802289042621851,3.291186861056452,0.004575314000248909,0.002663364401087165,0.00589462136849761,0.0014611071674153209,0.008282162249088287,34.95530843734741,0.06989467668533325,0.0009804802540194942,0.00012016760592814535,0.0013644945586565882,0.0001539330987725407,0.018432732671499252,nan,nan,nan,nan
APSO,aggressive_sine,12,3.9668660163879395,0.04780161753296852,0.007933732122182846,6.0251111074590495,0.003690132638439536,0.0033167803194373846,0.009142260067164898,0.0012941056629642844,0.0010073852026835084,29.737873554229736,0.05946341419219971,0.0019071054592146538,0.0001431229611625895,0.002263654893953935,0.0001332960819127038,0.018164409324526787,nan,nan,nan,nan
APSO,aggressive_sine,13,3.961459159851074,0.030155381187796593,0.00792291946709156,3.806094623711528,0.002434968948364258,0.0025409937370568514,0.004047771450132132,0.000722865283023566,0.002428245497867465,30.111899614334106,0.06021174097061157,0.0009515224182221573,0.00014242905308492482,0.0013228436124074505,0.00017922106781043112,0.017204396426677704,nan,nan,nan,nan
APSO,aggressive_sine,14,4.074057102203369,0.04182986542582512,0.008148115128278732,5.133686106207678,0.0034418730065226555,0.0033065720926970243,0.004282460547983646,0.0006507681682705879,0.005527691449970007,30.145274877548218,0.06027756690979004,0.0009282632172777084,7.014187576714903e-05,0.0012881330894408166,9.120086906477809e-05,0.018474800512194633,nan,nan,nan,nan
APSO,aggressive_sine,15,4.311643123626709,0.03928017616271973,0.008623287081718445,4.555127968080124,0.005694811698049307,0.0038147433660924435,0.007439412176609039,0.002499697497114539,0.009025395847856998,29.85127282142639,0.05969052743911743,0.0011045660417119507,0.00011787893890868872,0.0015102084386613569,0.0001423891808371991,0.017600350081920624,nan,nan,nan,nan
APSO,aggressive_sine,16,4.089774131774902,0.04903044179081917,0.00817954819649458,5.994272619095467,0.0035307861398905516,0.008558318018913269,0.002115566749125719,0.0006981324404478073,0.002751127816736698,29.97188448905945,0.059931990146636964,0.0007624280576652381,7.284463208634406e-05,0.0010687844048625267,9.754730854183435e-05,0.018738949671387672,nan,nan,nan,nan
APSO,aggressive_sine,17,3.9326279163360596,0.03920245170593262,0.007865256629884243,4.984255892806079,0.0037580165080726147,0.0032688966020941734,0.00739325350150466,0.0014231045497581363,0.0029468105640262365,29.49002766609192,0.05896660184860229,0.0022374795496463776,7.715309038758278e-05,0.002068873253898346,0.00011792739678639919,0.016739748418331146,nan,nan,nan,nan
APSO,aggressive_sine,18,4.311474800109863,0.03900307044386864,0.008622949942946434,4.523170226190762,0.004093335010111332,0.0047592949122190475,0.0037959821056574583,0.0005521976272575557,0.007265865802764893,29.933709383010864,0.059854723930358886,0.0008830261129194696,8.276216976810247e-05,0.0012531204358710965,0.00010563679097685963,0.018085407093167305,nan,nan,nan,nan
APSO,aggressive_sine,19,6.591954708099365,0.038089677691459656,0.01318391039967537,2.889103197515477,0.006531480699777603,0.014614160172641277,0.0035862259101122618,0.00043796247337013483,0.007487574126571417,29.831981658935547,0.059650437355041504,0.0012143348939513089,0.0001297692215302959,0.00169265000490268,0.00016708913608454168,0.018415221944451332,nan,nan,nan,nan
APSO,random_smooth,0,4.380016803741455,0.02123754657804966,0.00876003410667181,2.4243680240782095,0.005146517883986235,0.0037124878726899624,0.0031372772064059973,0.008706111460924149,0.005030195228755474,29.867421865463257,0.05972547340393066,0.0008667346232556156,0.00015216968313325197,0.001169106403265323,0.00018776848446577787,0.01930900663137436,nan,nan,nan,nan
APSO,random_smooth,1,4.082715034484863,0.05382566526532173,0.008165430277585983,6.5918957648897685,0.0019889362156391144,0.0031112018041312695,0.003036793787032366,0.00043372221989557147,0.0013740276917815208,29.84579062461853,0.059681312084197996,0.0010635017084423453,0.00012157419405411929,0.0014609359425172442,0.0001651312632020563,0.018227525055408478,nan,nan,nan,nan
APSO,random_smooth,2,3.993194580078125,0.036689333617687225,0.007986389100551605,4.593982731839745,0.0027035451494157314,0.007328207604587078,0.0017981253331527114,0.0005580015713348985,0.0011298460885882378,31.01003861427307,0.06201074981689453,0.0011383663086307933,0.0001469738344894722,0.0014942410532210488,0.00018448343325871974,0.017737284302711487,nan,nan,nan,nan
APSO,random_smooth,3,4.4364848136901855,0.025881128385663033,0.008872970007359982,2.9168506558903124,0.004934621974825859,0.004783887881785631,0.005258762743324041,0.0005577602423727512,0.009138076566159725,30.333608627319336,0.0606574125289917,0.0007229531029977807,5.8373359934194013e-05,0.0009990087785903597,7.968682621140033e-05,0.01905794069170952,nan,nan,nan,nan
APSO,random_smooth,4,4.300812721252441,0.03023866005241871,0.008601625449955463,3.5154588197717067,0.00684318458661437,0.01102580688893795,0.00655702268704772,0.0011506960727274418,0.00863921083509922,35.0348756313324,0.07005831670761109,0.0008389762863051147,9.213267912855372e-05,0.0011633960351726273,0.00015038836863823235,0.017608262598514557,nan,nan,nan,nan
APSO,random_smooth,5,4.057620048522949,0.03166684880852699,0.00811524037271738,3.902145513149277,0.004056126810610294,0.009318209253251553,0.004324891604483128,0.000839914835523814,0.0017414900939911604,30.475178956985474,0.0609401593208313,0.0012515287841510143,0.00016183010302484035,0.0017172764696137164,0.00024365542049054056,0.01726117916405201,nan,nan,nan,nan
APSO,random_smooth,6,4.359444618225098,0.036948174238204956,0.008718889206647873,4.237715764300934,0.0040002926252782345,0.003411946352571249,0.002054536482319236,0.006951901130378246,0.0035827867686748505,30.072420597076416,0.06013525009155273,0.0009067367286312219,3.8884696550667286e-05,0.0012469910019593953,6.404496525647119e-05,0.018249668180942535,nan,nan,nan,nan
APSO,random_smooth,7,4.430515766143799,0.03273564204573631,0.00886103231459856,3.6943372830053116,0.003319359850138426,0.0021854089573025703,0.001186689711175859,0.008877847343683243,0.0010274925734847784,29.749091863632202,0.059488936901092526,0.0008608679582350306,0.00011983286822214723,0.001186936281909584,0.00015552325930912048,0.01853894256055355,nan,nan,nan,nan
APSO,random_smooth,8,4.155364513397217,0.0418514683842659,0.008310729637742043,5.035835625575301,0.0031664955895394087,0.003356474218890071,0.00358167989179492,0.0009035266702994704,0.004824301227927208,29.763986349105835,0.059518016815185544,0.0008993662703091105,4.4731757952831686e-05,0.0012337033864154364,7.675033702980727e-05,0.01769813895225525,nan,nan,nan,nan
APSO,random_smooth,9,4.110273361206055,0.01791973225772381,0.008220546878874302,2.179871062322521,0.002958168275654316,0.0045135715045034885,0.0034764795564115047,0.0008622286841273308,0.002980393823236227,29.845953941345215,0.05968258810043335,0.0009586446146793605,7.364586053881794e-05,0.0013063653510136646,0.00010008999379351735,0.017230473458766937,nan,nan,nan,nan
APSO,random_smooth,10,4.041234016418457,0.02503741718828678,0.008082468062639236,3.0977440299480876,0.0041106767021119595,0.006203650496900082,0.00730967428535223,0.0007271476788446307,0.002202235162258148,29.819833755493164,0.05962948274612427,0.0006892512279053335,6.19426355115138e-05,0.0009414031657972373,8.22118017822504e-05,0.01738257147371769,nan,nan,nan,nan
APSO,random_smooth,11,4.354379653930664,0.032953545451164246,0.008708760142326355,3.783953733092645,0.004028006922453642,0.0016024394426494837,0.0042536333203315735,0.007250340189784765,0.0030056145042181015,30.014575481414795,0.06001936483383179,0.0008571135916910862,5.741967834183015e-05,0.0011599713528376015,8.466356666758657e-05,0.0181538388133049,nan,nan,nan,nan
APSO,random_smooth,12,4.456002712249756,0.03470304235816002,0.00891200639307499,3.8939651552680403,0.004528399091213942,0.005385272204875946,0.0041169351898133755,0.0003529514360707253,0.008258436806499958,29.88637089729309,0.05976300477981567,0.0010103122988366522,0.0001233230868820101,0.0013794770592299756,0.0001531815796624869,0.019379325211048126,nan,nan,nan,nan
APSO,random_smooth,13,4.009642124176025,0.05225708335638046,0.008019284345209599,6.516427290372459,0.0027602396439760923,0.007557104341685772,0.0008783023804426193,0.0009504654444754124,0.001655086874961853,29.505239963531494,0.05900075912475586,0.0008255470676522236,0.00013271688658278435,0.0011471030359301948,0.00018947295029647648,0.018503636121749878,nan,nan,nan,nan
APSO,random_smooth,14,7.458152770996094,0.05812936648726463,0.014916306361556053,3.8970349011523413,0.011211796663701534,0.01663649082183838,0.0042706928215920925,0.00552725326269865,0.018412750214338303,29.963101387023926,0.05991568326950073,0.001357881264666503,0.00015043321764096618,0.0017903743082904838,0.0001496983168181032,0.018119996413588524,nan,nan,nan,nan
APSO,random_smooth,15,4.040698051452637,0.06590894609689713,0.008081396110355854,8.15563860462656,0.003179991152137518,0.006591356359422207,0.0036784736439585686,0.0008501079864799976,0.0016000252217054367,29.93425750732422,0.05985835313796997,0.001160236352204811,0.00020834646420553327,0.0016088420105719707,0.00026999544934369624,0.01761392503976822,nan,nan,nan,nan
APSO,random_smooth,16,4.0970869064331055,0.02406804822385311,0.008194174617528915,2.937214466038706,0.0014857244677841663,0.0008924102294258773,0.0020084695424884558,0.000629312009550631,0.002412706147879362,29.894757509231567,0.05977957582473755,0.0011008652486008941,0.0001768378133419901,0.0015000064585619839,0.0002511433558538556,0.018622975796461105,nan,nan,nan,nan
APSO,random_smooth,17,4.142122268676758,0.04496113210916519,0.008284245617687702,5.427305536809366,0.0036427900195121765,0.007657115813344717,0.00337781710550189,0.0010253381915390491,0.0025108885020017624,29.830676317214966,0.05965117359161377,0.0007970880237553502,0.00012042431626468897,0.0010932007469818927,0.0001482070074416697,0.016736729070544243,nan,nan,nan,nan
APSO,random_smooth,18,4.177177429199219,0.025870779529213905,0.008354355581104755,3.096681638464906,0.002236870815977454,0.0036069804336875677,0.001181574771180749,0.0002503501600585878,0.003908578306436539,29.7715802192688,0.05953273105621338,0.001011441005571396,0.00010444856889080256,0.0013713701424698228,0.0001375196734443307,0.01810932159423828,nan,nan,nan,nan
APSO,random_smooth,19,4.730090141296387,0.06320739537477493,0.00946018099784851,6.681415016176744,0.004951741546392441,0.0028945195954293013,0.007270663045346737,0.0011066412553191185,0.008535142056643963,29.621681690216064,0.05923399782180786,0.0008172098264032684,6.72833775752224e-05,0.0011158171815499373,0.00010119616490555927,0.01794721558690071,nan,nan,nan,nan
PSO_topology_aging,smooth_sine,0,4.310768127441406,0.05118713900446892,0.008621537126600742,5.937124465489687,0.004808977246284485,0.004225783050060272,0.006338409148156643,0.004014967940747738,0.004656747914850712,56.40784406661987,0.11280427837371826,0.07190418773069977,0.05290814861655235,0.030322412523161618,0.007177986670285463,0.1472547948360443,nan,nan,nan,nan
PSO_topology_aging,smooth_sine,1,4.437825679779053,0.03732819855213165,0.008875652216374874,4.205685130751753,0.009174606762826443,0.012145532295107841,0.0091975973919034,0.005127706564962864,0.010227590799331665,55.33559274673462,0.11065807962417602,0.06159654755406082,0.04067350924015045,0.027032967397151515,0.005850707180798054,0.14683982729911804,nan,nan,nan,nan
PSO_topology_aging,smooth_sine,2,4.336398124694824,0.03356630727648735,0.008672797121107578,3.8702977606607143,0.009391824714839458,0.00879207905381918,0.007816995494067669,0.009054968133568764,0.011903256177902222,56.19602155685425,0.11238096237182617,0.06958894532583654,0.04937179759144783,0.02761692193853669,0.007017610128968954,0.1035313829779625,nan,nan,nan,nan
PSO_topology_aging,smooth_sine,3,4.146873474121094,0.029694439843297005,0.008293747901916504,3.58034029903842,0.00778162619099021,0.010491746477782726,0.007945372723042965,0.004971249029040337,0.007718136068433523,55.579689502716064,0.11114813137054444,0.06796334458850324,0.04276104271411896,0.03240261616921052,0.008261336013674736,0.21738484501838684,nan,nan,nan,nan
PSO_topology_aging,smooth_sine,4,4.146039962768555,0.054882243275642395,0.008292079903185368,6.6186341564990965,0.005235261283814907,0.009117208421230316,0.004405958577990532,0.005593139678239822,0.0018247389234602451,55.887752532958984,0.1117631220817566,0.07103086165115237,0.04516168311238289,0.03166608307361603,0.005861260928213596,0.130575492978096,nan,nan,nan,nan
PSO_topology_aging,smooth_sine,5,4.673979759216309,0.057910218834877014,0.009347960352897644,6.194957685814985,0.008079621940851212,0.005861873738467693,0.007914341986179352,0.012764085084199905,0.005778187420219183,55.12255811691284,0.11023270845413208,0.07652891905345023,0.05386098474264145,0.0331557301635854,0.012512709945440292,0.24909788370132446,nan,nan,nan,nan
PSO_topology_aging,smooth_sine,6,4.249731540679932,0.033740997314453125,0.008499463088810444,3.969779851020613,0.007011457812041044,0.006591395940631628,0.0067773908376693726,0.0031806163024157286,0.011496427468955517,55.949357986450195,0.11188756036758422,0.06662791356220842,0.05255674943327904,0.02523912835093215,0.0065302737057209015,0.19082611799240112,nan,nan,nan,nan
PSO_topology_aging,smooth_sine,7,4.569209575653076,0.0335254929959774,0.009138419292867184,3.668631512907826,0.012123565189540386,0.009601781144738197,0.02142016403377056,0.004887138493359089,0.012585178017616272,57.662264347076416,0.11531162929534912,0.07934537372812629,0.06254846602678299,0.03144721842855215,0.007106865756213665,0.2730403542518616,nan,nan,nan,nan
PSO_topology_aging,smooth_sine,8,4.3835015296936035,0.04183711111545563,0.008767003193497658,4.772110856134457,0.007826643995940685,0.002776754554361105,0.009732712060213089,0.010018261149525642,0.008778846822679043,55.49264216423035,0.11097326517105102,0.06302312809713184,0.04635784029960632,0.024292101623117925,0.005180568899959326,0.16029246151447296,nan,nan,nan,nan
PSO_topology_aging,smooth_sine,9,4.223520278930664,0.023728376254439354,0.008447040803730488,2.809075604791696,0.00632233452051878,0.006981470622122288,0.006076991092413664,0.0037963136564940214,0.00843456108123064,55.4341344833374,0.11085599231719971,0.059032301845028994,0.04687853157520294,0.02356406370154582,0.00582120381295681,0.13251802325248718,nan,nan,nan,nan
PSO_topology_aging,smooth_sine,10,4.448846340179443,0.03513853996992111,0.008897692896425724,3.9491742835984542,0.008077921345829964,0.004148321226239204,0.005584360100328922,0.013428918085992336,0.009150084108114243,55.454970598220825,0.1108982834815979,0.07205130743831396,0.05222020670771599,0.030914526190422474,0.008153453469276428,0.25853466987609863,nan,nan,nan,nan
PSO_topology_aging,smooth_sine,11,4.7841033935546875,0.026501771062612534,0.00956820696592331,2.769774018998258,0.010402125306427479,0.00747746042907238,0.00983433611690998,0.014418925158679485,0.009877778589725494,55.76524376869202,0.11151878309249878,0.0713617020394653,0.050226084887981415,0.03357177133290097,0.008568225428462029,0.1377170979976654,nan,nan,nan,nan
PSO_topology_aging,smooth_sine,12,4.349864959716797,0.04366666451096535,0.008699730038642883,5.019312589816539,0.0076460144482553005,0.011547163128852844,0.007409540470689535,0.001387173542752862,0.010240180417895317,55.35005283355713,0.11068802785873413,0.07339161954894662,0.051372725516557693,0.030618379431031646,0.006372890435159206,0.142832413315773,nan,nan,nan,nan
PSO_topology_aging,smooth_sine,13,4.284392356872559,0.0277560967952013,0.008568785153329372,3.2392102612605203,0.008760398253798485,0.009409530088305473,0.004322528373450041,0.006907315459102392,0.014402218163013458,55.72699332237244,0.11144120645523072,0.07064627346582711,0.055779460817575455,0.027628307490888983,0.009725823998451233,0.11026794463396072,nan,nan,nan,nan
PSO_topology_aging,smooth_sine,14,4.210393905639648,0.04162133112549782,0.008420787751674652,4.9426885408934025,0.006648239679634571,0.0039819469675421715,0.003194363322108984,0.006986032240092754,0.012430615723133087,55.125022888183594,0.11023759412765503,0.05936601998619735,0.0395311638712883,0.02406452387624886,0.0037493689451366663,0.10169717669487,nan,nan,nan,nan
PSO_topology_aging,smooth_sine,15,4.434423446655273,0.04376599192619324,0.008868847042322159,4.934800624854823,0.006962980143725872,0.010371962562203407,0.00862994696944952,0.004015589598566294,0.004834421910345554,55.11434626579285,0.11021708822250366,0.07632712351903319,0.05402150750160217,0.03158238877654076,0.007767008617520332,0.2020573765039444,nan,nan,nan,nan
PSO_topology_aging,smooth_sine,16,4.3083648681640625,0.04638778418302536,0.008616730570793152,5.383455337487181,0.0060432069003582,0.0074211000464856625,0.0061620501801371574,0.003873467445373535,0.006716209929436445,55.40729331970215,0.11080257797241211,0.06245584661588073,0.04147205129265785,0.02705194212612696,0.0038846787065267563,0.09962842613458633,nan,nan,nan,nan
PSO_topology_aging,smooth_sine,17,4.563802242279053,0.03555324673652649,0.009127604775130749,3.8951343328751005,0.008600750006735325,0.012300918810069561,0.006203207187354565,0.004591451957821846,0.011307421140372753,54.166091203689575,0.10832107162475586,0.06920474797934294,0.04921666532754898,0.030412119472306223,0.010203437879681587,0.12072806805372238,nan,nan,nan,nan
PSO_topology_aging,smooth_sine,18,4.4145402908325195,0.03598078340291977,0.008829080499708652,4.07525827905942,0.006896538659930229,0.008620686829090118,0.007213657721877098,0.008621759712696075,0.0031300499103963375,51.29926300048828,0.10258894348144532,0.05432003663741052,0.034000203013420105,0.023961659862147645,0.0037428797222673893,0.26011383533477783,nan,nan,nan,nan
PSO_topology_aging,smooth_sine,19,4.257603168487549,0.033149391412734985,0.008515208028256893,3.892963190415541,0.006314103491604328,0.005982371978461742,0.006984732113778591,0.00216320576146245,0.010126104578375816,51.26484656333923,0.10252045249938965,0.0743517112530768,0.052424199879169464,0.027971101807663216,0.007336399517953396,0.09674102067947388,nan,nan,nan,nan
PSO_topology_aging,multi_frequency,0,4.842647552490234,0.05109918490052223,0.009685295633971691,5.275955100563902,0.010033568367362022,0.010751258581876755,0.00932171382009983,0.00485682487487793,0.01520447339862585,51.27511429786682,0.10254097175598144,0.0752110751759261,0.059270232915878296,0.033397389265242966,0.012814836576581001,0.10343590378761292,nan,nan,nan,nan
PSO_topology_aging,multi_frequency,1,4.261606216430664,0.03797793760895729,0.008523212745785713,4.455824199359029,0.008749298751354218,0.00942702405154705,0.013379499316215515,0.007650654762983322,0.004540017805993557,51.29782319068909,0.10258625030517578,0.0737705423977226,0.055182863026857376,0.03153540392285213,0.010164279490709305,0.16774384677410126,nan,nan,nan,nan
PSO_topology_aging,multi_frequency,2,4.4316205978393555,0.03333106264472008,0.008863241411745548,3.7605951475664225,0.00663229264318943,0.004189824219793081,0.007300929632037878,0.005097027402371168,0.00994138978421688,51.38731050491333,0.10276504135131836,0.06675601067207754,0.04836468771100044,0.028126595350168645,0.0069195302203297615,0.10264180600643158,nan,nan,nan,nan
PSO_topology_aging,multi_frequency,3,4.319252014160156,0.02830386720597744,0.008638504892587662,3.2764775337759895,0.0067165023647248745,0.007530336733907461,0.007124151103198528,0.005170457996428013,0.007041065953671932,51.31892156600952,0.10262904691696167,0.06472349277101457,0.04674535244703293,0.025991037919186055,0.006542096845805645,0.3500823676586151,nan,nan,nan,nan
PSO_topology_aging,multi_frequency,4,4.249436855316162,0.055171385407447815,0.008498874492943287,6.491610795436178,0.011256097815930843,0.007780294865369797,0.009972202591598034,0.011988677084445953,0.015283217653632164,51.246681451797485,0.10248424196243286,0.06483308465443552,0.044186729937791824,0.027809781273035333,0.005811444483697414,0.1091136708855629,nan,nan,nan,nan
PSO_topology_aging,multi_frequency,5,4.418798446655273,0.05829494446516037,0.008837597444653511,6.596243473437129,0.007842795923352242,0.006205418612807989,0.0024783648550510406,0.010531557723879814,0.012155840173363686,51.29419827461243,0.1025801477432251,0.06427925726138055,0.04785703122615814,0.026020144831202924,0.008676939643919468,0.12112873047590256,nan,nan,nan,nan
PSO_topology_aging,multi_frequency,6,4.400717735290527,0.03410196676850319,0.008801436051726341,3.874591210807505,0.007661308627575636,0.0030656736344099045,0.004228839185088873,0.0039892299100756645,0.01936149224638939,51.31543231010437,0.1026218638420105,0.06671030642315745,0.04603492468595505,0.02545538481674157,0.006433078087866306,0.09672249108552933,nan,nan,nan,nan
PSO_topology_aging,multi_frequency,7,4.306245803833008,0.03207334876060486,0.008612492121756077,3.724049706772346,0.010446084663271904,0.008529367856681347,0.011462140828371048,0.009901255369186401,0.011891571804881096,51.29097771644592,0.10257209920883179,0.05826037049405277,0.042310651391744614,0.022745000736787917,0.005908060818910599,0.10704528540372849,nan,nan,nan,nan
PSO_topology_aging,multi_frequency,8,4.402146339416504,0.041280340403318405,0.008804293349385262,4.688660266664185,0.008465703576803207,0.01328974962234497,0.00841930415481329,0.002119768178090453,0.010033991187810898,51.287474155426025,0.10256577730178833,0.062095662789791825,0.046426400542259216,0.025430643390771,0.008396698161959648,0.08747996389865875,nan,nan,nan,nan
PSO_topology_aging,multi_frequency,9,4.231628894805908,0.02429182641208172,0.008463257923722267,2.8702689473745604,0.00874529592692852,0.009808003902435303,0.018123339861631393,0.004235063213855028,0.002814777195453644,51.31247282028198,0.10261654281616212,0.08101169445365668,0.06723654270172119,0.02875859127517324,0.0035287204664200544,0.18905410170555115,nan,nan,nan,nan
PSO_topology_aging,multi_frequency,10,4.168859958648682,0.03276646509766579,0.008337720297276974,3.9299069684991745,0.006618728395551443,0.008569329045712948,0.009127695113420486,0.004480382427573204,0.004297507926821709,51.32061457633972,0.10263209772109985,0.07794270476363599,0.061409611254930496,0.030304394783265888,0.012083589099347591,0.13236229121685028,nan,nan,nan,nan
PSO_topology_aging,multi_frequency,11,4.69060754776001,0.026601407676935196,0.009381216950714588,2.8356030797165297,0.010561464354395866,0.011672666296362877,0.012439514510333538,0.007442357949912548,0.010691320523619652,51.355796098709106,0.10270318651199341,0.08113756098896265,0.06827424466609955,0.03180649025933817,0.010475941933691502,0.6466070413589478,nan,nan,nan,nan
PSO_topology_aging,multi_frequency,12,4.456782341003418,0.04295014590024948,0.008913565427064896,4.818514684352558,0.01118399202823639,0.010306752286851406,0.017219195142388344,0.007969285361468792,0.009240738116204739,51.61174201965332,0.10321359491348267,0.07558071048259735,0.05908588320016861,0.028532094717398288,0.009645421989262104,0.12416837364435196,nan,nan,nan,nan
PSO_topology_aging,multi_frequency,13,4.2813310623168945,0.02698768489062786,0.00856266263872385,3.151786544594032,0.007948539219796658,0.006165466737002134,0.005159576889127493,0.005837242119014263,0.014631870202720165,51.52144956588745,0.10303317499160766,0.06523082128092647,0.042620062828063965,0.02893714367961511,0.008603986352682114,0.10388574004173279,nan,nan,nan,nan
PSO_topology_aging,multi_frequency,14,4.222820281982422,0.04093090817332268,0.00844564102590084,4.846394494840236,0.007966497913002968,0.006297500338405371,0.005602460354566574,0.007533361669629812,0.012432670220732689,55.27774119377136,0.11054429292678833,0.05639204940907657,0.04502064734697342,0.02183332170234062,0.005732781253755093,0.07400786876678467,nan,nan,nan,nan
PSO_topology_aging,multi_frequency,15,4.251569747924805,0.04511197656393051,0.008503139950335026,5.305331539574753,0.006305918097496033,0.007947735488414764,0.00849856436252594,0.0019680203404277563,0.006809351500123739,55.46575880050659,0.11091710186004639,0.06720688438378275,0.049450576305389404,0.030616497220052406,0.00540467444807291,0.17758625745773315,nan,nan,nan,nan
PSO_topology_aging,multi_frequency,16,4.475651741027832,0.047051865607500076,0.00895130354911089,5.256426100327435,0.010769578628242016,0.012044443748891354,0.013099508360028267,0.010476542636752129,0.007457820698618889,54.87309145927429,0.10973413848876953,0.07225983441062271,0.05415813997387886,0.028538684572419152,0.006932340562343597,0.17875944077968597,nan,nan,nan,nan
PSO_topology_aging,multi_frequency,17,4.634306907653809,0.0368848480284214,0.009268614463508129,3.979542808004623,0.010905642062425613,0.010856266133487225,0.010052621364593506,0.0070257484912872314,0.015687933191657066,55.160468101501465,0.11030831241607666,0.06873318313658237,0.05556372180581093,0.028676039574015887,0.010451244190335274,0.32613033056259155,nan,nan,nan,nan
PSO_topology_aging,multi_frequency,18,4.407283782958984,0.03715959191322327,0.00881456770002842,4.215702139664031,0.008764355443418026,0.009481224231421947,0.006508448626846075,0.013476293534040451,0.005591454915702343,54.95940017700195,0.10990663385391235,0.07508689036332071,0.05521290376782417,0.03130765302963555,0.00942530669271946,0.1498323678970337,nan,nan,nan,nan
PSO_topology_aging,multi_frequency,19,4.109405517578125,0.03247109800577164,0.008218811824917793,3.9508263113319817,0.0063821556977927685,0.009256823919713497,0.004959724377840757,0.005795364733785391,0.0055167097598314285,54.957056283950806,0.10990075349807739,0.05340585404112935,0.03317023068666458,0.021547336644656023,0.003364099655300379,0.11073476076126099,nan,nan,nan,nan
PSO_topology_aging,slow_sine,0,5.03652811050415,0.052525844424963,0.010073056444525719,5.2144892381208265,0.012360322289168835,0.016977038234472275,0.008582611568272114,0.012344034388661385,0.011537606827914715,56.29285526275635,0.11257256412506103,0.08670324926227331,0.07081136852502823,0.03822650948315859,0.01716517098248005,0.1003538966178894,nan,nan,nan,nan
PSO_topology_aging,slow_sine,1,4.473262786865234,0.03781970217823982,0.008946525864303112,4.227305967911129,0.01166108250617981,0.015260143205523491,0.010736651718616486,0.008251935243606567,0.012395600788295269,54.73944807052612,0.10946548080444336,0.0813395277813077,0.07041284441947937,0.03777316501196474,0.01663457229733467,0.13582248985767365,nan,nan,nan,nan
PSO_topology_aging,slow_sine,2,5.586459636688232,0.03470998629927635,0.01117292046546936,3.1066171469267885,0.012197904288768768,0.00996771827340126,0.018784184008836746,0.010268546640872955,0.00977117009460926,55.16783428192139,0.11032339096069337,0.09587514529377222,0.0716843456029892,0.044983289796859026,0.021042820066213608,0.13458587229251862,nan,nan,nan,nan
PSO_topology_aging,slow_sine,3,4.733202934265137,0.023702356964349747,0.00946640595793724,2.503839056730519,0.00888290535658598,0.00807889737188816,0.005950082093477249,0.004771432839334011,0.01673121005296707,54.976500272750854,0.10993800592422485,0.07417241729423404,0.06169707328081131,0.036467167014814915,0.017393916845321655,0.1269160360097885,nan,nan,nan,nan
PSO_topology_aging,slow_sine,4,5.521997451782227,0.06591521948575974,0.01104399561882019,5.968421372191864,0.010923164896667004,0.013673864305019379,0.006277440115809441,0.009133750572800636,0.014607606455683708,54.99604034423828,0.10997935390472412,0.08491616723537446,0.07054703682661057,0.03456232429686934,0.014135593548417091,0.12222614139318466,nan,nan,nan,nan
PSO_topology_aging,slow_sine,5,5.217587471008301,0.05345597118139267,0.010435175150632858,5.122671197152905,0.012869013473391533,0.017390631139278412,0.007386599667370319,0.016449084505438805,0.010249736718833447,55.86906933784485,0.11172633504867553,0.09484300008788706,0.07179535925388336,0.04791499844137579,0.021461384370923042,0.2191140353679657,nan,nan,nan,nan
PSO_topology_aging,slow_sine,6,5.014892578125,0.03374284505844116,0.010029785335063934,3.3642639329953385,0.010864323005080223,0.004425938241183758,0.0073058512061834335,0.011649355292320251,0.020076148211956024,54.9385027885437,0.1098628273010254,0.08928677646443248,0.0672588050365448,0.041832007103413345,0.017119456082582474,0.16711008548736572,nan,nan,nan,nan
PSO_topology_aging,slow_sine,7,4.621543884277344,0.030583644285798073,0.009243087843060493,3.308812466686617,0.0076309684664011,0.010545173659920692,0.006394724827259779,0.004939639940857887,0.008644337765872478,54.80913257598877,0.10960484266281129,0.07809533041417599,0.06519800424575806,0.03515658415481448,0.01585450768470764,0.1171913743019104,nan,nan,nan,nan
PSO_topology_aging,slow_sine,8,5.546302795410156,0.028425389900803566,0.01109260506927967,2.5625531354691464,0.014676211401820183,0.01071069948375225,0.01882839947938919,0.005472959019243717,0.023692786693572998,56.6852502822876,0.11335755205154419,0.08044713398069143,0.06911721080541611,0.03854042672347278,0.01901489868760109,0.19738590717315674,nan,nan,nan,nan
PSO_topology_aging,slow_sine,9,4.913274765014648,0.025104306638240814,0.009826550260186195,2.5547426078870057,0.010179204866290092,0.01094216387718916,0.009738825261592865,0.00751890055835247,0.0125169288367033,53.388129472732544,0.1067641224861145,0.07803234455436468,0.06640934199094772,0.03844894016571343,0.016632216051220894,0.268770694732666,nan,nan,nan,nan
PSO_topology_aging,slow_sine,10,4.646280288696289,0.03616736829280853,0.009292559698224068,3.8920781213512785,0.009579513221979141,0.007399573922157288,0.005712548270821571,0.008883805945515633,0.016322128474712372,51.471511125564575,0.10293319749832153,0.08286470746025443,0.06925045698881149,0.039973644096776846,0.018330128863453865,0.15049737691879272,nan,nan,nan,nan
PSO_topology_aging,slow_sine,11,4.479274749755859,0.02802504226565361,0.008958550170063972,3.1283010904267208,0.012137701734900475,0.005620643496513367,0.014357352629303932,0.006751285865902901,0.0218215249478817,50.99655079841614,0.10198386240005493,0.08678288877233863,0.0727195143699646,0.039280037722922864,0.017658036202192307,0.1761019229888916,nan,nan,nan,nan
PSO_topology_aging,slow_sine,12,5.087882995605469,0.04607975110411644,0.010175766423344612,4.52838137070473,0.014657147228717804,0.011292329989373684,0.008409501984715462,0.013813993893563747,0.025112763047218323,51.02440905570984,0.10203922986984253,0.09859122868105769,0.0710940882563591,0.04069657836854458,0.01345580630004406,0.18278811872005463,nan,nan,nan,nan
PSO_topology_aging,slow_sine,13,4.779661178588867,0.021943766623735428,0.009559323079884052,2.2955356190348146,0.005318911280483007,0.00521827070042491,0.005589321255683899,0.006319974549114704,0.004148079082369804,51.207313776016235,0.10240531063079834,0.07328212038427591,0.06329861283302307,0.030393570092506705,0.010442351922392845,0.1870223730802536,nan,nan,nan,nan
PSO_topology_aging,slow_sine,14,4.752812385559082,0.0438789427280426,0.009505624882876873,4.6161029147157615,0.010966888628900051,0.010446727275848389,0.013807970099151134,0.010013613849878311,0.009599244222044945,51.09491443634033,0.10218045425415039,0.0779648032054305,0.06572521477937698,0.03458333929218352,0.015726367011666298,0.15208929777145386,nan,nan,nan,nan
PSO_topology_aging,slow_sine,15,5.165579795837402,0.04289836063981056,0.010331160388886929,4.152327427416157,0.014268297702074051,0.007071787025779486,0.009036428295075893,0.012465748004615307,0.02849923074245453,51.11950874328613,0.10222873830795288,0.09920845392420888,0.07334907352924347,0.04385640406552702,0.021702732890844345,0.185355544090271,nan,nan,nan,nan
PSO_topology_aging,slow_sine,16,5.0184149742126465,0.049707479774951935,0.0100368307903409,4.9525075009522626,0.011549110524356365,0.022568559274077415,0.007816452533006668,0.004181977361440659,0.011629452928900719,51.11716079711914,0.10222547483444214,0.08063467853367329,0.0659494623541832,0.037341431715432555,0.015183613635599613,0.18964028358459473,nan,nan,nan,nan
PSO_topology_aging,slow_sine,17,5.5838093757629395,0.03192812576889992,0.011167619377374649,2.858991221852134,0.01735292747616768,0.016929928213357925,0.026841266080737114,0.009964676573872566,0.015675842761993408,51.154688358306885,0.10229954671859741,0.09059610599130392,0.07259996235370636,0.03983239899147302,0.015864364802837372,0.2127697467803955,nan,nan,nan,nan
PSO_topology_aging,slow_sine,18,4.798566818237305,0.05033985897898674,0.009597133845090866,5.245301335954236,0.012433124706149101,0.007119782269001007,0.014746328815817833,0.008317288011312485,0.01954909786581993,51.14316964149475,0.10227672004699707,0.08832413325086236,0.06907439231872559,0.03375748761035502,0.01232814509421587,0.15312281250953674,nan,nan,nan,nan
PSO_topology_aging,slow_sine,19,5.204792499542236,0.0405489057302475,0.010409585200250149,3.895343085262714,0.01517129223793745,0.013275882229208946,0.013829021714627743,0.006057893391698599,0.027522370219230652,51.09108328819275,0.10217263889312744,0.08355751700550318,0.06879743933677673,0.04263762437272817,0.023767584934830666,0.12014012038707733,nan,nan,nan,nan
PSO_topology_aging,aggressive_sine,0,4.076739311218262,0.05275551229715347,0.008153478614985943,6.470307311555318,0.004604143090546131,0.004349452443420887,0.006614345591515303,0.003273331094533205,0.004179443698376417,51.09068822860718,0.10217158365249633,0.07117379736155272,0.05353904142975807,0.027038317555747926,0.008136484771966934,0.09625524282455444,nan,nan,nan,nan
PSO_topology_aging,aggressive_sine,1,4.167008399963379,0.038162555545568466,0.008334017358720303,4.579130796462412,0.004479715600609779,0.0027750206645578146,0.002805059775710106,0.003908650018274784,0.008430133573710918,51.19548463821411,0.10238208675384522,0.04597003827206791,0.02963888831436634,0.02017695721173659,0.002893222961574793,0.11935897916555405,nan,nan,nan,nan
PSO_topology_aging,aggressive_sine,2,4.239472389221191,0.03562626987695694,0.00847894512116909,4.201733749639452,0.005156902130693197,0.009071283042430878,0.0068560754880309105,0.0013489642878994346,0.0033512841910123825,51.360625982284546,0.10271155214309692,0.06681719873733818,0.05062704533338547,0.025093179971398785,0.004388496279716492,0.12259012460708618,nan,nan,nan,nan
PSO_topology_aging,aggressive_sine,3,4.099451065063477,0.028800802305340767,0.008198902942240238,3.512762927947448,0.007433188613504171,0.005063693504780531,0.014704558067023754,0.005911833606660366,0.004052668809890747,51.19726252555847,0.1023847451210022,0.050577393366768954,0.037516672164201736,0.019208810887788422,0.003790250513702631,0.18162021040916443,nan,nan,nan,nan
PSO_topology_aging,aggressive_sine,4,4.215928554534912,0.05285540968179703,0.008431858383119106,6.268536220629075,0.004133034497499466,0.010489480569958687,0.0030399661045521498,0.0022333869710564613,0.0007693053921684623,51.24627208709717,0.10248232650756836,0.057341671346127984,0.035834599286317825,0.025373971923347564,0.005857354495674372,0.1648693084716797,nan,nan,nan,nan
PSO_topology_aging,aggressive_sine,5,4.194180965423584,0.05593672767281532,0.008388361893594265,6.668373203537052,0.00615900382399559,0.004334971308708191,0.007952607236802578,0.0061255935579538345,0.006222842261195183,51.31979322433472,0.10263099956512452,0.058099931904301044,0.04041309282183647,0.024168730202969165,0.006806166842579842,0.09955038130283356,nan,nan,nan,nan
PSO_topology_aging,aggressive_sine,6,4.257986068725586,0.03418845683336258,0.008515972644090652,4.014627366973332,0.004573263227939606,0.002491297433152795,0.004885619506239891,0.0067115663550794125,0.00420457124710083,51.343969106674194,0.1026775894165039,0.050002846055477855,0.03251331299543381,0.01898758814043831,0.0032621845602989197,0.09803859144449234,nan,nan,nan,nan
PSO_topology_aging,aggressive_sine,7,4.121115684509277,0.03330828249454498,0.008242231793701649,4.041172746439588,0.003926464822143316,0.006728138774633408,0.006859335117042065,0.0017643214669078588,0.0003540631732903421,51.30352973937988,0.1025975751876831,0.052442850717157125,0.037230249494314194,0.02047291819630191,0.005744706839323044,0.09881290793418884,nan,nan,nan,nan
PSO_topology_aging,aggressive_sine,8,4.120766639709473,0.04351924732327461,0.008241533301770687,5.280479460530061,0.00402469327673316,0.0032645040191709995,0.006151700392365456,0.0038135703653097153,0.0028689983300864697,51.296303510665894,0.10258341312408448,0.0502303295109421,0.03411246836185455,0.019562736185570247,0.0023512979969382286,0.13073667883872986,nan,nan,nan,nan
PSO_topology_aging,aggressive_sine,9,4.226996421813965,0.023877179250121117,0.008453993126749992,2.824367005287634,0.0055688172578811646,0.006861593574285507,0.0034290109761059284,0.00095778563991189,0.011026877909898758,51.350412130355835,0.10269163322448731,0.06218982093147934,0.04233309626579285,0.02683440860323608,0.005361941177397966,0.2953697144985199,nan,nan,nan,nan
PSO_topology_aging,aggressive_sine,10,4.052933216094971,0.03753094747662544,0.008105865679681301,4.6300973837628465,0.0031118604820221663,0.00334313977509737,0.005212406627833843,0.0008164694299921393,0.0030754259787499905,51.26072907447815,0.10251121759414673,0.06646813871152699,0.04752790927886963,0.027056477831304073,0.006985928863286972,0.15134134888648987,nan,nan,nan,nan
PSO_topology_aging,aggressive_sine,11,3.979191303253174,0.026404831558465958,0.007958383299410343,3.3178637626592273,0.006493763532489538,0.012652024626731873,0.008320010267198086,0.003618749789893627,0.0013842685148119926,51.20511484146118,0.10240096092224121,0.05488957355543971,0.03826584294438362,0.019047162218135783,0.0032337019219994545,0.08621339499950409,nan,nan,nan,nan
PSO_topology_aging,aggressive_sine,12,4.02938985824585,0.04780161753296852,0.008058779872953892,5.931619710000486,0.006067956797778606,0.011393748223781586,0.0072120483964681625,0.001101367175579071,0.00456466106697917,51.15715980529785,0.10230512285232544,0.06037917512357235,0.04490423947572708,0.025004922595992685,0.008777614682912827,0.111289843916893,nan,nan,nan,nan
PSO_topology_aging,aggressive_sine,13,4.061084747314453,0.030155381187796593,0.008122170343995094,3.7127245441350727,0.00481968279927969,0.0040773614309728146,0.0039167460054159164,0.004167884588241577,0.007116738706827164,51.172306299209595,0.10233481359481812,0.05122566152699292,0.035696275532245636,0.01999454049062915,0.0038832630962133408,0.14381791651248932,nan,nan,nan,nan
PSO_topology_aging,aggressive_sine,14,4.14014196395874,0.04182986542582512,0.008280284702777863,5.0517424131312865,0.00491705909371376,0.003556192619726062,0.008733893744647503,0.002350682858377695,0.005027467384934425,51.20147967338562,0.10239376831054688,0.07172705916725099,0.053149402141571045,0.028481498414231463,0.00757299130782485,0.12461598962545395,nan,nan,nan,nan
PSO_topology_aging,aggressive_sine,15,4.337401390075684,0.03928017616271973,0.0086748031899333,4.528076926091248,0.0048615531995892525,0.006637836806476116,0.004729080479592085,0.004032961558550596,0.004046333488076925,51.29549551010132,0.10258092117309571,0.06217187615819275,0.038985662162303925,0.025358442062279208,0.006571820005774498,0.18262818455696106,nan,nan,nan,nan
PSO_topology_aging,aggressive_sine,16,4.31146240234375,0.04903044179081917,0.00862292479723692,5.686056986897323,0.005334269255399704,0.004566616844385862,0.0037903371267020702,0.0027158986777067184,0.01026422530412674,51.19169092178345,0.10237404584884643,0.057153065072745084,0.04224489629268646,0.02310482213431969,0.006875668186694384,0.12558594346046448,nan,nan,nan,nan
PSO_topology_aging,aggressive_sine,17,3.962919235229492,0.03920245170593262,0.007925838232040405,4.946158445103723,0.004340954124927521,0.01065347995609045,0.0029442559462040663,0.0011513924691826105,0.0026146878954023123,51.15277099609375,0.10229573774337769,0.051352695564553144,0.03315824642777443,0.01964801575348247,0.0027842095587402582,0.21458682417869568,nan,nan,nan,nan
PSO_topology_aging,aggressive_sine,18,4.182246208190918,0.03900307044386864,0.008364493027329445,4.662932985470042,0.006658329628407955,0.010286970995366573,0.004211225546896458,0.004497793037444353,0.007637328933924437,51.2432906627655,0.10247679662704468,0.06872240441180766,0.049053676426410675,0.027586731784325094,0.006155264563858509,0.1364939659833908,nan,nan,nan,nan
PSO_topology_aging,aggressive_sine,19,4.250596046447754,0.038089677691459656,0.008501192554831505,4.480509933845934,0.009910762310028076,0.020864825695753098,0.008399785496294498,0.005335660185664892,0.005042778328061104,51.23924779891968,0.10246790170669556,0.06454021261669696,0.04720249027013779,0.024013839301886036,0.003919848240911961,0.19107967615127563,nan,nan,nan,nan
PSO_topology_aging,random_smooth,0,4.227563858032227,0.02123754657804966,0.008455128408968449,2.511794682564816,0.005840769037604332,0.010756561532616615,0.006145895458757877,0.0012986548244953156,0.005161965265870094,51.366596698760986,0.10272547292709351,0.059621044916287065,0.04371749609708786,0.025717595637170597,0.006964245345443487,0.2020411491394043,nan,nan,nan,nan
PSO_topology_aging,random_smooth,1,4.394015789031982,0.05382566526532173,0.008788032457232475,6.124882392875515,0.004381269682198763,0.007933761924505234,0.004070211201906204,0.001362386392429471,0.004158718977123499,51.252978563308716,0.10249846029281616,0.04945650869458914,0.037807051092386246,0.022143951556039973,0.006665969267487526,0.11066816002130508,nan,nan,nan,nan
PSO_topology_aging,random_smooth,2,4.259641647338867,0.036689333617687225,0.00851928349584341,4.306621987117588,0.007645351812243462,0.010208122432231903,0.012117407284677029,0.005934093147516251,0.002321785781532526,51.34425139427185,0.10268096685409546,0.05571349095255136,0.04099782556295395,0.023314227743679656,0.006694079376757145,0.109457828104496,nan,nan,nan,nan
PSO_topology_aging,random_smooth,3,4.145359992980957,0.025881128385663033,0.008290720172226429,3.1216984590028436,0.005335407331585884,0.008099528960883617,0.0074577732011675835,0.0036190084647387266,0.0021653207950294018,51.25685954093933,0.10250578117370605,0.05716939573921263,0.04260117933154106,0.020250035816291347,0.004321686457842588,0.07423848658800125,nan,nan,nan,nan
PSO_topology_aging,random_smooth,4,4.159038543701172,0.03023866005241871,0.008318077772855759,3.6352942203901977,0.0047487299889326096,0.008336879312992096,0.005584346130490303,0.0022356926929205656,0.0028380013536661863,51.2296040058136,0.10245104837417603,0.06523962416239083,0.04373586177825928,0.027386902672238648,0.006092526949942112,0.3172057271003723,nan,nan,nan,nan
PSO_topology_aging,random_smooth,5,4.171680450439453,0.03166684880852699,0.00834336131811142,3.795454565749888,0.003424133639782667,0.0021098412107676268,0.005486327689141035,0.0035206153988838196,0.0025797495618462563,51.30021595954895,0.10259237480163574,0.06267034398540855,0.0497460700571537,0.02093310864781961,0.003941571339964867,0.11031319200992584,nan,nan,nan,nan
PSO_topology_aging,random_smooth,6,4.100635051727295,0.036948174238204956,0.00820127036422491,4.505176953972651,0.003761822823435068,0.0018285217229276896,0.008574800565838814,0.0023256749846041203,0.0023182935547083616,51.27564096450806,0.10254318284988403,0.0670168184351176,0.04866441339254379,0.03239889453556389,0.012263605371117592,0.5384613275527954,nan,nan,nan,nan
PSO_topology_aging,random_smooth,7,4.364645957946777,0.03273564204573631,0.008729292079806328,3.750091272746438,0.0063512371852993965,0.008730614557862282,0.006973743438720703,0.0062106698751449585,0.0034899204038083553,51.2432119846344,0.10247871446609497,0.05807482411079109,0.04412814602255821,0.026381166653893888,0.008890734985470772,0.22485843300819397,nan,nan,nan,nan
PSO_topology_aging,random_smooth,8,4.173806667327881,0.0418514683842659,0.008347614668309689,5.0135841251930255,0.004774249624460936,0.008465010672807693,0.005835441406816244,0.003066594246774912,0.0017299515893682837,51.16905665397644,0.10233020830154418,0.06342226443365216,0.048900313675403595,0.027904501787386835,0.008632039651274681,0.1086685061454773,nan,nan,nan,nan
PSO_topology_aging,random_smooth,9,4.358572959899902,0.01791973225772381,0.008717146702110767,2.055687815071958,0.004486407153308392,0.005757118575274944,0.0037629958242177963,0.005042858421802521,0.003382656257599592,51.26156759262085,0.10251519680023194,0.04547384920436889,0.031191760674118996,0.017429324247455226,0.004428425803780556,0.09389737248420715,nan,nan,nan,nan
PSO_topology_aging,random_smooth,10,4.5460028648376465,0.02503741718828678,0.009092005901038647,2.753783649153436,0.003839538199827075,0.003728258889168501,0.002381624188274145,0.007682419382035732,0.001565849408507347,51.30908513069153,0.10260996198654175,0.05620795959979296,0.04172956943511963,0.02346045275204815,0.007480892818421125,0.1464788019657135,nan,nan,nan,nan
PSO_topology_aging,random_smooth,11,4.465622901916504,0.032953545451164246,0.00893124658614397,3.6896915938127517,0.0071293991059064865,0.008274535648524761,0.0061439829878509045,0.008787639439105988,0.005311439745128155,51.26707077026367,0.1025261836051941,0.05518512086197734,0.043823931366205215,0.01937408543624915,0.006736050825566053,0.08378081023693085,nan,nan,nan,nan
PSO_topology_aging,random_smooth,12,4.524574279785156,0.03470304235816002,0.009049149230122566,3.834950830807548,0.006308147218078375,0.006673783995211124,0.009332623332738876,0.006447814404964447,0.002778366906568408,51.220723152160645,0.1024335536956787,0.06861211318410933,0.052884671837091446,0.027635392181854696,0.008707480505108833,0.10144118964672089,nan,nan,nan,nan
PSO_topology_aging,random_smooth,13,4.740179538726807,0.05225708335638046,0.009480359964072704,5.512141264088789,0.00615063076838851,0.006442144513130188,0.005384822841733694,0.008705372922122478,0.00407018419355154,51.27515959739685,0.10254192113876343,0.06574670757092535,0.050765007734298706,0.026993192548677325,0.00889817625284195,0.21731431782245636,nan,nan,nan,nan
PSO_topology_aging,random_smooth,14,4.884651184082031,0.05812936648726463,0.009769302792847157,5.950206244996882,0.006052048411220312,0.007398773916065693,0.010315505787730217,0.0033946658950299025,0.0030992478132247925,51.3147075176239,0.10262143087387085,0.0664018927808851,0.04918869584798813,0.028753839061409235,0.010969817638397217,0.10424099862575531,nan,nan,nan,nan
PSO_topology_aging,random_smooth,15,4.267669200897217,0.06590894609689713,0.008535338565707207,7.721890067923293,0.005727802403271198,0.00932595506310463,0.0054894923232495785,0.004773053340613842,0.003322708187624812,51.25687503814697,0.10250503730773926,0.055152617335692045,0.039033129811286926,0.02179538457454182,0.00588280288502574,0.24683421850204468,nan,nan,nan,nan
PSO_topology_aging,random_smooth,16,4.410704612731934,0.02406804822385311,0.008821409195661545,2.7283677346800794,0.005166954826563597,0.008255816996097565,0.006741942837834358,0.004285350441932678,0.0013847079826518893,51.270617961883545,0.10253270959854126,0.05183171005994081,0.041074447333812714,0.020525394680351017,0.007306469604372978,0.12945161759853363,nan,nan,nan,nan
PSO_topology_aging,random_smooth,17,4.349059581756592,0.04496113210916519,0.008698119781911373,5.169063342018633,0.005618024617433548,0.008132673799991608,0.00960822869092226,0.0025553228333592415,0.0021758731454610825,51.31341624259949,0.10261830949783325,0.06151829971075058,0.04946644604206085,0.024452448869775982,0.008321205154061317,0.199738547205925,nan,nan,nan,nan
PSO_topology_aging,random_smooth,18,4.681407928466797,0.025870779529213905,0.009362815879285336,2.763140903630439,0.007369922008365393,0.014308965764939785,0.005822898354381323,0.004719429183751345,0.00462839612737298,51.251670837402344,0.10249524593353271,0.05772457787692547,0.04250342771410942,0.024678927686903624,0.007573097012937069,0.30276209115982056,nan,nan,nan,nan
PSO_topology_aging,random_smooth,19,4.349282264709473,0.06320739537477493,0.00869856495410204,7.26641643860667,0.003913952969014645,0.0038553904742002487,0.0044554900377988815,0.0028025847859680653,0.00454234704375267,51.23318886756897,0.102457923412323,0.05498941690027714,0.04106254503130913,0.024129601004440338,0.00914634671062231,0.09678027778863907,nan,nan,nan,nan
PSO_final,smooth_sine,0,4.094240188598633,0.05118713900446892,0.008188480511307716,6.251115690363196,0.003043513745069504,0.004890488460659981,0.0021800422109663486,0.0017581519205123186,0.0033453728538006544,51.05145740509033,0.10209472417831421,0.011940655720746145,0.003971530124545097,0.0015904023170296567,0.0004978071665391326,0.013921082951128483,0.686423328332603,1.6297696179057646,1.3165389601514175,0.09233508772402135
PSO_final,smooth_sine,1,3.9876160621643066,0.03732819855213165,0.007975232787430286,4.680515233481885,0.0046721575781702995,0.006791142281144857,0.004870427306741476,0.003542556893080473,0.0034845031332224607,51.046324014663696,0.10208411550521851,0.013088179933093488,0.009102178737521172,0.0013690357847051928,0.00019095296738669276,0.014284562319517136,0.5955940678405266,1.461650148097815,1.5965296681606247,0.07615527120215745
PSO_final,smooth_sine,2,4.289301872253418,0.03356630727648735,0.008578604087233543,3.912793612475934,0.003844676073640585,0.0027891062200069427,0.0020016427151858807,0.001264145947061479,0.00932380836457014,52.21469020843506,0.10442081403732299,0.01176663609421812,0.005325400736182928,0.001521550273837056,0.0004978848737664521,0.015503840520977974,0.6078929011089106,1.5369046608230463,1.4181052664598683,0.07675663007436472
PSO_final,smooth_sine,3,4.05914831161499,0.029694439843297005,0.008118296973407269,3.657717861340342,0.004800598137080669,0.00754067488014698,0.0025943145155906677,0.002594937104731798,0.006472465582191944,52.87590050697327,0.10574334239959716,0.012730484213214368,0.008716162294149399,0.0013299670879699987,0.000357654265826568,0.015381131321191788,0.6532754146959633,1.4762782702229558,1.5966104535914099,0.08449964390011361
PSO_final,smooth_sine,4,4.249411106109619,0.054882243275642395,0.008498823270201683,6.457628489354386,0.0042382702231407166,0.002390393754467368,0.003050685627385974,0.004275082610547543,0.007236919365823269,52.84281539916992,0.10567689561843872,0.016610398196894676,0.00977054052054882,0.0014939130746672163,0.00031031889375299215,0.0159517340362072,0.5873972498967003,1.4486314037108774,1.621330958139578,0.07499366331836985
PSO_final,smooth_sine,5,4.029229164123535,0.057910218834877014,0.00805845856666565,7.186265010336653,0.0016550974687561393,0.0017761504277586937,0.0022103385999798775,0.0015292031457647681,0.0011046974686905742,52.88086771965027,0.10575396537780762,0.01026988408328034,0.0038083719555288553,0.00136012275487883,0.0004151852335780859,0.01477004587650299,0.6610704065300524,1.604669917390366,1.3302684868818977,0.08674632425464274
PSO_final,smooth_sine,6,4.17716646194458,0.033740997314453125,0.008354333229362965,4.0387420980364634,0.004093661904335022,0.004352855496108532,0.0010480330092832446,0.0029363527428358793,0.008037406019866467,53.01095151901245,0.1060136284828186,0.01737104032970965,0.011518994346261024,0.0015763422708041618,0.00021260607172735035,0.014762332662940025,0.5517439116723836,1.407641267722274,1.7032548005514627,0.0705596663155499
PSO_final,smooth_sine,7,4.2638654708862305,0.0335254929959774,0.008527731522917747,3.931349492638192,0.005226355046033859,0.006582920905202627,0.005716039799153805,0.0021466664038598537,0.0064597949385643005,53.067883014678955,0.10612737703323365,0.01834232459422201,0.01357559859752655,0.0015376495232165325,0.0003158158215228468,0.015411274507641792,0.532594472107788,1.3554755554805804,1.815708951760723,0.06824962303352482
PSO_final,smooth_sine,8,3.9892797470092773,0.04183711111545563,0.007978559471666813,5.243692331181605,0.004384852480143309,0.006554925348609686,0.003638487309217453,0.002583562396466732,0.004762434400618076,53.0859911441803,0.10616324281692505,0.012537968682684005,0.007281681522727013,0.0013915783466451103,0.000351808441337198,0.015368718653917313,0.6330747079104185,1.5181741321928244,1.499050072340912,0.08209897820974463
PSO_final,smooth_sine,9,3.976006269454956,0.023728376254439354,0.007952013052999973,2.9839458381532205,0.0022974619641900063,0.0021423797588795424,0.001991463592275977,0.001777048222720623,0.003278956515714526,52.77646064758301,0.10554446363449096,0.012872046961449087,0.008181310258805752,0.001478171176541946,0.0002619982697069645,0.014667361974716187,0.6171750400836269,1.4929072575526405,1.5413785139786647,0.07944679103657712
PSO_final,smooth_sine,10,4.0286455154418945,0.03513853996992111,0.008057291619479656,4.361085787805999,0.004316634498536587,0.005613728426396847,0.005101140588521957,0.0040275463834404945,0.0025241218972951174,52.723427534103394,0.10543816328048707,0.016542490937933325,0.013481341302394867,0.0016173555727174971,0.00020053511252626777,0.014769509434700012,0.4936590984153251,1.3751373069195332,1.7894648879328863,0.06535325651000944
PSO_final,smooth_sine,11,4.185172080993652,0.026501771062612534,0.008370344527065754,3.166150566075062,0.003975863568484783,0.005333333741873503,0.0055033741518855095,0.0015154269058257341,0.0035513178445398808,52.76736903190613,0.1055257568359375,0.015197502422798425,0.008624272421002388,0.0015770219499594532,0.0004300240834709257,0.015903398394584656,0.5820761752314867,1.4686339649629931,1.5721638022641433,0.07412647983620382
PSO_final,smooth_sine,12,4.068665981292725,0.04366666451096535,0.008137332275509834,5.366213770375927,0.0037284339778125286,0.0053632063791155815,0.0026932116597890854,0.0010350310476496816,0.005822287406772375,52.68271446228027,0.10535652875900268,0.008816830685385503,0.00377901759929955,0.001385457068050164,0.0004146301653236151,0.015190213918685913,0.6955373562096309,1.6373384971850373,1.3153059896492103,0.09437516183702868
PSO_final,smooth_sine,13,3.9694864749908447,0.0277560967952013,0.007938973605632782,3.4961820222589064,0.0034758951514959335,0.002436902839690447,0.0024235693272203207,0.0015930114313960075,0.007450096309185028,52.746901512145996,0.10548485231399536,0.013963384008593857,0.006425792817026377,0.0015906696053687483,0.0002566227631177753,0.01456377375870943,0.6419932018965483,1.5435264804975999,1.4511870156999536,0.08364682187584825
PSO_final,smooth_sine,14,4.3876118659973145,0.04162133112549782,0.008775223977863789,4.7430505740356015,0.00629468634724617,0.008284187875688076,0.004139409400522709,0.0035199474077671766,0.00923520140349865,52.763508558273315,0.10551841020584106,0.01581926831882447,0.012640927918255329,0.001477350474211562,0.00019277899991720915,0.014925279654562473,0.5709766859809557,1.3634637515764207,1.7904367285955085,0.07179519843582052
PSO_final,smooth_sine,15,4.083362102508545,0.04376599192619324,0.008166725747287273,5.359062282791963,0.004350772127509117,0.0074913050048053265,0.00495505053550005,0.00295030465349555,0.0020064301788806915,52.71464133262634,0.10542069387435914,0.013898833949258551,0.006883801426738501,0.0015159817479841876,0.00031645456328988075,0.014944091439247131,0.5650497204003235,1.4954283672455913,1.4768476712166432,0.06989682398817615
PSO_final,smooth_sine,16,4.196667194366455,0.04638778418302536,0.008393336087465286,5.5267397492043076,0.004712013062089682,0.006847349461168051,0.0019182104151695967,0.0018584997160360217,0.00822399277240038,52.7219340801239,0.10543541431427002,0.00822234428577358,0.0014390447176992893,0.001312530119001167,0.00037781501305289567,0.015148654580116272,0.7636736782888571,1.7681696613295637,1.1613292381180886,0.11108566100682188
PSO_final,smooth_sine,17,4.061217308044434,0.03555324673652649,0.008122434839606285,4.377166137814144,0.005644771736115217,0.00897659920156002,0.004016458988189697,0.002905236091464758,0.0066807931289076805,52.69125199317932,0.1053733720779419,0.014232207453111186,0.007449653930962086,0.0014698895262292354,0.00030830258037894964,0.014242090284824371,0.6188646617966393,1.5102944392724655,1.5032090848924817,0.07967378366754252
PSO_final,smooth_sine,18,4.111324787139893,0.03598078340291977,0.008222649805247784,4.375813667749348,0.002924672793596983,0.0013812974793836474,0.003058571368455887,0.0028734137304127216,0.0043854075483977795,52.78794527053833,0.10556693744659423,0.012412102343793958,0.008171848952770233,0.0013951584101247136,0.00030045059975236654,0.015652108937501907,0.571179597110798,1.4749193957804774,1.5474393370721091,0.0722427487403482
PSO_final,smooth_sine,19,4.116312026977539,0.033149391412734985,0.008232624270021915,4.026588646034097,0.0036282360088080168,0.0070308237336575985,0.0017971307970583439,0.0007644247962161899,0.004920565523207188,52.74386787414551,0.10547990798950195,0.013307602399867028,0.007386554963886738,0.0015032121718977578,0.0005553115624934435,0.014289066195487976,0.5324935330388446,1.4724997433619231,1.5092342944140076,0.0651614913479519
PSO_final,multi_frequency,0,4.163689613342285,0.05109918490052223,0.008327379822731018,6.136286081371982,0.002090409165248275,0.0005543064326047897,0.0017883013933897018,0.002876284997910261,0.003142743371427059,52.67594313621521,0.10534380292892456,0.019934948352351784,0.015838652849197388,0.0015879728051513666,0.0002958885452244431,0.013921082951128483,0.48881160452341044,1.3492505117009084,1.8507494882990916,0.06507494882990916
PSO_final,multi_frequency,1,3.991304636001587,0.03797793760895729,0.007982609793543816,4.757584122384778,0.003491826355457306,0.005985721945762634,0.0030325211118906736,0.001819221070036292,0.0031298415269702673,52.69576692581177,0.10538295888900757,0.010296374695096165,0.004977261181920767,0.0013290275541570735,0.00043744334834627807,0.014256883412599564,0.6360258677508682,1.562815302069788,1.3946780415502733,0.08209769370774339
PSO_final,multi_frequency,2,4.123015403747559,0.03333106264472008,0.00824603158980608,4.0420731210785865,0.0035521150566637516,0.002325917361304164,0.002760465955361724,0.0023839324712753296,0.006738143973052502,52.87130308151245,0.1057342357635498,0.015184837202914058,0.010902509093284607,0.0016254086413886397,0.0004238006367813796,0.015394268557429314,0.5753040941742559,1.4133933893251567,1.6930166631669858,0.07322851947732653
PSO_final,multi_frequency,3,4.0965752601623535,0.02830386720597744,0.008193151094019413,3.454576497025404,0.004083143547177315,0.00698281591758132,0.0012242711381986737,0.0020369391422718763,0.00608854740858078,53.2368700504303,0.10646456146240234,0.013793201755546033,0.006596177816390991,0.0015142569894262125,0.0004566381685435772,0.015511054545640945,0.5419244150941571,1.4810839322683806,1.4902000832073692,0.06616863916292184
PSO_final,multi_frequency,4,4.131482124328613,0.055171385407447815,0.008262964896857738,6.67694781426804,0.003291923087090254,0.0018054016400128603,0.002930745016783476,0.0033395360223948956,0.005092008970677853,55.057435274124146,0.1101042308807373,0.010881022787326947,0.006387114524841309,0.0013754437660623807,0.0004988584551028907,0.015491262078285217,0.6093612308769176,1.5241270188567269,1.4571546910499686,0.07763130783075779
PSO_final,multi_frequency,5,4.0179243087768555,0.05829494446516037,0.00803584884852171,7.254360499312331,0.0029457106720656157,0.0015575451543554664,0.0025305813178420067,0.003138924017548561,0.004555793013423681,55.13173580169678,0.1102525601387024,0.013961706026550382,0.0116967698559165,0.0013814902962491033,0.00021840352565050125,0.014744224026799202,0.6283406842810413,1.379330594941747,1.759157666096505,0.07814298928441285
PSO_final,multi_frequency,6,4.132335662841797,0.03410196676850319,0.008264672011137009,4.126233530205347,0.003404999850317836,0.0026305371429771185,0.002307055052369833,0.0023605998139828444,0.006321807857602835,55.92527437210083,0.11184109020233154,0.012845040377695113,0.010099654085934162,0.0013277841557661305,0.00024322711396962404,0.01408916711807251,0.5815083214702705,1.4364414681258737,1.6457326703724158,0.07417565044597998
PSO_final,multi_frequency,7,4.192469596862793,0.03207334876060486,0.008384939283132553,3.825114014257058,0.0035881991498172283,0.004514570347964764,0.00280683278106153,0.003380618989467621,0.003650774946436286,55.932201623916626,0.11185256242752076,0.013988499293476344,0.010102387517690659,0.0014221577881835402,0.0003072379622608423,0.01479792594909668,0.5631409646943212,1.4259123638661417,1.6640427580324404,0.07187620347544366
PSO_final,multi_frequency,8,3.9657230377197266,0.041280340403318405,0.00793144665658474,5.204642001727036,0.00486597279086709,0.004066369496285915,0.0030133919790387154,0.004568571224808693,0.007815559394657612,56.48591470718384,0.11296039915084839,0.006887010439368896,0.0029269640799611807,0.0012356331955787026,0.0004874049627687782,0.015368718653917313,0.6676823400737097,1.6285807459106996,1.279115868344494,0.08760334562195572
PSO_final,multi_frequency,9,4.001221179962158,0.02429182641208172,0.008002441376447678,3.0355519358849685,0.0031167385168373585,0.0031525089871138334,0.002133748959749937,0.0005598195130005479,0.006620876025408506,56.03412699699402,0.1120574460029602,0.0135655451961793,0.008924813941121101,0.0015766312611289323,0.000509415112901479,0.014124476350843906,0.5896409460653861,1.4685791702396873,1.5772902467377297,0.0752691549852031
PSO_final,multi_frequency,10,4.026635646820068,0.03276646509766579,0.008053272031247616,4.068714551120111,0.0023451787419617176,0.004027021583169699,0.0015941865276545286,0.0018302199896425009,0.0019292871002107859,55.27850389480591,0.11054586410522461,0.009755672204075382,0.0045298682525753975,0.0014338586911617312,0.0005107800243422389,0.01588478311896324,0.5688637471136948,1.5200958847801038,1.3817297620368771,0.06755571601951575
PSO_final,multi_frequency,11,4.032913684844971,0.026601407676935196,0.008065827190876007,3.2980383843366337,0.004276755265891552,0.004013616591691971,0.0043297577649354935,0.004701769910752773,0.004061875399202108,54.91578269004822,0.10982020664215088,0.01943711652997881,0.016835585236549377,0.0013858987423736836,0.0002575851103756577,0.015944184735417366,0.4809299030651649,1.35375434110562,1.8462456588943799,0.06462456588943799
PSO_final,multi_frequency,12,4.176226615905762,0.04295014590024948,0.00835245382040739,5.142218900427825,0.003964496776461601,0.003821861930191517,0.0025703669525682926,0.001846063300035894,0.007619695737957954,55.210814237594604,0.11041187572479248,0.01273910258738324,0.010519573464989662,0.0014111489306407748,0.00029781978810206056,0.015185190364718437,0.5132325427606702,1.427049066069131,1.6503126978846365,0.06583596187388951
PSO_final,multi_frequency,13,4.081282138824463,0.02698768489062786,0.008162564598023891,3.3062751989933923,0.003913386724889278,0.0024320892989635468,0.0012996902223676443,0.0026717553846538067,0.009250011295080185,56.72866249084473,0.11344502115249634,0.018503788419347255,0.014904115349054337,0.001464567351952428,0.0003928616060875356,0.014631591737270355,0.4258595031375687,1.3852231410642464,1.8147768589357536,0.06147768589357534
PSO_final,multi_frequency,14,4.313093185424805,0.04093090817332268,0.008626187220215797,4.744959404242878,0.004655857104808092,0.00298246624879539,0.002782154828310013,0.0023796188179403543,0.010479188524186611,55.57737159729004,0.11114403009414672,0.013919328688131645,0.006934526842087507,0.0014687818712089211,0.0003834631061181426,0.014925279654562473,0.6577631349364917,1.5397138079250337,1.476680480710411,0.08647776566013815
PSO_final,multi_frequency,15,4.162450790405273,0.04511197656393051,0.008324901573359966,5.418920111715281,0.0030184960924088955,0.003856610506772995,0.004357175901532173,0.0007607736624777317,0.0030994233675301075,54.980292320251465,0.10994969654083252,0.007311813795915805,0.0021129767410457134,0.0012452466029528296,0.0004380267346277833,0.01540033333003521,0.6817176456252734,1.6588291631296965,1.2289606577637255,0.09028596375917473
PSO_final,multi_frequency,16,4.093473434448242,0.047051865607500076,0.0081869475543499,5.747180532810476,0.0047859931364655495,0.006863968446850777,0.0027245234232395887,0.0022560209035873413,0.007299458142369986,56.465502977371216,0.11292039012908936,0.00956065889170859,0.0020315053407102823,0.0012615970591461519,0.00029199564596638083,0.014520926401019096,0.6961257087687651,1.6738939597751419,1.2263933621250038,0.09394443123484758
PSO_final,multi_frequency,17,4.027884006500244,0.0368848480284214,0.008055767975747585,4.578687983500225,0.005494100507348776,0.009236319921910763,0.005559828132390976,0.0015946391504257917,0.005585613660514355,55.8317186832428,0.11165308904647828,0.013892068307846785,0.007738969288766384,0.001458640066019143,0.0003336381050758064,0.014373947866261005,0.6055645450018347,1.4933626621672347,1.5308129532339267,0.07756479228383115
PSO_final,multi_frequency,18,4.184578895568848,0.03715959191322327,0.008369158022105694,4.440063363013649,0.005050672218203545,0.004562612622976303,0.0033314216416329145,0.004396447446197271,0.007912206463515759,55.800220251083374,0.11158848428726197,0.01626247872998938,0.012705336324870586,0.0016275695886928587,0.0006148568354547024,0.014590227976441383,0.46383754964917895,1.4014756064862606,1.733749445527758,0.062421046197421205
PSO_final,multi_frequency,19,4.035728454589844,0.03247109800577164,0.008071457035839558,4.022953707315885,0.0037017918657511473,0.005923150107264519,0.001673043007031083,0.0020044746343046427,0.005206499248743057,55.879313230514526,0.11174827194213867,0.012508915220247581,0.006795786786824465,0.0013699210622347892,0.00034951651468873024,0.014262311160564423,0.6275991019948076,1.5275750895162805,1.4716478534765678,0.0810823243153068
PSO_final,slow_sine,0,4.5052032470703125,0.052525844424963,0.009010407142341137,5.829464040324756,0.0052705006673932076,0.005253707990050316,0.0030348803848028183,0.0031485850922763348,0.009644828736782074,54.32387399673462,0.1086358962059021,0.019709271081071348,0.014610221609473228,0.0019858836122089996,0.0009884084574878216,0.01522159669548273,0.4038977839052677,1.4025985226035118,1.784408864378929,0.05974014773964882
PSO_final,slow_sine,1,4.1231608390808105,0.03781970217823982,0.00824632216244936,4.586250868351527,0.005391851998865604,0.00705549493432045,0.0037909268867224455,0.0031041796319186687,0.007616805844008923,54.48258304595947,0.10895565700531006,0.021330122856609523,0.016175825148820877,0.0020807468546787276,0.0010822911281138659,0.015385264530777931,0.4,1.4,1.8,0.06
PSO_final,slow_sine,2,4.088458061218262,0.03470998629927635,0.008176916278898716,4.244874854454443,0.004013200756162405,0.0033223493956029415,0.0031274044886231422,0.0023502155672758818,0.007252833805978298,53.69187569618225,0.10737299346923829,0.02226497175823897,0.016040105372667313,0.002049984055320965,0.0007563174585811794,0.01492510735988617,0.4,1.4,1.8,0.06
PSO_final,slow_sine,3,4.203551292419434,0.023702356964349747,0.008407102897763252,2.819325188782436,0.005549777299165726,0.006514330394566059,0.002282283268868923,0.0023907215800136328,0.011011775583028793,52.74872708320618,0.10548741292953491,0.020953755188174546,0.01507497113198042,0.0019561550734564664,0.000768360449001193,0.01432395726442337,0.4,1.4,1.8,0.06
PSO_final,slow_sine,4,4.356944561004639,0.06591521948575974,0.008713888935744762,7.5643860016820454,0.005873735528439283,0.005736581981182098,0.004271745681762695,0.0030782658141106367,0.01040834840387106,52.71990489959717,0.10543073940277099,0.01942418919643387,0.011037381365895271,0.0018794938625360373,0.0006708328146487474,0.01598859764635563,0.49385070949792864,1.4207594900874905,1.666781551239115,0.06395378627434928
PSO_final,slow_sine,5,4.483028411865234,0.05345597118139267,0.008966057561337948,5.9620374747422185,0.004939535167068243,0.008968031033873558,0.0032893847674131393,0.004046785645186901,0.003453939687460661,52.71450924873352,0.10541900682449341,0.021032379155792296,0.01622169464826584,0.0019322101014200598,0.0004351073002908379,0.015441946685314178,0.4,1.4,1.8,0.06
PSO_final,slow_sine,6,4.257220268249512,0.03374284505844116,0.00851444061845541,3.963013728148167,0.006431467831134796,0.0072920615784823895,0.0032602481078356504,0.0054701934568583965,0.009703368879854679,52.68572235107422,0.10536250066757202,0.02176803306695074,0.01728919893503189,0.0020545310080226043,0.000817819032818079,0.01482953317463398,0.456075720799466,1.3679567309717338,1.8320432690282662,0.06320432690282662
PSO_final,slow_sine,7,4.160174369812012,0.030583644285798073,0.008320349268615246,3.6757644779602026,0.005122174974530935,0.0060700043104588985,0.004361182451248169,0.002556885126978159,0.007500627543777227,52.7338547706604,0.10545921754837036,0.01663948003053665,0.01184553187340498,0.0019582957989070565,0.0009153747814707458,0.014747345820069313,0.42349288538098334,1.4156619235873222,1.7060284584760665,0.05843380764126778
PSO_final,slow_sine,8,4.527279376983643,0.028425389900803566,0.009054559282958508,3.139345495733039,0.005448286887258291,0.003391694976016879,0.00419493205845356,0.005726556293666363,0.00847996398806572,52.83403205871582,0.10565872478485107,0.020081724253762513,0.013155466876924038,0.0017446672464779113,0.0008310713456012309,0.014769267290830612,0.41306392587721347,1.4087092839181423,1.747744296491146,0.05912907160818577
PSO_final,slow_sine,9,4.152420520782471,0.025104306638240814,0.008304841816425323,3.022851872818275,0.004551058169454336,0.0038428574334830046,0.004238431341946125,0.004294813610613346,0.005828130058944225,52.82680010795593,0.10564319705963135,0.018955804133601487,0.013935092836618423,0.0019330372866184916,0.0008351018186658621,0.014531563967466354,0.40815353691577916,1.4054356912771861,1.7673858523368835,0.05945643087228139
PSO_final,slow_sine,10,4.148125648498535,0.03616736829280853,0.00829625129699707,4.359483216943989,0.0036358728539198637,0.0070153954438865185,0.002478147391229868,0.002045104280114174,0.003004844766110182,52.75339341163635,0.10549751043319702,0.019998216244950892,0.017230641096830368,0.0017266282307566144,0.0006966567598283291,0.014294499531388283,0.4,1.4,1.8,0.06
PSO_final,slow_sine,11,4.359093189239502,0.02802504226565361,0.008718187920749187,3.214549000366731,0.005874434486031532,0.006025472190231085,0.0025588490534573793,0.0038577811792492867,0.01105563621968031,52.77123188972473,0.10553379440307617,0.025531048357114196,0.020087096840143204,0.002189047763281269,0.0008546115132048726,0.015861639752984047,0.4,1.4,1.8,0.06
PSO_final,slow_sine,12,4.3372697830200195,0.04607975110411644,0.008674539625644684,5.3120687774472914,0.005837264470756054,0.006631651893258095,0.0038923840038478374,0.005287762265652418,0.007537260185927153,52.803571462631226,0.10559746122360229,0.021036272693984212,0.016834072768688202,0.001960206467017997,0.0006297113141044974,0.01615210250020027,0.4,1.4,1.8,0.06
PSO_final,slow_sine,13,4.409255504608154,0.021943766623735428,0.008818511851131916,2.4883752490414577,0.003951719030737877,0.005808444228023291,0.0027645789086818695,0.003131830831989646,0.004102022387087345,52.866623640060425,0.10572359037399293,0.020212530763354154,0.013795189559459686,0.0016992335380462463,0.0005620419979095459,0.013981150463223457,0.4935243973508477,1.347288596515892,1.8518861684359043,0.06534963032788187
PSO_final,slow_sine,14,4.190929889678955,0.0438789427280426,0.008381860330700874,5.234988534385843,0.005857005249708891,0.0037357346154749393,0.0022166185081005096,0.0014249983942136168,0.01605067029595375,52.92344808578491,0.10583793163299561,0.019437865307275207,0.012905161827802658,0.0020877250202116556,0.0009177604806609452,0.016069430857896805,0.41775865778326987,1.4118391051888466,1.7289653688669204,0.058816089481115344
PSO_final,slow_sine,15,4.123319149017334,0.04289836063981056,0.00824663881212473,5.201920639077667,0.00564997224137187,0.007603914942592382,0.0043040974996984005,0.0022275010123848915,0.008464375510811806,52.967060565948486,0.10592447996139526,0.018614271751977503,0.01572205126285553,0.0019187417094712145,0.001009929459542036,0.014778714627027512,0.4,1.4,1.8,0.06
PSO_final,slow_sine,16,4.181618690490723,0.049707479774951935,0.008363237604498863,5.943569001102232,0.007255109958350658,0.012433873489499092,0.0037516651209443808,0.003379331436008215,0.009455570951104164,52.78247022628784,0.10555660200119019,0.018920200004335492,0.013251181691884995,0.0020407201868714764,0.0011411861050873995,0.015003547072410583,0.44517658799886706,1.3977036240571632,1.7573148870539725,0.06148878854369997
PSO_final,slow_sine,17,4.115392684936523,0.03192812576889992,0.008230785839259624,3.8791102565939095,0.005270170979201794,0.007512322627007961,0.0033471467904746532,0.004290844313800335,0.005930368788540363,52.752806663513184,0.10549518203735352,0.02422614397071302,0.0208989679813385,0.0020653222925728185,0.001038076588883996,0.014293345622718334,0.4,1.4,1.8,0.06
PSO_final,slow_sine,18,4.235965728759766,0.05033985897898674,0.008471932262182236,5.941957208947276,0.004246847238391638,0.0029176976531744003,0.004048760049045086,0.0027771289460361004,0.007243802305310965,52.68100190162659,0.10535336112976074,0.021010725950170308,0.011151395738124847,0.002013248956773896,0.0010179048404097557,0.01509672962129116,0.47034633262082937,1.4207970064764364,1.6664409255514459,0.06145330108891095
PSO_final,slow_sine,19,4.278367042541504,0.0405489057302475,0.008556734770536423,4.738829333575976,0.006909615360200405,0.012940047308802605,0.007054761052131653,0.002333106240257621,0.0053105480037629604,52.516709327697754,0.10502396392822265,0.020430918874405325,0.0175956841558218,0.001732011535827769,0.0005542435683310032,0.01476072147488594,0.42320937042435014,1.3867375026146571,1.813262497385343,0.06132624973853429
PSO_final,aggressive_sine,0,4.084974765777588,0.05275551229715347,0.008169949986040592,6.457262576551024,0.003157243598252535,0.006723076105117798,0.0017662530299276114,0.003086524084210396,0.0010531209409236908,52.54780650138855,0.10508620071411133,0.01037025552848354,0.006051007658243179,0.0012546465179941152,0.0004336326674092561,0.013478505425155163,0.6381755414729317,1.5381679843577718,1.459056293959392,0.08296122568448923
PSO_final,aggressive_sine,1,4.0000715255737305,0.038162555545568466,0.008000143803656101,4.770233696065314,0.004026563372462988,0.0029509454034268856,0.007539837621152401,0.0019068610854446888,0.003708608215674758,52.58603882789612,0.10516277647018432,0.016696933176182212,0.013601124286651611,0.0014495395648176782,0.0002092974609695375,0.015925876796245575,0.4496523706242442,1.38634167760046,1.7882113230047807,0.062338693875706425
PSO_final,aggressive_sine,2,4.02762508392334,0.03562626987695694,0.008055250160396099,4.422739104008794,0.003236636985093355,0.002381139900535345,0.00245625339448452,0.0021575072314590216,0.005951647646725178,52.69236993789673,0.10537570524215699,0.009736651688069106,0.005678079556673765,0.001364402940569562,0.0003521852195262909,0.015288567170500755,0.6398827884656688,1.5565388577801094,1.417092689031101,0.0830805820045398
PSO_final,aggressive_sine,3,4.026794910430908,0.028800802305340767,0.008053590543568134,3.5761443482301254,0.0032150186598300934,0.005506980232894421,0.001793854869902134,0.002080801408737898,0.0034784390591084957,52.68291115760803,0.1053556981086731,0.011871742305159569,0.009292885661125183,0.0011885230345884338,0.0001496810291428119,0.015010073781013489,0.5382082649506629,1.4433520872787822,1.612273935209644,0.06836528412134804
PSO_final,aggressive_sine,4,4.0644731521606445,0.05285540968179703,0.008128946647047997,6.502122842815227,0.002563303569331765,0.0009820435661822557,0.0028752214275300503,0.0038175692316144705,0.002578380052000284,52.6876425743103,0.10536573219299317,0.01063775267507881,0.007598928175866604,0.0012664599876850843,0.0003171559947077185,0.01557452604174614,0.6349107975605875,1.50510350457388,1.5289105291913216,0.08233659170939991
PSO_final,aggressive_sine,5,3.988429069519043,0.05593672767281532,0.007976858876645565,7.0123752391540215,0.002565976930782199,0.002681975718587637,0.0049221813678741455,0.001571797183714807,0.0010879536857828498,52.71276330947876,0.10541622591018676,0.010821685716882348,0.008700301870703697,0.0011490951481304365,0.00023650751973036677,0.014853538945317268,0.6510860728410385,1.4804368061511894,1.587862489095661,0.08430614602390277
PSO_final,aggressive_sine,6,4.016911506652832,0.03418845683336258,0.00803382322192192,4.25556498929083,0.0017520382534712553,0.002696289448067546,0.0003428464406169951,0.0016618383815512061,0.0023071784526109695,52.701725006103516,0.1053941774368286,0.011667973711621015,0.008589211851358414,0.0012292978846555342,0.00025892455596476793,0.014094715006649494,0.6676977340597658,1.4912750070704097,1.5769626165106567,0.08697638504232622
PSO_final,aggressive_sine,7,4.128589630126953,0.03330828249454498,0.008257179521024227,4.033857131207606,0.0033338647335767746,0.0037701826076954603,0.001619684393517673,0.004096862860023975,0.0038487284909933805,52.70642304420471,0.10540457630157471,0.011601790361851454,0.007703771814703941,0.0013586824120546226,0.00032513786572963,0.014824539422988892,0.5843578169743221,1.4889746245025752,1.5218770135709696,0.07403742923301354
PSO_final,aggressive_sine,8,3.958047866821289,0.04351924732327461,0.007916095666587353,5.497564602075592,0.0020903737749904394,0.001230740686878562,0.0010624317219480872,0.002273834776133299,0.0037944880314171314,52.71070170402527,0.10541078233718872,0.013548184387106449,0.010553151369094849,0.0014276805621775566,0.00036259458283893764,0.015336831100285053,0.6648057985740403,1.40783493053052,1.7164268910359302,0.08343697642095962
PSO_final,aggressive_sine,9,3.9200282096862793,0.023877179250121117,0.007840056903660297,3.0455364729525813,0.0012276460183784366,0.0013598406221717596,0.001411514705978334,0.001120199915021658,0.0010190289467573166,51.265379667282104,0.10252122259140015,0.014183668863866478,0.011161869391798973,0.0013670088874874636,0.00016957506886683404,0.015114950016140938,0.46420043793817367,1.4192390777507984,1.672901940823194,0.06100853793708554
PSO_final,aggressive_sine,10,3.9780848026275635,0.03753094747662544,0.007956170476973057,4.717212581762599,0.0025841104798018932,0.0017540970584377646,0.0024409350007772446,0.002249809680506587,0.003891600063070655,51.93077492713928,0.10385292148590088,0.011276279978221282,0.006833188701421022,0.0013047159873560304,0.0003302834811620414,0.015889422968029976,0.6315084903190533,1.511177566899521,1.5130330620046668,0.08181951174465396
PSO_final,aggressive_sine,11,4.013458251953125,0.026404831558465958,0.008026916533708572,3.2895360812063252,0.004242984112352133,0.005616284906864166,0.0030013378709554672,0.0006930978852324188,0.007661215029656887,52.86897945404053,0.10572830533981323,0.01779836954185739,0.01433639694005251,0.0012980348454671913,0.00031578500056639314,0.014764310792088509,0.564724208166202,1.3058718810478847,1.8941281189521155,0.06941281189521153
PSO_final,aggressive_sine,12,4.019262313842773,0.04780161753296852,0.008038525469601154,5.946565413487492,0.0031671090982854366,0.004801999311894178,0.0025694987270981073,0.0016030978877097368,0.0036938402336090803,52.90223574638367,0.10579442167282105,0.008018332980619743,0.0015908086206763983,0.0012071559495350811,0.0004521740193013102,0.015332881361246109,0.7203216632828117,1.7131768351261802,1.1868261050346358,0.09981432731746903
PSO_final,aggressive_sine,13,4.023853302001953,0.030155381187796593,0.008047707378864288,3.7470772442588727,0.0032162980642169714,0.0035455073229968548,0.0029222723096609116,0.0021326846908777952,0.004264728166162968,52.82791996002197,0.10564671802520752,0.01475046805460006,0.011718858033418655,0.0011862107969325734,0.00022519506455864757,0.01561122015118599,0.5768708608578891,1.3859447398894096,1.7475147886527824,0.07292202416776124
PSO_final,aggressive_sine,14,4.111894607543945,0.04182986542582512,0.008223789744079113,5.086446362024442,0.0029064505361020565,0.004187237471342087,0.0020429533906280994,0.0025157281197607517,0.0028798826970160007,53.078288316726685,0.10614732789993286,0.01465054879328236,0.010880935937166214,0.001355293278003228,0.000251611607382074,0.015417804010212421,0.5205317267837624,1.3596383814983088,1.8118457842633826,0.06734921841540528
PSO_final,aggressive_sine,15,4.2053961753845215,0.03928017616271973,0.008410792797803879,4.670210895336297,0.004898467101156712,0.005962296389043331,0.004134382586926222,0.003018804360181093,0.006478385534137487,52.95458149909973,0.10589966201782226,0.009086554357269778,0.004759663715958595,0.0012236104268289636,0.00031113962177187204,0.015391811728477478,0.6651554085314273,1.5804361468454489,1.3968107222999682,0.08802636388469635
PSO_final,aggressive_sine,16,4.022119522094727,0.04903044179081917,0.00804423913359642,6.095099981059194,0.0037263487465679646,0.007259848527610302,0.002984198508784175,0.0022471267729997635,0.002414220944046974,52.81445097923279,0.10561876583099365,0.014546872326172888,0.010683717206120491,0.00134089798181667,0.00020242809841874987,0.015126829035580158,0.5741242147982121,1.3961483837106732,1.7277257825114098,0.07283960821374723
PSO_final,aggressive_sine,17,3.9649908542633057,0.03920245170593262,0.007929982617497444,4.943573472586524,0.004083761014044285,0.0063046361319720745,0.004357366822659969,0.0023493340704590082,0.003323707729578018,52.71940779685974,0.10542930030822754,0.011775108561199158,0.008231859654188156,0.0013502399379824055,0.0004078564525116235,0.015143733471632004,0.619872297719121,1.4883094760692366,1.5534116390678856,0.07985207411977502
PSO_final,aggressive_sine,18,4.099001884460449,0.03900307044386864,0.008198004215955734,4.7576299568079214,0.0032422305084764957,0.002724121790379286,0.0031300715636461973,0.003549413289874792,0.003565315157175064,52.728386878967285,0.10544776201248168,0.01056298823999241,0.005503068212419748,0.001349713886738755,0.0003335464862175286,0.014627146534621716,0.6720720211509615,1.5770209875104002,1.4136605548189696,0.08938963559490211
PSO_final,aggressive_sine,19,4.020439147949219,0.038089677691459656,0.008040878921747208,4.737004258134399,0.0029769614338874817,0.005748276598751545,0.002015113364905119,0.0006765328580513597,0.003467923030257225,52.64009475708008,0.10526990079879761,0.011300190028967335,0.006278223358094692,0.0014330994370800908,0.0004636418307200074,0.015330744907259941,0.5851817161465684,1.5070612403236754,1.470999808149228,0.07340780923034951
PSO_final,random_smooth,0,4.131493091583252,0.02123754657804966,0.008262986317276955,2.570202317005462,0.0035900594666600227,0.006971364375203848,0.00249776104465127,0.002488410798832774,0.00240270234644413,52.94855833053589,0.10588955116271973,0.009673610356962308,0.007659465074539185,0.0012618032225291244,0.0005032328190281987,0.014398297294974327,0.5788281737826765,1.4884217342469275,1.5175224093924997,0.07306943595000029
PSO_final,random_smooth,1,4.034730434417725,0.05382566526532173,0.008069461211562157,6.670292334784231,0.0019078872865065932,0.0018046563491225243,0.0019342012237757444,0.0016560107469558716,0.0022366803605109453,52.95577430725098,0.10590379333496094,0.009942172433575616,0.006868107244372368,0.0013044877059117425,0.0005164065514691174,0.015557643957436085,0.6214728291146456,1.5208533924488536,1.4808004430302089,0.08003169515245939
PSO_final,random_smooth,2,4.096409797668457,0.036689333617687225,0.00819281954318285,4.478230409482898,0.0036046220920979977,0.007117701228708029,0.003350708167999983,0.0017148021142929792,0.002235276624560356,52.69399166107178,0.10538038301467896,0.011833548386394978,0.009542332962155342,0.0012232208300411002,0.00033962319139391184,0.01529678888618946,0.5389732082995276,1.4456124379723911,1.6062652789168617,0.06838053339246791
PSO_final,random_smooth,3,3.9923996925354004,0.025881128385663033,0.007984799332916737,3.2412997880823404,0.0021511856466531754,0.00338820181787014,0.0020734567660838366,0.0009283753461204469,0.002214708598330617,52.519092321395874,0.10503015565872192,0.009638612619182096,0.00543011212721467,0.0013808227283938323,0.0006008310010656714,0.015581748448312283,0.6424952747921149,1.5630905018257781,1.404620178483345,0.08350597747814298
PSO_final,random_smooth,4,4.054112911224365,0.03023866005241871,0.008108226582407951,3.729380246726966,0.0027108988724648952,0.006206006743013859,0.0003408101329114288,0.0011235920246690512,0.0031731862109154463,52.53959012031555,0.10507171630859374,0.008068734853481875,0.003936363384127617,0.0012435524705913849,0.0004748138599097729,0.014254709705710411,0.6699373584085455,1.6142718567107308,1.3231481505612281,0.08866817831263446
PSO_final,random_smooth,5,4.092434406280518,0.03166684880852699,0.008184868842363358,3.868950061194051,0.002417593961581588,0.004094838164746761,0.0017757078167051077,0.0021461041178554296,0.0016537256306037307,52.635642766952515,0.10526350402832031,0.006254392731259577,0.003376361448317766,0.0011465939898975194,0.0005512158386409283,0.014756886288523674,0.6612726183918616,1.618136820205553,1.2931777421691566,0.08628841508808632
PSO_final,random_smooth,6,4.177411079406738,0.036948174238204956,0.008354822173714638,4.422377097917026,0.0028532654978334904,0.004849298391491175,0.0016421007458120584,0.0024958988651633263,0.0024257637560367584,52.73592185974121,0.10546419763565064,0.008409501859825105,0.005387578625231981,0.001169374908838654,0.00035710266092792153,0.014585659839212894,0.6169217133584122,1.5481984469382757,1.40112076300801,0.07827802311942743
PSO_final,random_smooth,7,4.200992584228516,0.03273564204573631,0.00840198528021574,3.896179409266443,0.0028050958644598722,0.003016689559444785,0.0035433447919785976,0.00110650435090065,0.0035538445226848125,52.48345112800598,0.10495895051956176,0.012140710227377713,0.009104332886636257,0.0015035855988273397,0.0006086426437832415,0.01585732214152813,0.538601471669972,1.4553722856236146,1.5771066286213258,0.06783751782184723
PSO_final,random_smooth,8,4.116697311401367,0.0418514683842659,0.008233395405113697,5.083135975501952,0.0030520965810865164,0.0031253546476364136,0.002549142111092806,0.002221452770754695,0.004312437027692795,52.471606969833374,0.10493539381027221,0.009563687449833378,0.006320108659565449,0.0012076065827859566,0.0004194576176814735,0.015066631138324738,0.6975165548268706,1.5716418180835914,1.4521425690109433,0.09389387327100035
PSO_final,random_smooth,9,4.103890419006348,0.01791973225772381,0.008207781240344048,2.1832614360677898,0.0022221982944756746,0.0036381471436470747,0.002349593210965395,0.0009372704662382603,0.0019637823570519686,52.457101345062256,0.10490621137619019,0.007061847514845431,0.003899704199284315,0.0012244498897576704,0.0005631665699183941,0.015204835683107376,0.6257824692254266,1.576435743960055,1.331049652962564,0.07873781952884225
PSO_final,random_smooth,10,4.088167190551758,0.02503741718828678,0.008176335133612156,3.0621808890098303,0.0028042923659086227,0.00597788393497467,0.0018048333004117012,0.0018312884494662285,0.0016031641280278563,52.604700326919556,0.10520117855072021,0.006761912896088324,0.00270301615819335,0.0011651311524037737,0.0005144023452885449,0.015254959464073181,0.7188107794461152,1.6888190867954094,1.241974684722872,0.09970190816816658
PSO_final,random_smooth,11,4.12917423248291,0.032953545451164246,0.008258350193500519,3.9903303540093664,0.003413138445466757,0.005903743207454681,0.0029160294216126204,0.0027181445620954037,0.0021146368235349655,52.68340229988098,0.10535896062850952,0.01325382874701172,0.009272102266550064,0.0014792682509461883,0.0004228516772855073,0.015281464904546738,0.49795470349490645,1.4408638085765118,1.5977147023114435,0.0627314783586488
PSO_final,random_smooth,12,4.009784698486328,0.03470304235816002,0.00801957119256258,4.327294006734914,0.002373708179220557,0.002895694226026535,0.0021209795959293842,0.0022691008634865284,0.0022090577986091375,52.75379300117493,0.10549944925308227,0.007541112242173404,0.004018859937787056,0.0012138359142583794,0.0004383194609545171,0.01455068401992321,0.6837496479041875,1.617791333677177,1.339871577400222,0.09181580050970027
PSO_final,random_smooth,13,4.076395034790039,0.05225708335638046,0.008152790367603302,6.409717532298408,0.002576216123998165,0.0029958568047732115,0.002848320407792926,0.0021169763058423996,0.0023437105119228363,52.688146114349365,0.10536791467666626,0.007884231797605753,0.006040110252797604,0.0011482217222946929,0.0003995130828116089,0.014955773949623108,0.6139018083301683,1.52870732990059,1.4512265681495113,0.07840708419889522
PSO_final,random_smooth,14,4.177023887634277,0.05812936648726463,0.008354048244655132,6.958227291116668,0.003143287729471922,0.005680781789124012,0.004421837627887726,0.0014078430831432343,0.0010626878356561065,52.43720865249634,0.10486644077301026,0.008475522682815791,0.005943466909229755,0.001249000227652141,0.0004390342510305345,0.015770526602864265,0.6573868421992908,1.553958089389401,1.4459357891920792,0.08651382342465547
PSO_final,random_smooth,15,4.109889030456543,0.06590894609689713,0.008219778537750244,8.018335992168522,0.002844088478013873,0.004900747444480658,0.002946329303085804,0.0012279198272153735,0.0023013572208583355,52.500606298446655,0.10499315786361695,0.009430075022345408,0.005630573723465204,0.0012442839307652321,0.00041330611566081643,0.01487320102751255,0.6053671286751826,1.5367361528527743,1.4138150713073632,0.07616938033496493
PSO_final,random_smooth,16,4.182796001434326,0.02406804822385311,0.008365591987967491,2.8770286978460082,0.0034874407574534416,0.006172884255647659,0.003923479001969099,0.0014631228987127542,0.0023902771063148975,52.51696062088013,0.10502599477767945,0.0126637026890181,0.008945533074438572,0.001386322385299718,0.000557314429897815,0.015004035085439682,0.5727695486818751,1.4595826760928583,1.5884926667312356,0.07287499344846467
PSO_final,random_smooth,17,4.157636642456055,0.04496113210916519,0.008315272629261017,5.407054478400297,0.0024340315721929073,0.004691727459430695,0.0018895691027864814,0.0012357758823782206,0.0019190534949302673,52.66345500946045,0.10531897354125977,0.009731575295282529,0.006439823657274246,0.0014057819129899144,0.0005495042423717678,0.015334833413362503,0.5805581830752393,1.5089107216305528,1.4575725192487528,0.07228139817147874
PSO_final,random_smooth,18,4.194637298583984,0.025870779529213905,0.008389274589717388,3.083792198305601,0.002989445347338915,0.003252945840358734,0.0031340308487415314,0.0014729456743225455,0.004097858443856239,52.69867563247681,0.10538945198059083,0.009520642629498616,0.00532219372689724,0.0013438138588215225,0.0006305457791313529,0.015315652824938297,0.5983493554095427,1.5368760010544866,1.398384325933206,0.07439003050689935
PSO_final,random_smooth,19,4.191288471221924,0.06320739537477493,0.008382577449083328,7.540329422388687,0.0031297835521399975,0.004894324578344822,0.0030202362686395645,0.0018919345457106829,0.002712637884542346,52.68947148323059,0.10537084102630616,0.008252008294966072,0.004528280347585678,0.0012857507473410805,0.0003547457163222134,0.015084359794855118,0.6176286259976526,1.554078884014053,1.384576156525491,0.07811948301123016
DE,smooth_sine,0,5.7642741203308105,0.05118713900446892,0.011528548784554005,4.4400331699207145,0.010535824112594128,0.010478156618773937,0.008848884142935276,0.01540924422442913,0.007407009601593018,64.24080991744995,0.12847217988967896,0.05791521113216877,0.036611489951610565,0.0003012564643766382,0.0,0.05224251747131348,nan,nan,nan,nan
DE,smooth_sine,1,5.556125640869141,0.03732819855213165,0.011112252250313759,3.359192872091045,0.009354231879115105,0.008063931949436665,0.006728241220116615,0.009000844322144985,0.013623910956084728,66.16650867462158,0.1323231143951416,0.05259848144762218,0.03180406615138054,0.0003106870392570272,0.0,0.04239465668797493,nan,nan,nan,nan
DE,smooth_sine,2,4.863846778869629,0.03356630727648735,0.009727695025503635,3.45059206610453,0.006501322146505117,0.005943202879279852,0.006354797165840864,0.004813453182578087,0.008893835358321667,63.243842363357544,0.1264781379699707,0.055488886412978174,0.030726008117198944,0.00029785752599127593,0.0,0.04750224947929382,nan,nan,nan,nan
DE,smooth_sine,3,5.513283729553223,0.029694439843297005,0.011026567779481411,2.6929902792193747,0.006315977778285742,0.0070322114042937756,0.005012060049921274,0.0077519891783595085,0.005467649549245834,63.637425899505615,0.1272658166885376,0.06285751401223243,0.047029945999383926,0.00030599081106774976,0.0,0.0486411452293396,nan,nan,nan,nan
DE,smooth_sine,4,6.087497711181641,0.054882243275642395,0.012174995616078377,4.507783411697049,0.009737047366797924,0.008198361843824387,0.007342168129980564,0.004242525901645422,0.01916513405740261,63.99188446998596,0.12797392797470092,0.059697826401144266,0.041629012674093246,0.000316430797270732,0.0,0.05282895267009735,nan,nan,nan,nan
DE,smooth_sine,5,5.310967445373535,0.057910218834877014,0.01062193512916565,5.451946197248698,0.00844188965857029,0.00661627110093832,0.0067083705216646194,0.011170336976647377,0.009272579103708267,63.185203075408936,0.1263605933189392,0.057407155825197696,0.034854643046855927,0.0003131296792940702,0.0,0.05006057024002075,nan,nan,nan,nan
DE,smooth_sine,6,6.258278846740723,0.033740997314453125,0.012516558170318604,2.6957089045825335,0.008426487445831299,0.010739832185208797,0.0041582705453038216,0.005942751653492451,0.0128650963306427,60.292083740234375,0.12057547426223755,0.05922960939519108,0.04223271459341049,0.000311345489427913,0.0,0.051920339465141296,nan,nan,nan,nan
DE,smooth_sine,7,6.030864715576172,0.0335254929959774,0.012061730958521366,2.7794926873486867,0.010465532541275024,0.01094222441315651,0.004455911926925182,0.010328752920031548,0.016135238111019135,61.265564918518066,0.12252234125137329,0.05548713207282126,0.03839530795812607,0.0003187182501365896,0.0,0.04320072755217552,nan,nan,nan,nan
DE,smooth_sine,8,5.436300277709961,0.04183711111545563,0.01087260153144598,3.8479393358115264,0.007301311939954758,0.00671981368213892,0.0070595755241811275,0.0045363944955170155,0.010889465920627117,63.43414330482483,0.1268588719367981,0.060846279457211494,0.04172709956765175,0.0003017789810313843,0.0,0.04153718426823616,nan,nan,nan,nan
DE,smooth_sine,9,5.208680152893066,0.023728376254439354,0.010417360812425613,2.277772334249634,0.0071936859749257565,0.0047090002335608006,0.007276706397533417,0.00804879516363144,0.008740241639316082,64.46159839630127,0.12891369819641113,0.06100018084384501,0.039971671998500824,0.0002893782494531479,0.0,0.04397527873516083,nan,nan,nan,nan
DE,smooth_sine,10,5.590460777282715,0.03513853996992111,0.011180922389030457,3.14272282261751,0.00913039781153202,0.01602127216756344,0.010592574253678322,0.00434812530875206,0.0055596185848116875,63.731441497802734,0.12745362043380737,0.059576040225103495,0.047826655209064484,0.0002969199962564744,0.0,0.054005399346351624,nan,nan,nan,nan
DE,smooth_sine,11,6.2079997062683105,0.026501771062612534,0.012415999546647072,2.1344855050167353,0.01005761232227087,0.010015948675572872,0.012797409668564796,0.01128443144261837,0.0061326599679887295,64.26252937316895,0.12851528215408325,0.06664941706508398,0.049758877605199814,0.0003116234618297312,0.0,0.040277011692523956,nan,nan,nan,nan
DE,smooth_sine,12,5.20792818069458,0.04366666451096535,0.010415855795145035,4.192326139088729,0.0065706102177500725,0.008379430510103703,0.009933138266205788,0.0053283399902284145,0.002641533501446247,66.07151794433594,0.13213320827484132,0.05798861038163304,0.03842160478234291,0.0003116786549100652,0.0,0.05587918683886528,nan,nan,nan,nan
DE,smooth_sine,13,5.36793851852417,0.0277560967952013,0.01073587778955698,2.5853588629893176,0.0057177916169166565,0.005377675406634808,0.007691295817494392,0.004506409168243408,0.005295787006616592,65.39487814903259,0.13077971601486207,0.06116994112506509,0.04082014039158821,0.0003000596581667196,0.0,0.03156758099794388,nan,nan,nan,nan
DE,smooth_sine,14,4.897258758544922,0.04162133112549782,0.009794519282877445,4.249451139297799,0.009274120442569256,0.007510998751968145,0.009420400485396385,0.003938484005630016,0.016226600855588913,65.31214356422424,0.13061249542236328,0.056199480733647944,0.03230425342917442,0.000329095235553541,0.0,0.04120646044611931,nan,nan,nan,nan
DE,smooth_sine,15,5.893855094909668,0.04376599192619324,0.011787710711359978,3.7128491696029964,0.007593749091029167,0.0025974486488848925,0.006623263470828533,0.007817134261131287,0.0133371502161026,65.52816820144653,0.13104646968841552,0.06133809935972095,0.04968813434243202,0.0002854828149138484,0.0,0.05346912145614624,nan,nan,nan,nan
DE,smooth_sine,16,5.376425743103027,0.04638778418302536,0.010752852074801922,4.313998170934558,0.010647418908774853,0.015514492988586426,0.009267693385481834,0.006919240579009056,0.010888250544667244,65.22536706924438,0.13043960571289062,0.056254544161632655,0.04257437586784363,0.0002921416818338912,0.0,0.061216216534376144,nan,nan,nan,nan
DE,smooth_sine,17,5.443892002105713,0.03555324673652649,0.010887783952057362,3.2654254431461536,0.006666201166808605,0.007283223792910576,0.007091650273650885,0.005271267145872116,0.007018662989139557,66.08760404586792,0.1321643385887146,0.062467330024391414,0.047117896378040314,0.0002899746831506491,0.0,0.0445844903588295,nan,nan,nan,nan
DE,smooth_sine,18,5.926553726196289,0.03598078340291977,0.011853108182549477,3.035556821787202,0.00711091561242938,0.004497860558331013,0.010102154687047005,0.004905750975012779,0.0089378971606493,65.88360667228699,0.13175635051727294,0.057791915401443836,0.041068121790885925,0.000297901244055538,0.0,0.042862437665462494,nan,nan,nan,nan
DE,smooth_sine,19,5.360002517700195,0.033149391412734985,0.010720005258917809,3.092292458080514,0.008042088709771633,0.013733992353081703,0.009355250746011734,0.007829109206795692,0.001250003813765943,65.59102296829224,0.1311722354888916,0.055527896117791534,0.038381610065698624,0.00030774780509527775,0.0,0.04325209558010101,nan,nan,nan,nan
DE,multi_frequency,0,5.690904140472412,0.05109918490052223,0.011381808668375015,4.489548751816936,0.008909611031413078,0.012827085331082344,0.00715366005897522,0.005147078074514866,0.01051061786711216,65.56592178344727,0.13112099409103395,0.05781290855742991,0.035203538835048676,0.0002821953528095037,0.0,0.05598489195108414,nan,nan,nan,nan
DE,multi_frequency,1,5.637563705444336,0.03797793760895729,0.011275127530097961,3.368293396910902,0.00759122846648097,0.012314270250499249,0.007981058210134506,0.004880664870142937,0.005188921000808477,65.92738175392151,0.13184291219711303,0.06267322165034711,0.045662831515073776,0.0003116902367037255,0.0,0.04503273218870163,nan,nan,nan,nan
DE,multi_frequency,2,5.206015586853027,0.03333106264472008,0.010412031784653664,3.2012063864275624,0.007496879901736975,0.008296679705381393,0.0068114809691905975,0.012241100892424583,0.0026382594369351864,65.60667395591736,0.13120264005661011,0.05249067219980061,0.03602827712893486,0.0002960651608125772,0.0,0.04696926102042198,nan,nan,nan,nan
DE,multi_frequency,3,4.925029754638672,0.02830386720597744,0.009850059635937214,2.873471659269237,0.009035325609147549,0.010754424147307873,0.004084999673068523,0.00796591117978096,0.01333596557378769,65.56059670448303,0.1311106243133545,0.04791925792135298,0.03201070427894592,0.000320171567669604,0.0,0.050353869795799255,nan,nan,nan,nan
DE,multi_frequency,4,5.311326026916504,0.055171385407447815,0.010622652247548103,5.193748615858374,0.008101463317871094,0.004377166740596294,0.010623144917190075,0.004850495140999556,0.012555046938359737,68.6506142616272,0.13729089117050172,0.0604036771569401,0.04124492034316063,0.0002920619416108821,0.0,0.05282895267009735,nan,nan,nan,nan
DE,multi_frequency,5,5.426436424255371,0.05829494446516037,0.010852872394025326,5.371383938620032,0.009749287739396095,0.010327542200684547,0.006803017109632492,0.010120902210474014,0.011745690368115902,67.89670920372009,0.13578240013122558,0.061870286716520784,0.04917934909462929,0.00032613666078541427,0.0,0.05056079477071762,nan,nan,nan,nan
DE,multi_frequency,6,5.782149314880371,0.03410196676850319,0.011564299464225769,2.9489003526757354,0.0076370625756680965,0.0035893861204385757,0.011028364300727844,0.008160306140780449,0.00777019327506423,66.71231412887573,0.13341478633880616,0.06479456231929362,0.046703923493623734,0.00030556603342993185,0.0,0.04694487154483795,nan,nan,nan,nan
DE,multi_frequency,7,5.9346513748168945,0.03207334876060486,0.011869302950799465,2.702209969157838,0.007853509858250618,0.006886647082865238,0.008047623559832573,0.01322347205132246,0.0032562976703047752,66.2070369720459,0.13240368366241456,0.06347752747274936,0.0465509295463562,0.00030862910240248313,0.0,0.04320072755217552,nan,nan,nan,nan
DE,multi_frequency,8,4.690561294555664,0.041280340403318405,0.009381122887134552,4.400362397973812,0.011087341234087944,0.010559430345892906,0.006116322707384825,0.015846386551856995,0.011827225796878338,65.44813275337219,0.13088445329666137,0.058344552606344226,0.02956831082701683,0.00030399736238177863,0.0,0.040843136608600616,nan,nan,nan,nan
DE,multi_frequency,9,5.124787330627441,0.02429182641208172,0.010249575600028038,2.370032415002165,0.00709522282704711,0.006005842238664627,0.007438939064741135,0.010041460394859314,0.004894648678600788,65.74403524398804,0.13147657108306884,0.0615998583085835,0.040312524884939194,0.0003081564827589318,0.0,0.045363444834947586,nan,nan,nan,nan
DE,multi_frequency,10,5.1307549476623535,0.03276646509766579,0.01026151143014431,3.193142191647394,0.0069998688995838165,0.006809163372963667,0.010172918438911438,0.008974866941571236,0.0020425263792276382,67.81725788116455,0.1356238226890564,0.060324987346678974,0.04278429597616196,0.00030322858387370693,0.0,0.04957260936498642,nan,nan,nan,nan
DE,multi_frequency,11,5.609949588775635,0.026601407676935196,0.011219900101423264,2.370913059516525,0.010147961787879467,0.009382976219058037,0.006701454520225525,0.00880612526088953,0.01570129208266735,65.93947505950928,0.1318669662475586,0.06778558415025472,0.04844570904970169,0.0003323970685625682,0.0,0.038600895553827286,nan,nan,nan,nan
DE,multi_frequency,12,6.438549995422363,0.04295014590024948,0.012877102009952068,3.335389116825778,0.010929415933787823,0.013372167944908142,0.010307149961590767,0.01398102194070816,0.006057325284928083,66.15693950653076,0.1323030128479004,0.061506004287675026,0.051284678280353546,0.0003046445726067759,0.0,0.052862219512462616,nan,nan,nan,nan
DE,multi_frequency,13,5.924822807312012,0.02698768489062786,0.011849646456539631,2.2775097121765846,0.009786238893866539,0.006884224712848663,0.013557369820773602,0.008120883256196976,0.010582475923001766,65.5443651676178,0.13107708501815796,0.059250443238019944,0.04164813458919525,0.00027846383979485834,0.0,0.029683399945497513,nan,nan,nan,nan
DE,multi_frequency,14,6.171205520629883,0.04093090817332268,0.01234241109341383,3.3162813864759593,0.008342718705534935,0.0037596102338284254,0.0052330526523292065,0.012795686721801758,0.011582526378333569,65.75038743019104,0.1314894118309021,0.0630852546941489,0.04696240648627281,0.00030328728642489293,0.0,0.04051787033677101,nan,nan,nan,nan
DE,multi_frequency,15,5.896782875061035,0.04511197656393051,0.011793565936386585,3.825134552794327,0.008941886946558952,0.009294159710407257,0.007195822428911924,0.002568227704614401,0.0167093388736248,66.0798647403717,0.1321493124961853,0.06113822198323905,0.046666309237480164,0.0003120612530154176,0.0,0.054574765264987946,nan,nan,nan,nan
DE,multi_frequency,16,5.064993858337402,0.047051865607500076,0.010129988193511963,4.644809520867534,0.008576578460633755,0.009917235001921654,0.01182557549327612,0.005313211586326361,0.0072502922266721725,66.0671648979187,0.13212316608428956,0.05634062149971723,0.032072462141513824,0.00031383950274630477,0.0,0.058601509779691696,nan,nan,nan,nan
DE,multi_frequency,17,5.299807071685791,0.0368848480284214,0.010599615052342415,3.4798290170236132,0.009691372513771057,0.0168004147708416,0.008826027624309063,0.006774777080863714,0.006364270579069853,65.15851950645447,0.13030646657943726,0.05711701655201614,0.04193776845932007,0.0003192422250547679,0.0,0.04500250518321991,nan,nan,nan,nan
DE,multi_frequency,18,5.007676124572754,0.03715959191322327,0.010015351697802544,3.7102633072163016,0.007560776546597481,0.006304468028247356,0.0059488615952432156,0.004663045518100262,0.013326732441782951,65.67486310005188,0.13133899116516112,0.04308258666396141,0.02633444033563137,0.0003186137284326833,0.0,0.04665420576930046,nan,nan,nan,nan
DE,multi_frequency,19,4.747097492218018,0.03247109800577164,0.009494195692241192,3.4200999282443205,0.010241102427244186,0.009532701224088669,0.006541643291711807,0.014055119827389717,0.010834946297109127,65.25555610656738,0.13049845123291015,0.04381457289084792,0.029941625893115997,0.0002963791481899534,0.0,0.046252284198999405,nan,nan,nan,nan
DE,slow_sine,0,6.024234771728516,0.052525844424963,0.012048469856381416,4.359544826112747,0.009526900947093964,0.007692511193454266,0.007590982597321272,0.01047024130821228,0.012353867292404175,67.37775826454163,0.13474333333969116,0.07039228605180979,0.05926431715488434,0.00022406383999041282,0.0,0.050290483981370926,nan,nan,nan,nan
DE,slow_sine,1,6.04332160949707,0.03781970217823982,0.01208664383739233,3.129049112975215,0.00804436206817627,0.01262282021343708,0.009109600447118282,0.0056748464703559875,0.004770183004438877,65.66060018539429,0.1313092656135559,0.07698957874849438,0.0670856386423111,0.00021897169139701873,0.0,0.03965555131435394,nan,nan,nan,nan
DE,slow_sine,2,5.5243120193481445,0.03470998629927635,0.011048623360693455,3.141566615689017,0.011686566285789013,0.010496079921722412,0.00969601422548294,0.011021467857062817,0.015532705932855606,65.29362726211548,0.13057587766647338,0.06879483087398112,0.05728255584836006,0.00021095764621859416,0.0,0.04991583526134491,nan,nan,nan,nan
DE,slow_sine,3,5.097908020019531,0.023702356964349747,0.010195816867053509,2.324713877604149,0.012848639860749245,0.01685011200606823,0.011318400502204895,0.014367304742336273,0.008858739398419857,61.30792188644409,0.12260740232467651,0.06747857900895178,0.053942352533340454,0.0002522771029791329,0.0,0.05489372834563255,nan,nan,nan,nan
DE,slow_sine,4,5.933362007141113,0.06591521948575974,0.011866724118590355,5.554626434981939,0.013569585047662258,0.017890511080622673,0.00998694822192192,0.011773485690355301,0.014627397060394287,60.95233678817749,0.1218964295387268,0.06614064422361553,0.0600217804312706,0.00021605148092785384,0.0,0.04990775138139725,nan,nan,nan,nan
DE,slow_sine,5,5.746715068817139,0.05345597118139267,0.011493430472910404,4.651002266676294,0.01457033958286047,0.016413507983088493,0.014808474108576775,0.010198458097875118,0.016860919073224068,60.90099334716797,0.12179284000396728,0.07474229596853256,0.06344333291053772,0.0002322390493878629,0.0,0.04670379310846329,nan,nan,nan,nan
DE,slow_sine,6,5.667910099029541,0.03374284505844116,0.011335819959640503,2.9766567551864385,0.014051894657313824,0.01215016096830368,0.012230606749653816,0.01818220131099224,0.013644609600305557,60.9153528213501,0.12182229995727539,0.06866660462245346,0.0631718635559082,0.00021544729889865267,0.0,0.043777793645858765,nan,nan,nan,nan
DE,slow_sine,7,6.097067356109619,0.030583644285798073,0.012194134294986725,2.5080619538831614,0.011176049709320068,0.01834806054830551,0.00824760366231203,0.005889504682272673,0.012219032272696495,60.86715531349182,0.12172568798065185,0.06490266522318125,0.05312974005937576,0.00021421565768541768,0.0,0.042064882814884186,nan,nan,nan,nan
DE,slow_sine,8,5.518070220947266,0.028425389900803566,0.011036140844225883,2.5756639301749895,0.012107862159609795,0.010530836880207062,0.0073139602318406105,0.015265574678778648,0.015321075916290283,60.95520234107971,0.12190156984329224,0.07290372821763158,0.06365557014942169,0.00023119575819000602,0.0,0.03990596532821655,nan,nan,nan,nan
DE,slow_sine,9,5.617759704589844,0.025104306638240814,0.011235520243644714,2.234369757149507,0.007233850657939911,0.006239127367734909,0.007105175405740738,0.0048837726935744286,0.010707326233386993,60.96419668197632,0.12192001819610596,0.07365126358196139,0.06429925560951233,0.0002241608100477606,0.0,0.05147651210427284,nan,nan,nan,nan
DE,slow_sine,10,5.297751426696777,0.03616736829280853,0.010595503263175488,3.4134639379054015,0.012077383697032928,0.01786443218588829,0.01165722869336605,0.011303221806883812,0.007484654895961285,60.96354150772095,0.12191854238510132,0.07342666703760624,0.06474936753511429,0.00022270823144353926,0.0,0.05396698787808418,nan,nan,nan,nan
DE,slow_sine,11,5.4853739738464355,0.02802504226565361,0.010970748029649258,2.5545242849360736,0.009297183714807034,0.007115629501640797,0.009334959089756012,0.010463419370353222,0.010274725034832954,60.92701482772827,0.12184579849243164,0.07433024969026446,0.064527228474617,0.00021136814069395768,0.0,0.0414079949259758,nan,nan,nan,nan
DE,slow_sine,12,5.57791805267334,0.04607975110411644,0.011155836284160614,4.130551034487826,0.015527678653597832,0.023052526637911797,0.013544993475079536,0.014199274592101574,0.011313920840620995,60.88880443572998,0.12176912546157836,0.06733220358416438,0.06271211057901382,0.00020543844772619196,0.0,0.05293040722608566,nan,nan,nan,nan
DE,slow_sine,13,6.12581729888916,0.021943766623735428,0.012251635082066059,1.7910888201246469,0.008301017805933952,0.005062056239694357,0.008071770891547203,0.004995203576982021,0.015075038187205791,60.83554220199585,0.12166268110275269,0.07510218723490834,0.06317468732595444,0.00022270025930774863,0.0,0.040839120745658875,nan,nan,nan,nan
DE,slow_sine,14,5.73582649230957,0.0438789427280426,0.01147165335714817,3.8249885489000532,0.01136813871562481,0.012346851639449596,0.011368962936103344,0.013891231268644333,0.007865507155656815,60.871010541915894,0.12173355722427368,0.07087030620649457,0.06430269777774811,0.00021278702567797153,0.0,0.04229678213596344,nan,nan,nan,nan
DE,slow_sine,15,5.382184028625488,0.04289836063981056,0.010764368809759617,3.9852183995141783,0.013413749635219574,0.016619717702269554,0.006491436623036861,0.009357957169413567,0.021185889840126038,60.881267070770264,0.12175374937057495,0.06907552176900209,0.055265553295612335,0.00023510514055378735,0.0,0.05320359021425247,nan,nan,nan,nan
DE,slow_sine,16,5.344647407531738,0.049707479774951935,0.010689294897019863,4.650211286509665,0.011111612431704998,0.011876014992594719,0.011215351521968842,0.009177185595035553,0.012177899479866028,60.86635899543762,0.12172385787963867,0.07131543808206915,0.06273685395717621,0.0002012680468382314,0.0,0.05610121041536331,nan,nan,nan,nan
DE,slow_sine,17,5.329560279846191,0.03192812576889992,0.01065912190824747,2.995380486660501,0.011195088736712933,0.012796192429959774,0.009153380990028381,0.006510794162750244,0.016319988295435905,60.94864821434021,0.12188885927200317,0.06514712604507804,0.0595167800784111,0.00020760239537339657,0.0,0.046399302780628204,nan,nan,nan,nan
DE,slow_sine,18,5.584433078765869,0.05033985897898674,0.01116886641830206,4.507159195359025,0.011247726157307625,0.008122552186250687,0.011148452758789062,0.011587083339691162,0.014132815413177013,60.93636965751648,0.12186440372467042,0.07123486276566983,0.06575874984264374,0.00022842214918346144,0.0,0.043249696493148804,nan,nan,nan,nan
DE,slow_sine,19,5.828243255615234,0.0405489057302475,0.011656487360596657,3.4786556597932035,0.013041017577052116,0.016965148970484734,0.011044091545045376,0.011575078591704369,0.012579752132296562,60.97793936729431,0.12194753313064575,0.06681377654261887,0.05428645759820938,0.00022780357157462276,0.0,0.03963327035307884,nan,nan,nan,nan
DE,aggressive_sine,0,4.333721160888672,0.05275551229715347,0.008667442947626114,6.086629311082161,0.004685313440859318,0.005068907514214516,0.00571219390258193,0.003519684076309204,0.004440467804670334,60.91975021362305,0.12183104801177978,0.041626550415344535,0.01900796964764595,0.00036163699375465515,0.0,0.055513929575681686,nan,nan,nan,nan
DE,aggressive_sine,1,4.7464776039123535,0.038162555545568466,0.009492956101894379,4.020091859263196,0.004161937162280083,0.004249332007020712,0.003277053590863943,0.003096841974183917,0.006024522241204977,60.86366844177246,0.12171843242645264,0.045225410579144955,0.028124496340751648,0.00037457377323298714,0.0,0.055513836443424225,nan,nan,nan,nan
DE,aggressive_sine,2,4.28187370300293,0.03562626987695694,0.008563747629523277,4.160126082433394,0.003892740234732628,0.001260167919099331,0.0074347639456391335,0.005465012043714523,0.0014110173797234893,60.957369565963745,0.12190547275543213,0.046682193661108616,0.021694650873541832,0.000390138173601008,0.0,0.041615091264247894,nan,nan,nan,nan
DE,aggressive_sine,3,4.708986759185791,0.028800802305340767,0.009417974390089512,3.0580675963238666,0.003745646681636572,0.0011728552635759115,0.00753199215978384,0.00498476205393672,0.0012929781805723906,60.90961265563965,0.12181067752838134,0.04529754827413708,0.027166005223989487,0.0003556509594811359,0.0,0.04830063134431839,nan,nan,nan,nan
DE,aggressive_sine,4,4.826043128967285,0.05285540968179703,0.009652086533606052,5.476060486794047,0.005530303344130516,0.0020299050956964493,0.0033818702213466167,0.009942678734660149,0.006766759790480137,60.83382534980774,0.12165911054611206,0.04379176097195595,0.02365020290017128,0.0003978960277599981,0.0,0.056122198700904846,nan,nan,nan,nan
DE,aggressive_sine,5,4.9691057205200195,0.05593672767281532,0.009938212111592293,5.628449769910695,0.003990138880908489,0.0022098079789429903,0.003952479921281338,0.00542569812387228,0.004372568801045418,60.8098578453064,0.1216111717224121,0.04674219573251903,0.025552898645401,0.00035545420149574056,0.0,0.05160370096564293,nan,nan,nan,nan
DE,aggressive_sine,6,4.158020973205566,0.03418845683336258,0.00831604190170765,4.111145330610008,0.0037478525191545486,0.0044538713991642,0.007512928918004036,0.0021019945852458477,0.0009226155234500766,60.82798719406128,0.12164639329910279,0.03335479349885136,0.011398137547075748,0.0003713471718787332,0.0,0.05373247712850571,nan,nan,nan,nan
DE,aggressive_sine,7,4.532123565673828,0.03330828249454498,0.009064247831702232,3.674687973341723,0.007559520658105612,0.0109341349452734,0.0073851714842021465,0.0025647468864917755,0.009354028850793839,60.838298320770264,0.12166742706298828,0.034441897961124776,0.017304586246609688,0.00036109245679108426,0.0,0.043297179043293,nan,nan,nan,nan
DE,aggressive_sine,8,4.828007698059082,0.04351924732327461,0.009656015783548355,4.506956937396629,0.00818776898086071,0.006625614129006863,0.004941223189234734,0.006439730525016785,0.014744505286216736,60.8524227142334,0.12169690084457398,0.04494247720018029,0.02628348395228386,0.00036639944134512917,0.0,0.04212469607591629,nan,nan,nan,nan
DE,aggressive_sine,9,4.550255298614502,0.023877179250121117,0.00910050980746746,2.6237188635881257,0.004283045884221792,0.0036315731704235077,0.004433716647326946,0.0008318668114952743,0.008235028013586998,60.868088245391846,0.12172707796096802,0.04713810560964048,0.025472933426499367,0.00037863394761516246,0.0,0.04392899200320244,nan,nan,nan,nan
DE,aggressive_sine,10,4.406721115112305,0.03753094747662544,0.008813443593680859,4.258374956133459,0.0037292218767106533,0.003750694915652275,0.0029687932692468166,0.005760823842138052,0.0024365743156522512,60.84968137741089,0.12169008159637451,0.04306432592924684,0.02127763070166111,0.00035362364372849695,0.0,0.042694710195064545,nan,nan,nan,nan
DE,aggressive_sine,11,4.3471527099609375,0.026404831558465958,0.008694306015968323,3.037025785608391,0.00490922387689352,0.005890113301575184,0.00567235192283988,0.004522475879639387,0.003551953239366412,60.79904842376709,0.12158955430984497,0.04393774054013193,0.019579483196139336,0.00037918653123197144,0.0,0.05145101249217987,nan,nan,nan,nan
DE,aggressive_sine,12,4.489029407501221,0.04780161753296852,0.008978059515357018,5.32427051204145,0.005466603673994541,0.006569177843630314,0.006088694091886282,0.0068269758485257626,0.0023815655149519444,60.886643409729004,0.12176411151885987,0.04370592727083713,0.022501949220895767,0.0003938518701150315,0.0,0.046871960163116455,nan,nan,nan,nan
DE,aggressive_sine,13,4.76284646987915,0.030155381187796593,0.009525693953037262,3.1656886455166418,0.005225067026913166,0.00379561772570014,0.003923074807971716,0.007247356232255697,0.005934218876063824,60.951080322265625,0.12189395999908448,0.05248069959245622,0.03126712143421173,0.0003841004231697298,0.0,0.03807736560702324,nan,nan,nan,nan
DE,aggressive_sine,14,4.662413120269775,0.04182986542582512,0.009324826300144196,4.485860012768096,0.007023768499493599,0.006659998558461666,0.006193513981997967,0.0029179099947214127,0.0123236533254385,61.23696804046631,0.12246507215499879,0.0398293727170676,0.023236315697431564,0.0003476155123236822,0.0,0.047978345304727554,nan,nan,nan,nan
DE,aggressive_sine,15,4.490243911743164,0.03928017616271973,0.008980488404631615,4.373946537524763,0.004514879547059536,0.002932285889983177,0.004935913719236851,0.007649132050573826,0.0025421869941055775,60.92934060096741,0.12185030364990235,0.04152186996657401,0.023472018539905548,0.00036189271553303115,0.0,0.046221356838941574,nan,nan,nan,nan
DE,aggressive_sine,16,4.816320896148682,0.04903044179081917,0.00963264238089323,5.090030321075057,0.005759324412792921,0.01233471930027008,0.0033597927540540695,0.002328655682504177,0.005014130380004644,60.85451674461365,0.1216997652053833,0.04319316243994981,0.02605365961790085,0.0003855764129955787,0.0,0.06253454089164734,nan,nan,nan,nan
DE,aggressive_sine,17,4.7569732666015625,0.03920245170593262,0.009513948112726212,4.120524018151198,0.002742582466453314,0.0029725912027060986,0.0029733567498624325,0.003908099606633186,0.0011162819573655725,60.73292779922485,0.12145713806152343,0.04806451151072979,0.02528674155473709,0.0003817248807114083,0.0,0.04495624080300331,nan,nan,nan,nan
DE,aggressive_sine,18,4.969351291656494,0.03900307044386864,0.009938702918589115,3.9243622395552458,0.004206940531730652,0.0017577828839421272,0.0037739076651632786,0.006910053081810474,0.004386019892990589,60.843214988708496,0.12167754030227661,0.04467365034520626,0.030487217009067535,0.00035715781377039095,0.0,0.049019113183021545,nan,nan,nan,nan
DE,aggressive_sine,19,4.63640022277832,0.038089677691459656,0.009272800758481026,4.107677786198774,0.00722506083548069,0.01564702019095421,0.007206946611404419,0.004113200586289167,0.0019330782815814018,60.781731843948364,0.1215548973083496,0.04104663664214313,0.023390967398881912,0.0003574854855716694,0.0,0.05259593576192856,nan,nan,nan,nan
DE,random_smooth,0,5.401806831359863,0.02123754657804966,0.010803612880408764,1.9657818928852733,0.008316494524478912,0.005591661669313908,0.012793689034879208,0.008757881820201874,0.006122744642198086,61.05944633483887,0.12211145305633544,0.05649490521661937,0.04323621094226837,0.00030603293202584607,0.0,0.05286191403865814,nan,nan,nan,nan
DE,random_smooth,1,4.422633171081543,0.05382566526532173,0.00884526688605547,6.0852505592768145,0.005290276370942593,0.005759538616985083,0.007819694466888905,0.0048963758163154125,0.0026854954194277525,60.948397397994995,0.1218893699645996,0.03954206431377679,0.019208326935768127,0.0003043617984978482,0.0,0.045298438519239426,nan,nan,nan,nan
DE,random_smooth,2,4.7917280197143555,0.036689333617687225,0.009583456441760063,3.8284030235492983,0.005009317770600319,0.011550374329090118,0.002725663362070918,0.004054181277751923,0.001707051764242351,60.92847204208374,0.12184935235977173,0.04372318539973349,0.03032369539141655,0.0002680767316138372,0.0,0.050180964171886444,nan,nan,nan,nan
DE,random_smooth,3,5.4084014892578125,0.025881128385663033,0.010816803202033043,2.392678123310833,0.007436315529048443,0.0067262202501297,0.0075000254437327385,0.009238317608833313,0.00628069881349802,60.92119097709656,0.12183454608917237,0.05209606942944229,0.03868408501148224,0.00027585220561013557,0.0,0.03994029760360718,nan,nan,nan,nan
DE,random_smooth,4,5.195467472076416,0.03023866005241871,0.010390935465693474,2.91009988005932,0.007452654652297497,0.014486591331660748,0.006482334341853857,0.0020276650320738554,0.006814028136432171,60.922072649002075,0.12183636426925659,0.05902246925607323,0.040006205439567566,0.0002735296678380109,0.0,0.04855075478553772,nan,nan,nan,nan
DE,random_smooth,5,4.953668594360352,0.03166684880852699,0.009907337836921215,3.1963025113078936,0.0049445051699876785,0.00838511623442173,0.004648058675229549,0.003047318197786808,0.0036975275725126266,60.79338097572327,0.121578941822052,0.05118813499957323,0.03255445137619972,0.00029010478662094103,0.0,0.04414999485015869,nan,nan,nan,nan
DE,random_smooth,6,5.279412269592285,0.036948174238204956,0.010558824986219406,3.4992695007661334,0.00391324982047081,0.0046974048018455505,0.004160807467997074,0.0038909846916794777,0.00290380185469985,60.88469338417053,0.12176184797286987,0.05464821999557316,0.03921845555305481,0.00025266696272883564,0.0,0.04788962006568909,nan,nan,nan,nan
DE,random_smooth,7,5.3397016525268555,0.03273564204573631,0.010679404251277447,3.065306011037137,0.006570808589458466,0.006865702103823423,0.007495639845728874,0.0049898140132427216,0.006932077929377556,60.77312397956848,0.12153868532180787,0.05334348036721349,0.03790782019495964,0.00025852368343621493,0.0,0.046695005148649216,nan,nan,nan,nan
DE,random_smooth,8,5.602569580078125,0.0418514683842659,0.011205139569938183,3.7350242826557483,0.004769054241478443,0.0036631773691624403,0.005709471181035042,0.004561374895274639,0.005142192356288433,60.86971187591553,0.12173162031173707,0.05702827785499394,0.04279334843158722,0.00025092413179809227,0.0,0.056485239416360855,nan,nan,nan,nan
DE,random_smooth,9,4.863547325134277,0.01791973225772381,0.009727095253765583,1.8422490774711666,0.005967039614915848,0.004789399914443493,0.008828534744679928,0.004277946427464485,0.005972277373075485,60.80070447921753,0.12159346866607666,0.04916230571586638,0.02679894119501114,0.0003061181725555798,0.0,0.050965193659067154,nan,nan,nan,nan
DE,random_smooth,10,5.254727840423584,0.02503741718828678,0.01050945557653904,2.3823705239479276,0.008302864618599415,0.014548743143677711,0.005330266430974007,0.004097985103726387,0.009234463796019554,60.92048192024231,0.12183314847946167,0.053439496505633,0.042691536247730255,0.0002787037966889329,0.0,0.04040353745222092,nan,nan,nan,nan
DE,random_smooth,11,5.079185485839844,0.032953545451164246,0.010158371180295944,3.2439792626483066,0.00625611562281847,0.008521138690412045,0.008767975494265556,0.003552068490535021,0.004183279816061258,60.819846630096436,0.12163176727294922,0.05190727041102946,0.03303852304816246,0.00027842144176829604,0.0,0.04737706482410431,nan,nan,nan,nan
DE,random_smooth,12,5.15509033203125,0.03470304235816002,0.01031018141657114,3.3659002646047735,0.007627233397215605,0.008976892568171024,0.007376815192401409,0.010732191614806652,0.0034230356104671955,60.81374263763428,0.1216198205947876,0.05271929801516235,0.0418902188539505,0.0002708733279490843,0.0,0.04250526800751686,nan,nan,nan,nan
DE,random_smooth,13,4.983039855957031,0.05225708335638046,0.009966079145669937,5.243494717687961,0.006023069377988577,0.005094404332339764,0.007663387339562178,0.007414734922349453,0.003919749986380339,60.99669408798218,0.12198518562316894,0.04771361783519387,0.034072913229465485,0.00029637084205860444,0.0,0.05340947210788727,nan,nan,nan,nan
DE,random_smooth,14,5.995144844055176,0.05812936648726463,0.011990289203822613,4.848037065589082,0.008823215961456299,0.009191067889332771,0.008892949670553207,0.0064904959872365,0.010718348436057568,60.88107919692993,0.12175432348251343,0.05539141623787582,0.046449679881334305,0.00030002489736070855,0.0,0.0441017672419548,nan,nan,nan,nan
DE,random_smooth,15,5.341734409332275,0.06590894609689713,0.010683469474315643,6.169245511053336,0.008153997361660004,0.0027889814227819443,0.005348933394998312,0.012536510825157166,0.011941563338041306,60.75460481643677,0.121501229763031,0.055384795120730995,0.043987903743982315,0.0002711950598459225,0.0,0.04398178309202194,nan,nan,nan,nan
DE,random_smooth,16,5.010516166687012,0.02406804822385311,0.010021032765507698,2.4017532710495777,0.006763463374227285,0.006706319749355316,0.011500410735607147,0.004479245748370886,0.004367876797914505,60.813079595565796,0.12161821174621582,0.05337139973007143,0.03662128746509552,0.0002711241051023535,0.0,0.046473294496536255,nan,nan,nan,nan
DE,random_smooth,17,5.157537937164307,0.04496113210916519,0.01031507644802332,4.358778370254455,0.004111435264348984,0.0028146689292043447,0.006764510180801153,0.005489896051585674,0.0013766668271273375,60.737051010131836,0.12146645593643189,0.05004442122168839,0.037000738084316254,0.0002810482363915071,0.0,0.04408123344182968,nan,nan,nan,nan
DE,random_smooth,18,5.2811174392700195,0.025870779529213905,0.010562235489487648,2.449365908851635,0.0040784794837236404,0.0029124091379344463,0.00492396205663681,0.0035800503101199865,0.004897496197372675,60.7638635635376,0.1215198221206665,0.057170734456181524,0.04297590255737305,0.0002825098817183351,0.0,0.05402395874261856,nan,nan,nan,nan
DE,random_smooth,19,5.177831172943115,0.06320739537477493,0.010355662554502487,6.103655371359441,0.007602720521390438,0.014657873660326004,0.0058006830513477325,0.00621418422088027,0.0037381420843303204,60.659427642822266,0.12131104707717895,0.05018401643782854,0.04269993305206299,0.00026090973661048336,0.0,0.050614017993211746,nan,nan,nan,nan
